id,nombre,correo,telefono,tipo_documento,numero_documento,estado
,Carlos Gomez,carlosgomez@yahoo.com,3011392675,CE,47889541,SUSPENDIDO
38595.0,Sofia Torres,anamartinez@hotmail.com,3109296289,CC,,SUSPENDIDO
,Carlos Gomez,anamartinez@yahoo.com,3009373062,CE,15576809,INACTIVO
45806.0,Ana Martinez,anamartinez@gmail.com,3105503962,TI,,SUSPENDIDO
38666.0,Carlos Gomez,anamartinez@gmail.com,3101068345,CC,14988146,desconocido
,Carlos Gomez,carlosgomez@gmail.com,3009896211,TI,36844745,INACTIVO
84204.0,Ana Martinez,,3111884118,CC,28467270,INACTIVO
,Carlos Gomez,juanperez@yahoo.com,3021262241,CC,23724931,INACTIVO
,Juan Perez,carlosgomez@yahoo.com,3023899845,CE,69954428,ACTIVO
28666.0,Carlos Gomez,juanperez@yahoo.com,abc123,CC,79469061,SUSPENDIDO
75563.0,Ana Martinez,,3018754862,TI,72039665,SUSPENDIDO
9844.0,Juan Perez,carlosgomez@yahoo.com,abc123,CC,54216919,INACTIVO
,Luis Rojas,marialopez@hotmail.com,3006132398,CC,64176139,INACTIVO
983.0,Carlos Gomez,anamartinez@gmail.com,abc123,CC,11747258,INACTIVO
9025.0,Sofia Torres,marialopez@hotmail.com,3112954231,TI,,ACTIVO
30873.0,Sofia Torres,juanperez@gmail.com,3025565733,CE,18478734,desconocido
28024.0,Luis Rojas,juanperez@hotmail.com,3028196917,TI,41264893,desconocido
35227.0,Sofia Torres,anamartinez@hotmail.com,3117219435,CE,,ACTIVO
67577.0,Maria Lopez,sofiatorres@yahoo.com,3008385821,CE,,INACTIVO
84432.0,Carlos Gomez,anamartinez@yahoo.com,3117825456,CC,,INACTIVO
29339.0,Luis Rojas,,3015993789,CC,34214973,ACTIVO
,Juan Perez,luisrojas@hotmail.com,3001603117,TI,54503706,INACTIVO
30597.0,Maria Lopez,carlosgomez@hotmail.com,3114945536,CE,30608306,INACTIVO
45346.0,Luis Rojas,carlosgomez@hotmail.com,abc123,TI,95816903,SUSPENDIDO
,Juan Perez,marialopez@gmail.com,3011140807,TI,49484440,SUSPENDIDO
26111.0,Ana Martinez,marialopez@yahoo.com,3116335814,CC,,ACTIVO
59843.0,Juan Perez,,3112764658,CE,62295082,INACTIVO
16845.0,Sofia Torres,carlosgomez@gmail.com,abc123,CC,97921167,ACTIVO
,Ana Martinez,sofiatorres@gmail.com,3014536725,CC,32560226,ACTIVO
15286.0,Ana Martinez,sofiatorres@yahoo.com,3019483655,CE,36037406,desconocido
24118.0,Maria Lopez,,3015047730,CC,55694997,INACTIVO
,Juan Perez,marialopez@hotmail.com,3119487463,TI,96081353,SUSPENDIDO
,Maria Lopez,sofiatorres@yahoo.com,3109923042,CE,89899652,SUSPENDIDO
37902.0,Luis Rojas,sofiatorres@hotmail.com,abc123,CE,17216083,INACTIVO
73628.0,Sofia Torres,marialopez@yahoo.com,abc123,TI,40699194,SUSPENDIDO
12467.0,Sofia Torres,sofiatorres@hotmail.com,3108294275,TI,,ACTIVO
48448.0,Luis Rojas,sofiatorres@yahoo.com,3003536038,CE,84512822,SUSPENDIDO
59507.0,Carlos Gomez,marialopez@gmail.com,3001214848,TI,70939457,ACTIVO
88463.0,Maria Lopez,,3029499313,CC,20857102,SUSPENDIDO
17926.0,Ana Martinez,,3027757707,CE,34445291,ACTIVO
76988.0,Sofia Torres,juanperez@gmail.com,3026466631,CE,,ACTIVO
,Ana Martinez,juanperez@gmail.com,3024474676,CC,43683693,INACTIVO
60497.0,Sofia Torres,carlosgomez@yahoo.com,abc123,CC,18726500,ACTIVO
15290.0,Luis Rojas,luisrojas@gmail.com,3112352866,TI,75019483,desconocido
25594.0,Juan Perez,juanperez@hotmail.com,abc123,TI,61119122,SUSPENDIDO
86229.0,Carlos Gomez,anamartinez@yahoo.com,abc123,CE,64483435,ACTIVO
85427.0,Ana Martinez,anamartinez@gmail.com,3113633804,CE,,INACTIVO
99609.0,Juan Perez,,3026143095,CC,81412446,SUSPENDIDO
70340.0,Juan Perez,,3004308091,TI,59724709,ACTIVO
18693.0,Maria Lopez,marialopez@yahoo.com,3118361523,TI,40478345,desconocido
77953.0,Luis Rojas,sofiatorres@yahoo.com,abc123,CE,19372778,ACTIVO
27591.0,Ana Martinez,juanperez@hotmail.com,3004121342,CE,17463476,SUSPENDIDO
,Carlos Gomez,luisrojas@hotmail.com,3008908608,CC,57564535,ACTIVO
,Juan Perez,sofiatorres@gmail.com,3019933940,CC,77958536,INACTIVO
75247.0,Juan Perez,anamartinez@hotmail.com,3029039157,CE,18490848,INACTIVO
6959.0,Carlos Gomez,,3023587015,CE,98107706,INACTIVO
,Juan Perez,carlosgomez@hotmail.com,3028087390,CC,33846385,SUSPENDIDO
46783.0,Carlos Gomez,sofiatorres@gmail.com,3022841715,CC,,SUSPENDIDO
31757.0,Luis Rojas,juanperez@hotmail.com,abc123,CC,94159458,ACTIVO
,Maria Lopez,marialopez@hotmail.com,3016902584,TI,81888560,ACTIVO
61417.0,Luis Rojas,carlosgomez@gmail.com,3107470118,CC,64545724,ACTIVO
,Luis Rojas,anamartinez@yahoo.com,3019264132,CE,90982201,SUSPENDIDO
,Luis Rojas,luisrojas@gmail.com,3006266513,TI,79669452,SUSPENDIDO
94677.0,Maria Lopez,marialopez@hotmail.com,abc123,CC,51543556,ACTIVO
26289.0,Sofia Torres,sofiatorres@hotmail.com,3006034067,TI,,INACTIVO
11518.0,Luis Rojas,marialopez@yahoo.com,abc123,TI,31054128,SUSPENDIDO
81665.0,Juan Perez,sofiatorres@yahoo.com,3119894389,CC,,ACTIVO
95723.0,Ana Martinez,juanperez@yahoo.com,abc123,CC,51614879,SUSPENDIDO
19510.0,Carlos Gomez,,3024493560,CC,57303267,ACTIVO
78670.0,Ana Martinez,carlosgomez@hotmail.com,abc123,TI,98281143,ACTIVO
58839.0,Juan Perez,anamartinez@gmail.com,3011035012,CC,55555849,ACTIVO
57085.0,Juan Perez,marialopez@gmail.com,abc123,TI,29546976,SUSPENDIDO
,Carlos Gomez,sofiatorres@hotmail.com,3003749306,TI,62979498,ACTIVO
83397.0,Juan Perez,anamartinez@yahoo.com,abc123,CC,74361943,INACTIVO
85667.0,Juan Perez,juanperez@hotmail.com,3111549396,CE,,SUSPENDIDO
40135.0,Ana Martinez,juanperez@gmail.com,3119392309,CE,,ACTIVO
14555.0,Sofia Torres,sofiatorres@yahoo.com,abc123,TI,80379995,SUSPENDIDO
58247.0,Carlos Gomez,juanperez@gmail.com,3118072834,TI,43562651,SUSPENDIDO
8042.0,Luis Rojas,juanperez@hotmail.com,3022786640,CE,,SUSPENDIDO
53486.0,Maria Lopez,sofiatorres@yahoo.com,3005081189,CC,,INACTIVO
59477.0,Carlos Gomez,luisrojas@gmail.com,3008951890,CC,14645286,INACTIVO
8928.0,Juan Perez,carlosgomez@yahoo.com,abc123,TI,14353060,SUSPENDIDO
68712.0,Maria Lopez,anamartinez@gmail.com,3007129547,CE,,ACTIVO
37606.0,Luis Rojas,,3013589517,TI,49371577,SUSPENDIDO
22773.0,Juan Perez,carlosgomez@hotmail.com,abc123,CE,54106376,ACTIVO
90989.0,Juan Perez,carlosgomez@yahoo.com,3104975992,CC,,ACTIVO
99592.0,Maria Lopez,marialopez@yahoo.com,3025135256,CE,91515210,SUSPENDIDO
30168.0,Luis Rojas,,3001906821,CC,40714574,SUSPENDIDO
42228.0,Maria Lopez,,3014871168,CE,29925635,ACTIVO
66673.0,Sofia Torres,marialopez@hotmail.com,3009762931,TI,,INACTIVO
90871.0,Maria Lopez,marialopez@gmail.com,3002457195,CE,22576140,SUSPENDIDO
80364.0,Luis Rojas,juanperez@hotmail.com,abc123,CE,21783046,INACTIVO
,Ana Martinez,marialopez@yahoo.com,3016868389,CC,25494325,ACTIVO
23615.0,Juan Perez,,3028158712,TI,57760879,ACTIVO
58085.0,Juan Perez,carlosgomez@gmail.com,3118417009,TI,,ACTIVO
13676.0,Sofia Torres,marialopez@hotmail.com,3014856203,CE,,SUSPENDIDO
,Luis Rojas,marialopez@yahoo.com,3025327065,TI,34116703,ACTIVO
19037.0,Ana Martinez,,3012742687,TI,41065461,ACTIVO
20583.0,Sofia Torres,marialopez@hotmail.com,3013349220,CC,59711880,desconocido
38374.0,Juan Perez,marialopez@yahoo.com,abc123,TI,18684020,ACTIVO
18837.0,Carlos Gomez,luisrojas@hotmail.com,3115653206,TI,25037062,desconocido
,Carlos Gomez,marialopez@yahoo.com,3102695808,CE,69403900,SUSPENDIDO
,Carlos Gomez,luisrojas@gmail.com,3025697422,CE,87512542,INACTIVO
,Ana Martinez,anamartinez@hotmail.com,3108885111,CC,42543012,INACTIVO
1859.0,Luis Rojas,,3009830825,CE,42487885,INACTIVO
,Juan Perez,sofiatorres@gmail.com,3028671526,CC,33206019,SUSPENDIDO
40208.0,Carlos Gomez,carlosgomez@gmail.com,abc123,CE,88187099,SUSPENDIDO
77830.0,Luis Rojas,sofiatorres@yahoo.com,abc123,TI,10180490,ACTIVO
76912.0,Ana Martinez,,3117575551,CC,25177273,SUSPENDIDO
46790.0,Juan Perez,anamartinez@gmail.com,3029192772,CE,31035131,SUSPENDIDO
,Sofia Torres,sofiatorres@hotmail.com,3105427100,CE,89077267,SUSPENDIDO
97540.0,Ana Martinez,,3119885381,TI,44888353,SUSPENDIDO
48958.0,Ana Martinez,marialopez@yahoo.com,3102881270,TI,40753714,INACTIVO
,Maria Lopez,juanperez@gmail.com,3004015136,CE,42978744,ACTIVO
,Juan Perez,sofiatorres@hotmail.com,3005360444,CE,29167616,SUSPENDIDO
86096.0,Juan Perez,sofiatorres@hotmail.com,3103396371,CC,,SUSPENDIDO
69666.0,Sofia Torres,luisrojas@gmail.com,3029192415,CC,37372053,ACTIVO
,Ana Martinez,sofiatorres@yahoo.com,3005841220,CC,90774624,ACTIVO
61341.0,Ana Martinez,anamartinez@yahoo.com,3117882591,TI,,INACTIVO
75814.0,Sofia Torres,marialopez@hotmail.com,abc123,CE,68505489,ACTIVO
31407.0,Juan Perez,marialopez@hotmail.com,3108262326,CC,33735430,desconocido
88528.0,Maria Lopez,luisrojas@yahoo.com,3001713683,TI,67039279,desconocido
80537.0,Luis Rojas,juanperez@gmail.com,abc123,TI,72910242,INACTIVO
7501.0,Sofia Torres,,3119155005,TI,18227577,INACTIVO
86084.0,Carlos Gomez,luisrojas@gmail.com,3018933516,CC,19034464,INACTIVO
76189.0,Carlos Gomez,luisrojas@yahoo.com,abc123,TI,80865935,SUSPENDIDO
67982.0,Ana Martinez,juanperez@hotmail.com,abc123,CC,80906595,SUSPENDIDO
57342.0,Juan Perez,marialopez@yahoo.com,3008128966,TI,93193853,desconocido
36229.0,Carlos Gomez,,3104355188,CC,33527390,ACTIVO
76770.0,Luis Rojas,,3002376872,CC,76704985,ACTIVO
,Ana Martinez,sofiatorres@yahoo.com,3018789089,CE,55554181,INACTIVO
77102.0,Maria Lopez,carlosgomez@gmail.com,3028216682,CC,62264878,INACTIVO
972.0,Ana Martinez,marialopez@hotmail.com,3001420603,CE,47548393,ACTIVO
27023.0,Juan Perez,,3113560465,TI,23011968,ACTIVO
46855.0,Maria Lopez,juanperez@hotmail.com,3113288780,CC,,SUSPENDIDO
30125.0,Carlos Gomez,juanperez@gmail.com,abc123,CE,50540014,SUSPENDIDO
22021.0,Ana Martinez,,3022311463,CE,79527267,INACTIVO
63370.0,Sofia Torres,juanperez@gmail.com,3104026741,TI,16184531,desconocido
25776.0,Maria Lopez,anamartinez@gmail.com,3017686812,TI,19022743,desconocido
39988.0,Sofia Torres,,3008427051,TI,13912379,SUSPENDIDO
69603.0,Sofia Torres,carlosgomez@gmail.com,3002565327,CC,72366724,desconocido
84366.0,Juan Perez,luisrojas@gmail.com,3025387076,TI,,INACTIVO
,Carlos Gomez,sofiatorres@yahoo.com,3114486608,TI,40023649,INACTIVO
81343.0,Sofia Torres,sofiatorres@hotmail.com,3019202581,TI,,SUSPENDIDO
1472.0,Sofia Torres,,3118480131,CC,71296581,SUSPENDIDO
,Luis Rojas,sofiatorres@gmail.com,3024566287,CE,48823239,INACTIVO
70146.0,Sofia Torres,sofiatorres@gmail.com,3018999024,CC,39196365,desconocido
63.0,Juan Perez,sofiatorres@gmail.com,abc123,CC,57207275,SUSPENDIDO
39337.0,Carlos Gomez,marialopez@hotmail.com,3016167810,TI,79147557,desconocido
2779.0,Ana Martinez,juanperez@yahoo.com,abc123,CE,28704883,ACTIVO
35630.0,Maria Lopez,juanperez@gmail.com,3021536759,TI,,ACTIVO
,Carlos Gomez,luisrojas@gmail.com,3007885966,CC,43616977,INACTIVO
98771.0,Sofia Torres,carlosgomez@gmail.com,abc123,CE,82393768,INACTIVO
2970.0,Ana Martinez,anamartinez@hotmail.com,3029400949,CC,27180887,ACTIVO
93091.0,Ana Martinez,,3001464940,TI,61076524,SUSPENDIDO
29087.0,Ana Martinez,carlosgomez@yahoo.com,abc123,CE,70406221,INACTIVO
65699.0,Maria Lopez,marialopez@hotmail.com,3001505594,CC,11842246,desconocido
77478.0,Maria Lopez,marialopez@yahoo.com,abc123,TI,17650295,SUSPENDIDO
30907.0,Maria Lopez,carlosgomez@gmail.com,3109104265,TI,,SUSPENDIDO
3196.0,Juan Perez,carlosgomez@hotmail.com,abc123,CE,27151642,SUSPENDIDO
,Carlos Gomez,carlosgomez@hotmail.com,3115324864,CC,99370045,INACTIVO
80452.0,Sofia Torres,marialopez@gmail.com,3019541566,CE,61076922,desconocido
,Carlos Gomez,carlosgomez@yahoo.com,3115428932,TI,71901368,INACTIVO
21595.0,Juan Perez,marialopez@hotmail.com,abc123,CE,53570891,SUSPENDIDO
76479.0,Maria Lopez,juanperez@hotmail.com,abc123,CC,81219192,INACTIVO
35424.0,Luis Rojas,marialopez@gmail.com,3104259318,CE,,ACTIVO
28255.0,Maria Lopez,,3115596875,CC,26250851,ACTIVO
62999.0,Luis Rojas,carlosgomez@yahoo.com,3026438834,CC,51152817,ACTIVO
64144.0,Carlos Gomez,marialopez@yahoo.com,3004423665,CE,56109059,ACTIVO
61111.0,Juan Perez,luisrojas@hotmail.com,3008431875,CC,48508220,INACTIVO
64229.0,Luis Rojas,anamartinez@yahoo.com,3023082390,CE,,INACTIVO
,Maria Lopez,juanperez@yahoo.com,3105789411,CE,49897330,SUSPENDIDO
35147.0,Maria Lopez,anamartinez@gmail.com,abc123,CC,96655790,INACTIVO
34744.0,Juan Perez,carlosgomez@yahoo.com,abc123,CC,69272665,SUSPENDIDO
88838.0,Sofia Torres,anamartinez@hotmail.com,abc123,CC,24948443,SUSPENDIDO
46708.0,Maria Lopez,luisrojas@hotmail.com,3009886978,TI,33985105,INACTIVO
52953.0,Juan Perez,luisrojas@yahoo.com,3026714352,CC,,SUSPENDIDO
98366.0,Sofia Torres,,3105751625,CE,96615608,INACTIVO
94534.0,Carlos Gomez,,3104106761,CC,92573611,INACTIVO
21843.0,Juan Perez,anamartinez@gmail.com,3102058412,CE,,INACTIVO
68701.0,Juan Perez,,3013067700,TI,28097804,INACTIVO
66053.0,Maria Lopez,,3114219570,TI,77949486,INACTIVO
31977.0,Ana Martinez,juanperez@hotmail.com,3109557474,CC,69760777,desconocido
45484.0,Sofia Torres,marialopez@gmail.com,3027182986,CC,,SUSPENDIDO
32059.0,Carlos Gomez,carlosgomez@hotmail.com,abc123,CC,91546732,ACTIVO
,Maria Lopez,juanperez@hotmail.com,3009180602,TI,71112705,SUSPENDIDO
40599.0,Carlos Gomez,juanperez@yahoo.com,3029992306,CE,36411615,INACTIVO
49908.0,Carlos Gomez,juanperez@yahoo.com,abc123,CE,48404083,INACTIVO
64329.0,Luis Rojas,juanperez@gmail.com,3108757487,CC,,SUSPENDIDO
23571.0,Maria Lopez,carlosgomez@hotmail.com,abc123,TI,68939050,SUSPENDIDO
40763.0,Sofia Torres,sofiatorres@yahoo.com,abc123,TI,56314330,SUSPENDIDO
63694.0,Carlos Gomez,sofiatorres@hotmail.com,3108663840,TI,,SUSPENDIDO
14442.0,Maria Lopez,sofiatorres@gmail.com,3104973270,CE,53824821,desconocido
76332.0,Carlos Gomez,marialopez@yahoo.com,3105995955,CC,14998037,desconocido
66619.0,Maria Lopez,sofiatorres@hotmail.com,abc123,CE,67312384,ACTIVO
,Juan Perez,anamartinez@gmail.com,3022942231,TI,97540668,INACTIVO
25150.0,Ana Martinez,,3028904727,TI,99095594,SUSPENDIDO
97102.0,Juan Perez,marialopez@gmail.com,3108171990,TI,,ACTIVO
32552.0,Carlos Gomez,luisrojas@yahoo.com,3013357346,CE,37340254,SUSPENDIDO
10254.0,Juan Perez,,3024356166,CE,80717363,INACTIVO
61295.0,Ana Martinez,sofiatorres@yahoo.com,abc123,CE,33713487,ACTIVO
14850.0,Ana Martinez,sofiatorres@gmail.com,abc123,CE,33953964,ACTIVO
38737.0,Maria Lopez,juanperez@gmail.com,3103411751,TI,79159628,desconocido
,Sofia Torres,marialopez@hotmail.com,3013311770,TI,31462082,SUSPENDIDO
93543.0,Juan Perez,,3115051987,TI,91019717,ACTIVO
,Maria Lopez,juanperez@gmail.com,3101743346,TI,63293990,SUSPENDIDO
46978.0,Juan Perez,sofiatorres@gmail.com,abc123,TI,11915622,INACTIVO
,Carlos Gomez,carlosgomez@gmail.com,3016913707,TI,89862880,INACTIVO
25492.0,Sofia Torres,,3107989149,CC,51657381,ACTIVO
92349.0,Luis Rojas,,3106965357,CE,26755724,INACTIVO
25747.0,Sofia Torres,sofiatorres@gmail.com,3005412336,CE,,INACTIVO
17171.0,Luis Rojas,sofiatorres@yahoo.com,abc123,CE,51408166,SUSPENDIDO
76271.0,Juan Perez,sofiatorres@yahoo.com,abc123,CC,82163615,SUSPENDIDO
30649.0,Juan Perez,marialopez@yahoo.com,abc123,TI,26099730,ACTIVO
,Sofia Torres,marialopez@hotmail.com,3003197404,CC,22719553,INACTIVO
57787.0,Juan Perez,sofiatorres@yahoo.com,3007737751,TI,,SUSPENDIDO
8778.0,Ana Martinez,anamartinez@hotmail.com,abc123,CC,16418594,INACTIVO
67529.0,Maria Lopez,juanperez@hotmail.com,3029061125,CC,34823473,SUSPENDIDO
28947.0,Juan Perez,,3119071694,CC,86021393,SUSPENDIDO
94570.0,Luis Rojas,anamartinez@gmail.com,3006188586,CE,,ACTIVO
8977.0,Luis Rojas,marialopez@hotmail.com,3102565873,CE,88679979,ACTIVO
25466.0,Ana Martinez,marialopez@yahoo.com,3107563377,CE,,ACTIVO
21602.0,Juan Perez,,3017577137,TI,69742609,ACTIVO
,Sofia Torres,juanperez@gmail.com,3101321464,CE,34194433,INACTIVO
,Carlos Gomez,carlosgomez@hotmail.com,3014697768,CE,65050771,INACTIVO
7683.0,Luis Rojas,carlosgomez@yahoo.com,abc123,CC,96596238,ACTIVO
33442.0,Ana Martinez,juanperez@hotmail.com,3024476743,CE,,INACTIVO
,Maria Lopez,anamartinez@hotmail.com,3005795513,CC,12270456,SUSPENDIDO
70735.0,Juan Perez,luisrojas@yahoo.com,3022955193,TI,,ACTIVO
50661.0,Luis Rojas,anamartinez@gmail.com,3006494000,CC,,SUSPENDIDO
8972.0,Carlos Gomez,luisrojas@hotmail.com,3015240211,TI,,ACTIVO
31798.0,Carlos Gomez,marialopez@hotmail.com,3029856987,CC,90374247,SUSPENDIDO
,Juan Perez,luisrojas@hotmail.com,3112925790,CE,95518132,SUSPENDIDO
,Juan Perez,juanperez@yahoo.com,3111266474,CC,80775813,SUSPENDIDO
90189.0,Luis Rojas,carlosgomez@gmail.com,3114266672,TI,,INACTIVO
87160.0,Juan Perez,anamartinez@hotmail.com,3006857600,TI,43490219,desconocido
73889.0,Sofia Torres,juanperez@yahoo.com,3013332763,CC,53358177,ACTIVO
,Juan Perez,sofiatorres@hotmail.com,3103691307,CE,85199430,INACTIVO
,Maria Lopez,carlosgomez@gmail.com,3107374629,CE,91372066,INACTIVO
22342.0,Luis Rojas,sofiatorres@hotmail.com,abc123,TI,44645069,ACTIVO
6758.0,Maria Lopez,,3029983736,TI,23441114,SUSPENDIDO
,Ana Martinez,luisrojas@gmail.com,3007140625,CE,81172424,ACTIVO
64547.0,Juan Perez,,3021354006,TI,17445766,ACTIVO
44656.0,Juan Perez,carlosgomez@hotmail.com,3004215714,CC,,INACTIVO
85709.0,Ana Martinez,juanperez@yahoo.com,3012813394,CC,70642995,desconocido
82364.0,Maria Lopez,juanperez@hotmail.com,abc123,CE,68733223,INACTIVO
98307.0,Carlos Gomez,anamartinez@yahoo.com,3107506504,TI,,INACTIVO
70148.0,Maria Lopez,carlosgomez@hotmail.com,3116338921,TI,,ACTIVO
,Maria Lopez,luisrojas@hotmail.com,3027549138,TI,31729947,SUSPENDIDO
,Sofia Torres,carlosgomez@gmail.com,3104913062,CE,16730662,INACTIVO
33863.0,Carlos Gomez,,3115345328,TI,50911870,ACTIVO
46776.0,Sofia Torres,luisrojas@hotmail.com,3007196321,CE,96085153,SUSPENDIDO
60227.0,Luis Rojas,sofiatorres@yahoo.com,3023071198,CE,58250942,INACTIVO
7664.0,Juan Perez,juanperez@yahoo.com,abc123,TI,19358673,SUSPENDIDO
35113.0,Maria Lopez,sofiatorres@gmail.com,3012898076,TI,72552627,desconocido
95330.0,Sofia Torres,luisrojas@yahoo.com,3004530199,TI,,ACTIVO
43232.0,Maria Lopez,marialopez@gmail.com,abc123,CE,57022380,INACTIVO
5249.0,Juan Perez,carlosgomez@hotmail.com,3016286684,CE,46188971,desconocido
41027.0,Luis Rojas,anamartinez@yahoo.com,3104386869,TI,24948489,desconocido
78452.0,Luis Rojas,luisrojas@hotmail.com,3101750258,CC,,SUSPENDIDO
14655.0,Juan Perez,luisrojas@yahoo.com,abc123,TI,49520658,INACTIVO
67226.0,Juan Perez,,3012007213,TI,84501430,INACTIVO
25598.0,Maria Lopez,carlosgomez@yahoo.com,abc123,TI,60388998,ACTIVO
78903.0,Carlos Gomez,marialopez@hotmail.com,3005177474,CC,91787052,INACTIVO
,Juan Perez,carlosgomez@gmail.com,3021954519,CE,17214003,ACTIVO
71956.0,Ana Martinez,anamartinez@gmail.com,abc123,CC,29309605,ACTIVO
66083.0,Sofia Torres,,3029555012,CC,27306408,ACTIVO
,Juan Perez,sofiatorres@gmail.com,3109535887,CC,44839658,INACTIVO
74632.0,Juan Perez,luisrojas@hotmail.com,3005692489,TI,17470101,ACTIVO
,Luis Rojas,marialopez@gmail.com,3116783270,CE,23290342,INACTIVO
61596.0,Sofia Torres,carlosgomez@hotmail.com,3029743706,CC,,SUSPENDIDO
25919.0,Ana Martinez,marialopez@gmail.com,3005071551,TI,43087262,SUSPENDIDO
16545.0,Sofia Torres,,3028765271,TI,72784183,ACTIVO
,Maria Lopez,carlosgomez@hotmail.com,3114652101,CE,40693400,ACTIVO
88974.0,Juan Perez,anamartinez@hotmail.com,3014910510,CE,,ACTIVO
,Luis Rojas,juanperez@hotmail.com,3101880229,TI,51077387,ACTIVO
71793.0,Juan Perez,luisrojas@hotmail.com,3116626751,CE,56981134,INACTIVO
28275.0,Luis Rojas,,3003266260,CC,85375522,INACTIVO
83886.0,Juan Perez,,3114941535,CE,11096122,ACTIVO
7850.0,Sofia Torres,,3006288572,CC,16001392,INACTIVO
98714.0,Luis Rojas,juanperez@gmail.com,3117841010,CE,,INACTIVO
9931.0,Ana Martinez,carlosgomez@gmail.com,3115869627,CE,,INACTIVO
17510.0,Ana Martinez,luisrojas@hotmail.com,abc123,CC,71687565,ACTIVO
37060.0,Luis Rojas,marialopez@yahoo.com,abc123,TI,24517926,INACTIVO
16889.0,Ana Martinez,,3029191439,CE,43652079,ACTIVO
27697.0,Juan Perez,anamartinez@gmail.com,3029989716,TI,88426556,desconocido
94958.0,Juan Perez,juanperez@yahoo.com,3007501196,TI,46198114,desconocido
8077.0,Sofia Torres,,3117100131,CC,99557187,INACTIVO
81079.0,Juan Perez,carlosgomez@yahoo.com,3024397814,CE,,INACTIVO
8057.0,Maria Lopez,marialopez@hotmail.com,abc123,CE,28810227,ACTIVO
47316.0,Juan Perez,marialopez@yahoo.com,abc123,TI,84446360,SUSPENDIDO
55568.0,Ana Martinez,,3103622025,TI,19105576,INACTIVO
,Sofia Torres,marialopez@yahoo.com,3001109666,CC,81985776,INACTIVO
43727.0,Juan Perez,luisrojas@gmail.com,3019194079,TI,92156256,desconocido
21680.0,Maria Lopez,juanperez@gmail.com,3005560878,TI,97378590,desconocido
99559.0,Maria Lopez,luisrojas@yahoo.com,3016689431,CC,,INACTIVO
11753.0,Carlos Gomez,juanperez@yahoo.com,3025806612,TI,,ACTIVO
,Ana Martinez,anamartinez@hotmail.com,3102442955,CC,62676181,INACTIVO
,Carlos Gomez,carlosgomez@gmail.com,3003448546,CC,73659210,INACTIVO
53637.0,Luis Rojas,sofiatorres@yahoo.com,3111033262,CE,,SUSPENDIDO
30013.0,Carlos Gomez,carlosgomez@gmail.com,abc123,CC,92763048,INACTIVO
35162.0,Carlos Gomez,marialopez@yahoo.com,3115299923,CE,75882292,INACTIVO
32885.0,Luis Rojas,,3107875976,TI,98073058,SUSPENDIDO
70475.0,Maria Lopez,juanperez@yahoo.com,3002043143,CE,61293914,desconocido
98043.0,Sofia Torres,marialopez@yahoo.com,abc123,TI,33059829,SUSPENDIDO
90153.0,Juan Perez,,3118638079,TI,89372912,ACTIVO
19845.0,Luis Rojas,anamartinez@yahoo.com,abc123,CC,51354509,ACTIVO
8954.0,Sofia Torres,,3004276636,TI,90261367,INACTIVO
82901.0,Carlos Gomez,juanperez@gmail.com,abc123,CE,25568661,SUSPENDIDO
98309.0,Sofia Torres,luisrojas@gmail.com,3016181968,CC,86714799,desconocido
51411.0,Carlos Gomez,luisrojas@gmail.com,abc123,CE,60395938,ACTIVO
92843.0,Juan Perez,,3012869311,CC,99386171,INACTIVO
,Carlos Gomez,juanperez@yahoo.com,3106851987,TI,83452784,INACTIVO
40964.0,Carlos Gomez,,3103728989,CE,22436384,SUSPENDIDO
18311.0,Luis Rojas,,3118520318,TI,87104838,ACTIVO
77025.0,Ana Martinez,carlosgomez@hotmail.com,abc123,CE,71384102,INACTIVO
19017.0,Maria Lopez,,3029696147,TI,40917048,INACTIVO
20429.0,Juan Perez,,3005171427,CE,88289717,INACTIVO
88439.0,Sofia Torres,sofiatorres@gmail.com,3011396440,CE,67862598,SUSPENDIDO
,Sofia Torres,juanperez@gmail.com,3017627853,CC,80792294,INACTIVO
,Luis Rojas,sofiatorres@gmail.com,3022985479,CC,17630752,ACTIVO
65899.0,Sofia Torres,marialopez@hotmail.com,abc123,TI,60425808,INACTIVO
18507.0,Sofia Torres,marialopez@gmail.com,3027524269,TI,47330837,INACTIVO
6178.0,Maria Lopez,anamartinez@hotmail.com,abc123,CE,85199313,ACTIVO
74975.0,Maria Lopez,,3023361351,CE,37902089,ACTIVO
,Maria Lopez,juanperez@gmail.com,3117263152,TI,60703679,INACTIVO
27098.0,Carlos Gomez,marialopez@hotmail.com,3117042814,TI,61499590,desconocido
29345.0,Juan Perez,juanperez@yahoo.com,abc123,CC,82465805,INACTIVO
56300.0,Luis Rojas,carlosgomez@hotmail.com,abc123,CC,64720825,ACTIVO
35342.0,Carlos Gomez,juanperez@hotmail.com,3024703309,CC,59549781,INACTIVO
48391.0,Juan Perez,,3027537473,CC,16699351,ACTIVO
63735.0,Ana Martinez,luisrojas@hotmail.com,abc123,CC,83765388,SUSPENDIDO
,Ana Martinez,anamartinez@hotmail.com,3112802993,CC,40999837,INACTIVO
99609.0,Sofia Torres,juanperez@yahoo.com,3002464974,CC,,SUSPENDIDO
,Ana Martinez,anamartinez@hotmail.com,3003064669,CE,12092848,ACTIVO
37799.0,Sofia Torres,marialopez@yahoo.com,abc123,TI,92533851,ACTIVO
,Maria Lopez,marialopez@gmail.com,3007545222,CC,25701472,INACTIVO
,Sofia Torres,anamartinez@gmail.com,3015531139,TI,20852795,SUSPENDIDO
,Ana Martinez,sofiatorres@hotmail.com,3029975579,CE,57764311,SUSPENDIDO
25.0,Luis Rojas,marialopez@hotmail.com,3107701797,TI,,SUSPENDIDO
,Luis Rojas,carlosgomez@hotmail.com,3006772772,CC,19213320,INACTIVO
98407.0,Maria Lopez,carlosgomez@hotmail.com,3029935625,CE,37113605,desconocido
82290.0,Maria Lopez,anamartinez@hotmail.com,3026422191,TI,,INACTIVO
2535.0,Sofia Torres,sofiatorres@yahoo.com,3111702107,CE,,INACTIVO
,Ana Martinez,juanperez@yahoo.com,3027658797,CE,60727088,INACTIVO
,Luis Rojas,sofiatorres@gmail.com,3024577648,CE,95014820,INACTIVO
94814.0,Ana Martinez,,3117559699,CC,26684859,INACTIVO
49704.0,Juan Perez,sofiatorres@hotmail.com,3027233039,CC,56310672,desconocido
90485.0,Luis Rojas,juanperez@yahoo.com,abc123,CC,67502988,SUSPENDIDO
41598.0,Sofia Torres,,3104737236,TI,88839666,SUSPENDIDO
22938.0,Juan Perez,juanperez@gmail.com,3015368581,CE,26187574,desconocido
56445.0,Luis Rojas,sofiatorres@yahoo.com,3011566390,CC,,ACTIVO
33793.0,Juan Perez,,3109993637,CC,40518657,SUSPENDIDO
46276.0,Sofia Torres,marialopez@gmail.com,3014252501,TI,13120996,desconocido
14884.0,Carlos Gomez,anamartinez@gmail.com,3006202820,CC,73038504,SUSPENDIDO
81192.0,Maria Lopez,,3106417303,CE,42749922,INACTIVO
68956.0,Carlos Gomez,juanperez@yahoo.com,3022999734,CC,30128313,ACTIVO
14957.0,Juan Perez,carlosgomez@hotmail.com,3113724874,CE,52227760,INACTIVO
17828.0,Carlos Gomez,,3007557661,CC,16914307,SUSPENDIDO
72620.0,Ana Martinez,,3007672640,CC,72860276,SUSPENDIDO
296.0,Carlos Gomez,carlosgomez@hotmail.com,3028710030,CE,52187981,ACTIVO
36127.0,Juan Perez,anamartinez@yahoo.com,abc123,CE,82660217,SUSPENDIDO
,Sofia Torres,anamartinez@gmail.com,3113412010,CE,19449357,ACTIVO
,Sofia Torres,juanperez@hotmail.com,3117624489,TI,26000383,ACTIVO
,Luis Rojas,carlosgomez@yahoo.com,3107140446,CC,67344631,ACTIVO
22016.0,Sofia Torres,,3114210683,CC,39486491,ACTIVO
34854.0,Luis Rojas,marialopez@yahoo.com,3027121736,TI,,INACTIVO
44121.0,Carlos Gomez,,3119971457,TI,82014250,SUSPENDIDO
,Ana Martinez,sofiatorres@yahoo.com,3016066135,CC,19570222,SUSPENDIDO
25644.0,Carlos Gomez,sofiatorres@hotmail.com,abc123,CC,97998900,SUSPENDIDO
91603.0,Ana Martinez,marialopez@hotmail.com,abc123,TI,92569742,SUSPENDIDO
,Sofia Torres,marialopez@yahoo.com,3029491630,TI,17003778,INACTIVO
2674.0,Ana Martinez,,3029651370,CC,13357086,INACTIVO
68544.0,Sofia Torres,anamartinez@yahoo.com,abc123,CC,34567167,INACTIVO
14561.0,Carlos Gomez,luisrojas@yahoo.com,3004529439,CE,,INACTIVO
12787.0,Carlos Gomez,sofiatorres@yahoo.com,3106101854,CE,59790127,desconocido
85725.0,Luis Rojas,sofiatorres@hotmail.com,abc123,TI,74121082,ACTIVO
64405.0,Luis Rojas,sofiatorres@hotmail.com,3118420111,CC,39082883,desconocido
22786.0,Ana Martinez,sofiatorres@gmail.com,3017122704,CE,,INACTIVO
83133.0,Sofia Torres,luisrojas@gmail.com,3101935261,TI,56839993,desconocido
69322.0,Sofia Torres,anamartinez@yahoo.com,abc123,TI,53555508,ACTIVO
63868.0,Carlos Gomez,sofiatorres@gmail.com,abc123,CE,95628891,INACTIVO
91473.0,Carlos Gomez,,3018284308,CC,80111027,ACTIVO
54405.0,Juan Perez,juanperez@hotmail.com,3014927733,CE,96436148,ACTIVO
80864.0,Maria Lopez,sofiatorres@hotmail.com,3008875541,TI,15060040,desconocido
59059.0,Carlos Gomez,anamartinez@gmail.com,abc123,CC,71161682,ACTIVO
19798.0,Maria Lopez,juanperez@hotmail.com,abc123,TI,34339313,ACTIVO
50510.0,Sofia Torres,sofiatorres@gmail.com,abc123,CE,66061487,SUSPENDIDO
29643.0,Sofia Torres,,3108657156,CC,49346598,INACTIVO
99805.0,Ana Martinez,juanperez@hotmail.com,3006981053,CC,55470310,desconocido
77957.0,Luis Rojas,anamartinez@yahoo.com,3019529317,CE,,ACTIVO
48319.0,Sofia Torres,sofiatorres@gmail.com,3019184684,CE,,SUSPENDIDO
4285.0,Luis Rojas,,3021166405,CE,72727336,SUSPENDIDO
64436.0,Maria Lopez,juanperez@yahoo.com,3007191422,CC,,SUSPENDIDO
32586.0,Ana Martinez,marialopez@gmail.com,abc123,TI,52323080,ACTIVO
54752.0,Ana Martinez,sofiatorres@yahoo.com,3007880257,CC,76439570,desconocido
64705.0,Maria Lopez,anamartinez@yahoo.com,abc123,CE,36659247,SUSPENDIDO
9579.0,Luis Rojas,sofiatorres@hotmail.com,abc123,CE,19805638,ACTIVO
34719.0,Maria Lopez,,3025037192,TI,12294537,SUSPENDIDO
75528.0,Juan Perez,juanperez@hotmail.com,3008324862,TI,,INACTIVO
46299.0,Sofia Torres,anamartinez@yahoo.com,3116800272,CE,47720620,desconocido
,Luis Rojas,marialopez@yahoo.com,3004518140,TI,70211228,ACTIVO
55930.0,Maria Lopez,carlosgomez@yahoo.com,3025287259,TI,,SUSPENDIDO
2032.0,Maria Lopez,juanperez@gmail.com,abc123,CE,16666071,INACTIVO
,Ana Martinez,luisrojas@gmail.com,3108297596,TI,37882639,ACTIVO
2348.0,Luis Rojas,luisrojas@hotmail.com,3106372016,CC,,SUSPENDIDO
,Ana Martinez,marialopez@gmail.com,3117620756,TI,18802580,INACTIVO
96508.0,Juan Perez,juanperez@gmail.com,abc123,CC,23927180,SUSPENDIDO
49207.0,Juan Perez,juanperez@hotmail.com,3012966618,CE,96343815,desconocido
96389.0,Maria Lopez,luisrojas@gmail.com,3009426247,TI,,INACTIVO
90295.0,Luis Rojas,sofiatorres@yahoo.com,3006459698,CE,,SUSPENDIDO
,Ana Martinez,juanperez@hotmail.com,3017205940,CE,85836299,ACTIVO
10220.0,Maria Lopez,anamartinez@yahoo.com,abc123,TI,10415290,SUSPENDIDO
13637.0,Ana Martinez,anamartinez@yahoo.com,abc123,CE,68377155,ACTIVO
2747.0,Luis Rojas,anamartinez@gmail.com,3119200891,TI,,INACTIVO
89637.0,Juan Perez,,3011956166,CE,71132728,ACTIVO
,Maria Lopez,marialopez@gmail.com,3111103898,CE,65291281,SUSPENDIDO
53467.0,Maria Lopez,luisrojas@hotmail.com,abc123,CE,52401026,ACTIVO
9004.0,Juan Perez,juanperez@yahoo.com,3105510876,CE,22202988,desconocido
49481.0,Luis Rojas,luisrojas@gmail.com,abc123,TI,86412364,SUSPENDIDO
74792.0,Ana Martinez,,3118537114,CC,98546330,INACTIVO
35561.0,Luis Rojas,,3113027743,TI,34810426,ACTIVO
14536.0,Ana Martinez,carlosgomez@yahoo.com,3017134446,TI,,INACTIVO
14596.0,Maria Lopez,sofiatorres@yahoo.com,3017442626,CE,,ACTIVO
12903.0,Ana Martinez,carlosgomez@hotmail.com,3104998810,TI,,SUSPENDIDO
59131.0,Sofia Torres,juanperez@gmail.com,3017929131,CC,14857804,INACTIVO
,Sofia Torres,carlosgomez@yahoo.com,3001017856,CE,52948547,ACTIVO
81518.0,Juan Perez,,3005882569,TI,92374774,INACTIVO
24235.0,Luis Rojas,carlosgomez@gmail.com,abc123,CE,30722488,SUSPENDIDO
49636.0,Ana Martinez,anamartinez@gmail.com,3029966321,CE,,ACTIVO
11957.0,Ana Martinez,carlosgomez@yahoo.com,3024839132,TI,53871707,desconocido
49711.0,Sofia Torres,sofiatorres@hotmail.com,3103182219,TI,34230490,desconocido
9133.0,Sofia Torres,sofiatorres@yahoo.com,3101867080,CC,49545008,ACTIVO
10993.0,Sofia Torres,carlosgomez@hotmail.com,abc123,CC,88881833,INACTIVO
46345.0,Sofia Torres,anamartinez@gmail.com,3109124768,TI,,ACTIVO
,Luis Rojas,luisrojas@hotmail.com,3117645209,CE,51862644,ACTIVO
81670.0,Juan Perez,carlosgomez@hotmail.com,3104572341,CC,35209272,desconocido
66742.0,Sofia Torres,,3109953211,CC,63853314,INACTIVO
,Sofia Torres,anamartinez@gmail.com,3102034460,TI,40263404,INACTIVO
,Sofia Torres,luisrojas@hotmail.com,3011214799,CE,12923934,ACTIVO
6942.0,Luis Rojas,sofiatorres@yahoo.com,abc123,CC,94983774,ACTIVO
88944.0,Ana Martinez,sofiatorres@gmail.com,abc123,CE,86301746,ACTIVO
17067.0,Luis Rojas,marialopez@hotmail.com,3004013530,CC,,INACTIVO
64990.0,Ana Martinez,juanperez@hotmail.com,3111841684,TI,,INACTIVO
94014.0,Luis Rojas,luisrojas@hotmail.com,abc123,CC,79777953,SUSPENDIDO
88845.0,Sofia Torres,,3101534822,CE,25781424,SUSPENDIDO
99508.0,Juan Perez,juanperez@gmail.com,abc123,TI,25857681,ACTIVO
,Sofia Torres,anamartinez@hotmail.com,3103348845,TI,54720613,INACTIVO
,Luis Rojas,carlosgomez@hotmail.com,3113945988,CC,35370978,SUSPENDIDO
40907.0,Ana Martinez,anamartinez@gmail.com,abc123,TI,69057779,SUSPENDIDO
19431.0,Ana Martinez,juanperez@hotmail.com,abc123,CE,84954576,SUSPENDIDO
24093.0,Carlos Gomez,carlosgomez@hotmail.com,3021714002,CE,71319318,desconocido
71885.0,Sofia Torres,juanperez@gmail.com,3023886041,CC,,ACTIVO
97651.0,Ana Martinez,anamartinez@hotmail.com,3018623809,CC,91401483,desconocido
2151.0,Sofia Torres,,3029120458,CC,51861402,SUSPENDIDO
71690.0,Ana Martinez,anamartinez@yahoo.com,3012863574,CE,68472857,desconocido
36795.0,Luis Rojas,marialopez@hotmail.com,abc123,TI,83459212,INACTIVO
33624.0,Juan Perez,luisrojas@gmail.com,3113659408,CE,,SUSPENDIDO
68193.0,Ana Martinez,carlosgomez@hotmail.com,3013851728,CE,,ACTIVO
22034.0,Luis Rojas,carlosgomez@yahoo.com,3027855603,CE,45050770,SUSPENDIDO
,Sofia Torres,juanperez@yahoo.com,3107352691,CE,84849889,ACTIVO
30949.0,Carlos Gomez,anamartinez@gmail.com,3102996357,TI,,ACTIVO
96668.0,Luis Rojas,anamartinez@yahoo.com,3029142763,TI,29577336,INACTIVO
93640.0,Juan Perez,anamartinez@yahoo.com,abc123,CE,56433472,SUSPENDIDO
41384.0,Juan Perez,,3007077930,TI,72388559,ACTIVO
19974.0,Luis Rojas,,3003764714,CE,34093912,INACTIVO
,Juan Perez,sofiatorres@gmail.com,3016475719,CC,80030724,INACTIVO
37286.0,Sofia Torres,luisrojas@gmail.com,3113074000,CC,56796585,desconocido
,Carlos Gomez,luisrojas@hotmail.com,3026763541,CC,50145660,SUSPENDIDO
,Carlos Gomez,sofiatorres@yahoo.com,3101400696,TI,34528195,ACTIVO
28815.0,Luis Rojas,,3116850301,CC,14622660,INACTIVO
38496.0,Luis Rojas,juanperez@hotmail.com,3105691729,TI,99582403,INACTIVO
5093.0,Carlos Gomez,,3005508718,CC,87388944,ACTIVO
,Carlos Gomez,anamartinez@gmail.com,3017221822,TI,24311655,INACTIVO
10983.0,Sofia Torres,carlosgomez@hotmail.com,abc123,TI,95726253,SUSPENDIDO
91796.0,Luis Rojas,,3109850067,CE,61666364,INACTIVO
67623.0,Carlos Gomez,juanperez@hotmail.com,abc123,CC,84419058,ACTIVO
92455.0,Sofia Torres,sofiatorres@hotmail.com,3007197686,TI,,SUSPENDIDO
,Carlos Gomez,marialopez@yahoo.com,3101295546,CC,74729975,INACTIVO
66651.0,Luis Rojas,juanperez@gmail.com,3111039475,TI,,INACTIVO
24179.0,Ana Martinez,marialopez@gmail.com,3026388335,CE,87934763,ACTIVO
,Sofia Torres,carlosgomez@yahoo.com,3021486910,CC,26875903,SUSPENDIDO
46221.0,Luis Rojas,,3023286144,CE,31742789,INACTIVO
,Luis Rojas,luisrojas@gmail.com,3024901029,CC,35015966,INACTIVO
,Luis Rojas,marialopez@yahoo.com,3014328285,CE,53044094,SUSPENDIDO
11308.0,Luis Rojas,sofiatorres@yahoo.com,3023291152,TI,,INACTIVO
53015.0,Juan Perez,,3021541805,CE,52429033,ACTIVO
55636.0,Luis Rojas,marialopez@yahoo.com,3005180550,CE,75270841,desconocido
86086.0,Luis Rojas,marialopez@hotmail.com,3011026673,CE,,INACTIVO
44682.0,Ana Martinez,anamartinez@hotmail.com,3117740070,CE,91355447,ACTIVO
77403.0,Juan Perez,juanperez@hotmail.com,3024455679,CE,48597967,SUSPENDIDO
10683.0,Juan Perez,juanperez@yahoo.com,3008100635,CC,25007286,desconocido
12504.0,Luis Rojas,marialopez@yahoo.com,abc123,TI,44598648,SUSPENDIDO
19329.0,Ana Martinez,,3104171385,TI,31279263,ACTIVO
,Sofia Torres,marialopez@yahoo.com,3021379063,CE,95514905,SUSPENDIDO
83801.0,Maria Lopez,luisrojas@hotmail.com,3021888993,CE,68333612,INACTIVO
90320.0,Ana Martinez,carlosgomez@hotmail.com,3001607165,CC,98335486,desconocido
49930.0,Ana Martinez,juanperez@yahoo.com,abc123,CC,51749255,INACTIVO
4888.0,Juan Perez,anamartinez@yahoo.com,abc123,TI,87026587,ACTIVO
,Carlos Gomez,juanperez@gmail.com,3116684388,CE,77857552,INACTIVO
94397.0,Luis Rojas,sofiatorres@gmail.com,3109063645,CE,,ACTIVO
,Juan Perez,luisrojas@hotmail.com,3027538871,CC,95118943,INACTIVO
91138.0,Maria Lopez,,3102724625,TI,11219465,INACTIVO
49695.0,Ana Martinez,,3111622263,CE,77191928,INACTIVO
,Luis Rojas,carlosgomez@hotmail.com,3008234661,TI,34180607,SUSPENDIDO
82854.0,Ana Martinez,anamartinez@gmail.com,abc123,TI,33734704,SUSPENDIDO
20122.0,Juan Perez,,3101863154,CC,81244953,INACTIVO
87655.0,Carlos Gomez,sofiatorres@hotmail.com,3109325254,TI,21360775,desconocido
38849.0,Sofia Torres,sofiatorres@gmail.com,abc123,CC,59512335,ACTIVO
65089.0,Luis Rojas,anamartinez@yahoo.com,3015456389,CC,61245271,INACTIVO
81775.0,Ana Martinez,anamartinez@yahoo.com,3119531258,CC,40191374,desconocido
18260.0,Luis Rojas,juanperez@gmail.com,3112802530,CC,16834567,SUSPENDIDO
53019.0,Carlos Gomez,sofiatorres@hotmail.com,3006599348,CE,49872420,INACTIVO
,Luis Rojas,juanperez@gmail.com,3005472440,CE,90774305,SUSPENDIDO
,Maria Lopez,juanperez@gmail.com,3003666072,CC,18723663,INACTIVO
35538.0,Carlos Gomez,marialopez@gmail.com,3117106967,TI,80905693,desconocido
59212.0,Ana Martinez,anamartinez@yahoo.com,abc123,TI,93906429,INACTIVO
,Carlos Gomez,luisrojas@yahoo.com,3024510216,CE,33754959,SUSPENDIDO
90359.0,Luis Rojas,anamartinez@hotmail.com,abc123,TI,72979487,INACTIVO
93386.0,Luis Rojas,,3119832140,TI,95423176,SUSPENDIDO
,Carlos Gomez,luisrojas@hotmail.com,3023130874,CE,66992531,ACTIVO
16487.0,Sofia Torres,carlosgomez@yahoo.com,abc123,TI,36564457,SUSPENDIDO
75383.0,Sofia Torres,anamartinez@gmail.com,abc123,CE,14597698,INACTIVO
71943.0,Carlos Gomez,juanperez@yahoo.com,3024826625,CC,,SUSPENDIDO
53046.0,Carlos Gomez,marialopez@hotmail.com,3027070719,CC,,INACTIVO
44758.0,Maria Lopez,,3026447867,CC,13238409,SUSPENDIDO
86155.0,Maria Lopez,marialopez@hotmail.com,3109242228,CE,,ACTIVO
,Sofia Torres,luisrojas@hotmail.com,3119094056,CE,61839467,INACTIVO
5131.0,Sofia Torres,,3101826909,CC,43702422,SUSPENDIDO
35239.0,Juan Perez,marialopez@yahoo.com,abc123,TI,91484095,ACTIVO
4507.0,Ana Martinez,juanperez@hotmail.com,abc123,TI,38095868,SUSPENDIDO
28179.0,Ana Martinez,,3016841254,CE,84189847,ACTIVO
6255.0,Ana Martinez,marialopez@yahoo.com,abc123,CE,82716646,SUSPENDIDO
88655.0,Maria Lopez,marialopez@yahoo.com,3015388673,TI,66909548,ACTIVO
87480.0,Carlos Gomez,juanperez@yahoo.com,3005671470,CC,87636556,ACTIVO
73497.0,Carlos Gomez,,3006672144,TI,91494130,ACTIVO
28767.0,Juan Perez,marialopez@gmail.com,abc123,TI,89065722,INACTIVO
17632.0,Sofia Torres,sofiatorres@yahoo.com,3025932525,CC,18621335,desconocido
58319.0,Maria Lopez,luisrojas@hotmail.com,abc123,CC,27693687,ACTIVO
69924.0,Luis Rojas,luisrojas@hotmail.com,abc123,TI,92666934,INACTIVO
32065.0,Juan Perez,sofiatorres@yahoo.com,abc123,TI,16564049,ACTIVO
80855.0,Ana Martinez,,3117649711,CE,26284234,INACTIVO
22820.0,Juan Perez,carlosgomez@yahoo.com,3007917186,CE,75206652,desconocido
85440.0,Ana Martinez,marialopez@gmail.com,3103336066,CC,,INACTIVO
27221.0,Carlos Gomez,marialopez@yahoo.com,abc123,CE,36179272,SUSPENDIDO
94975.0,Carlos Gomez,,3118335247,CE,19568432,ACTIVO
81227.0,Luis Rojas,anamartinez@yahoo.com,abc123,CC,56394312,ACTIVO
70005.0,Ana Martinez,,3022766056,CE,93836919,ACTIVO
80168.0,Ana Martinez,,3006280147,CE,33359442,INACTIVO
31070.0,Luis Rojas,,3006678291,CE,32492505,ACTIVO
,Juan Perez,carlosgomez@gmail.com,3013890146,TI,95682237,INACTIVO
52414.0,Juan Perez,carlosgomez@yahoo.com,abc123,CC,78582875,ACTIVO
,Juan Perez,carlosgomez@gmail.com,3105403144,CE,19522738,ACTIVO
,Ana Martinez,luisrojas@hotmail.com,3008693356,CC,68359319,SUSPENDIDO
94706.0,Luis Rojas,,3006891830,TI,30068842,SUSPENDIDO
,Sofia Torres,sofiatorres@yahoo.com,3009276026,CE,69177076,ACTIVO
82473.0,Maria Lopez,sofiatorres@hotmail.com,abc123,TI,59891295,SUSPENDIDO
73534.0,Luis Rojas,,3112315236,TI,52643671,INACTIVO
42357.0,Luis Rojas,sofiatorres@hotmail.com,abc123,TI,34360679,SUSPENDIDO
4886.0,Sofia Torres,marialopez@gmail.com,3102509935,CC,23819111,ACTIVO
95887.0,Maria Lopez,,3009072313,TI,31459423,ACTIVO
57362.0,Carlos Gomez,sofiatorres@yahoo.com,3028411962,CE,,SUSPENDIDO
4593.0,Sofia Torres,luisrojas@hotmail.com,3101917538,CE,,ACTIVO
68010.0,Ana Martinez,juanperez@hotmail.com,3013653117,CC,49149393,desconocido
26481.0,Carlos Gomez,marialopez@hotmail.com,3115720056,CE,92490207,ACTIVO
66882.0,Sofia Torres,marialopez@yahoo.com,abc123,TI,51599621,ACTIVO
,Sofia Torres,luisrojas@yahoo.com,3107146953,CC,25874077,INACTIVO
,Maria Lopez,anamartinez@hotmail.com,3109410101,CE,81624015,INACTIVO
,Maria Lopez,marialopez@hotmail.com,3108052485,CC,92992471,ACTIVO
,Luis Rojas,luisrojas@hotmail.com,3013376786,TI,45243711,ACTIVO
49898.0,Carlos Gomez,luisrojas@yahoo.com,abc123,TI,87736525,ACTIVO
40438.0,Luis Rojas,luisrojas@gmail.com,3103834076,CE,,ACTIVO
48702.0,Sofia Torres,luisrojas@yahoo.com,3019992636,CC,84496015,desconocido
81599.0,Juan Perez,marialopez@hotmail.com,3029213932,CE,44232693,desconocido
50227.0,Carlos Gomez,juanperez@hotmail.com,3017882094,TI,,ACTIVO
,Maria Lopez,luisrojas@hotmail.com,3016986827,TI,54261907,ACTIVO
17090.0,Luis Rojas,juanperez@gmail.com,3025838250,CE,,SUSPENDIDO
21204.0,Sofia Torres,juanperez@gmail.com,abc123,CC,35986373,ACTIVO
56995.0,Juan Perez,sofiatorres@yahoo.com,abc123,CC,44358177,SUSPENDIDO
,Juan Perez,anamartinez@gmail.com,3016617209,TI,12395199,ACTIVO
81307.0,Maria Lopez,carlosgomez@gmail.com,3013567656,CC,65116577,desconocido
80058.0,Maria Lopez,luisrojas@hotmail.com,abc123,TI,92125343,INACTIVO
,Carlos Gomez,carlosgomez@hotmail.com,3111920744,CE,43843158,SUSPENDIDO
91656.0,Carlos Gomez,luisrojas@gmail.com,3009570855,TI,,SUSPENDIDO
83757.0,Luis Rojas,marialopez@yahoo.com,3025634839,TI,93068399,desconocido
,Luis Rojas,marialopez@hotmail.com,3107476052,CE,83871178,SUSPENDIDO
67468.0,Ana Martinez,marialopez@hotmail.com,3107078093,CC,,SUSPENDIDO
,Carlos Gomez,sofiatorres@yahoo.com,3015926036,CE,54195318,ACTIVO
,Carlos Gomez,anamartinez@gmail.com,3109239660,CE,13640100,INACTIVO
60917.0,Carlos Gomez,anamartinez@yahoo.com,abc123,CC,39797669,INACTIVO
,Ana Martinez,juanperez@yahoo.com,3111098131,CE,52859403,SUSPENDIDO
4813.0,Carlos Gomez,,3111617470,CE,22520781,SUSPENDIDO
55500.0,Ana Martinez,carlosgomez@yahoo.com,3016012021,CC,,ACTIVO
94360.0,Juan Perez,sofiatorres@hotmail.com,3026160014,CC,99983906,ACTIVO
4629.0,Sofia Torres,carlosgomez@yahoo.com,3106083700,CE,23558429,desconocido
5326.0,Sofia Torres,,3015775028,CE,62433752,ACTIVO
88147.0,Ana Martinez,sofiatorres@gmail.com,abc123,TI,61581554,SUSPENDIDO
94307.0,Ana Martinez,,3026338591,CE,28672171,ACTIVO
69406.0,Luis Rojas,sofiatorres@gmail.com,3024713836,CE,,SUSPENDIDO
97751.0,Juan Perez,sofiatorres@gmail.com,abc123,TI,46661696,INACTIVO
20550.0,Juan Perez,,3119074691,CC,31689842,ACTIVO
31582.0,Ana Martinez,,3002491902,CC,65048782,ACTIVO
,Sofia Torres,luisrojas@gmail.com,3116805343,CE,76654842,SUSPENDIDO
98901.0,Maria Lopez,anamartinez@hotmail.com,3019705027,TI,74631703,INACTIVO
15579.0,Ana Martinez,marialopez@gmail.com,3023695161,CC,,INACTIVO
,Carlos Gomez,luisrojas@gmail.com,3003531662,CC,33500542,SUSPENDIDO
,Maria Lopez,juanperez@yahoo.com,3001989187,CC,56544559,SUSPENDIDO
2357.0,Luis Rojas,,3025493738,CC,73402280,ACTIVO
72531.0,Maria Lopez,juanperez@gmail.com,abc123,CE,79636913,ACTIVO
50202.0,Maria Lopez,sofiatorres@gmail.com,abc123,CC,76409990,SUSPENDIDO
,Maria Lopez,juanperez@hotmail.com,3102244201,CE,39078351,SUSPENDIDO
88044.0,Luis Rojas,marialopez@gmail.com,3013624083,CC,87830332,desconocido
29055.0,Sofia Torres,,3006921778,TI,76159593,INACTIVO
3349.0,Luis Rojas,,3006369708,TI,89977816,SUSPENDIDO
,Luis Rojas,sofiatorres@hotmail.com,3008665417,CC,45974451,INACTIVO
10660.0,Ana Martinez,,3011085510,TI,48431922,ACTIVO
47433.0,Juan Perez,anamartinez@gmail.com,abc123,CE,63291426,INACTIVO
1127.0,Maria Lopez,carlosgomez@hotmail.com,3021683895,TI,,INACTIVO
53088.0,Maria Lopez,,3002945318,TI,66334582,SUSPENDIDO
27712.0,Sofia Torres,,3107756148,TI,41087280,INACTIVO
19173.0,Ana Martinez,luisrojas@gmail.com,abc123,CE,61229423,SUSPENDIDO
,Juan Perez,marialopez@gmail.com,3017800720,CC,47127036,ACTIVO
,Carlos Gomez,sofiatorres@hotmail.com,3007072856,CE,14451886,INACTIVO
29235.0,Sofia Torres,marialopez@gmail.com,3026828520,TI,78371263,desconocido
51702.0,Juan Perez,luisrojas@yahoo.com,abc123,CC,84546736,INACTIVO
7875.0,Juan Perez,anamartinez@gmail.com,3017543414,CC,58331983,desconocido
9123.0,Ana Martinez,sofiatorres@gmail.com,3015318827,CE,58492730,INACTIVO
97227.0,Juan Perez,sofiatorres@gmail.com,3016060355,TI,,SUSPENDIDO
58895.0,Ana Martinez,,3008293796,CE,66982032,SUSPENDIDO
58147.0,Maria Lopez,juanperez@hotmail.com,abc123,CE,82720045,INACTIVO
2121.0,Carlos Gomez,anamartinez@yahoo.com,3015969945,CE,,ACTIVO
,Juan Perez,carlosgomez@yahoo.com,3106558018,TI,61652253,INACTIVO
7122.0,Juan Perez,luisrojas@gmail.com,3018008815,CC,,INACTIVO
,Ana Martinez,juanperez@hotmail.com,3017606617,CE,55289587,SUSPENDIDO
18311.0,Juan Perez,marialopez@hotmail.com,3029443551,CC,27083090,INACTIVO
87107.0,Juan Perez,juanperez@yahoo.com,3104329715,CE,,INACTIVO
,Carlos Gomez,marialopez@gmail.com,3001442936,TI,47774171,SUSPENDIDO
66874.0,Luis Rojas,,3028786490,CC,10441495,SUSPENDIDO
39845.0,Sofia Torres,sofiatorres@yahoo.com,3104807083,CC,42013563,INACTIVO
46659.0,Luis Rojas,,3109327251,TI,90297633,ACTIVO
7452.0,Carlos Gomez,,3113801491,CC,98874462,SUSPENDIDO
71394.0,Sofia Torres,juanperez@gmail.com,3007790264,CE,20515109,SUSPENDIDO
24776.0,Ana Martinez,,3021051194,TI,18740458,ACTIVO
6560.0,Juan Perez,luisrojas@yahoo.com,3004080367,CC,,ACTIVO
20345.0,Ana Martinez,marialopez@hotmail.com,3026824624,CE,32926277,desconocido
8895.0,Juan Perez,sofiatorres@gmail.com,3006931640,CC,,INACTIVO
45068.0,Maria Lopez,,3114230551,CE,71295607,ACTIVO
65700.0,Carlos Gomez,anamartinez@yahoo.com,3009825817,TI,,INACTIVO
,Sofia Torres,carlosgomez@gmail.com,3103501406,CC,18226653,SUSPENDIDO
37803.0,Maria Lopez,,3018005413,CE,87911972,INACTIVO
13398.0,Sofia Torres,luisrojas@yahoo.com,3004828822,CC,,INACTIVO
38818.0,Juan Perez,luisrojas@hotmail.com,3029190875,TI,46339498,desconocido
67071.0,Luis Rojas,juanperez@gmail.com,3118130727,TI,,SUSPENDIDO
,Maria Lopez,marialopez@hotmail.com,3019439456,CC,87376138,INACTIVO
,Luis Rojas,sofiatorres@hotmail.com,3005458414,CC,19281585,SUSPENDIDO
81560.0,Sofia Torres,marialopez@yahoo.com,3028690209,TI,79999141,ACTIVO
,Juan Perez,anamartinez@yahoo.com,3027779807,CE,90290916,SUSPENDIDO
77442.0,Sofia Torres,sofiatorres@gmail.com,3006240547,CE,65297975,INACTIVO
99817.0,Juan Perez,sofiatorres@gmail.com,3028278661,TI,,SUSPENDIDO
20259.0,Carlos Gomez,marialopez@gmail.com,3105215080,CC,73548408,ACTIVO
4116.0,Sofia Torres,,3001516753,CC,11877787,SUSPENDIDO
,Luis Rojas,juanperez@hotmail.com,3005467933,TI,64088379,ACTIVO
,Sofia Torres,luisrojas@yahoo.com,3012824769,TI,72265192,INACTIVO
12483.0,Sofia Torres,,3107553121,CC,98984091,INACTIVO
22000.0,Luis Rojas,carlosgomez@hotmail.com,3003191058,CC,,INACTIVO
,Maria Lopez,juanperez@gmail.com,3009733416,CC,60864287,ACTIVO
31521.0,Juan Perez,carlosgomez@yahoo.com,3117794961,TI,14125505,desconocido
62301.0,Luis Rojas,,3021191048,TI,27497901,INACTIVO
13906.0,Luis Rojas,,3111274857,CE,66675284,SUSPENDIDO
44124.0,Maria Lopez,sofiatorres@gmail.com,abc123,CC,13672171,SUSPENDIDO
94498.0,Juan Perez,carlosgomez@gmail.com,3117356968,TI,73921794,ACTIVO
34465.0,Juan Perez,luisrojas@yahoo.com,abc123,CE,35527812,ACTIVO
50160.0,Ana Martinez,carlosgomez@hotmail.com,3112746124,TI,95282451,INACTIVO
10363.0,Carlos Gomez,anamartinez@gmail.com,3001360620,CC,67167984,INACTIVO
,Maria Lopez,carlosgomez@yahoo.com,3119428144,CC,14438238,INACTIVO
98764.0,Luis Rojas,,3108658685,CE,11583508,ACTIVO
,Maria Lopez,marialopez@hotmail.com,3024927517,TI,45062779,INACTIVO
47231.0,Carlos Gomez,carlosgomez@hotmail.com,3027520114,CE,37082728,desconocido
49314.0,Carlos Gomez,marialopez@yahoo.com,3103991981,CC,,INACTIVO
7169.0,Carlos Gomez,,3005476353,TI,73861636,INACTIVO
,Maria Lopez,luisrojas@yahoo.com,3015383435,CE,26137687,ACTIVO
1533.0,Juan Perez,,3107649464,TI,43648062,SUSPENDIDO
56228.0,Ana Martinez,carlosgomez@hotmail.com,abc123,CE,31444099,INACTIVO
33562.0,Sofia Torres,sofiatorres@hotmail.com,3013927640,TI,,SUSPENDIDO
76258.0,Ana Martinez,marialopez@hotmail.com,abc123,TI,89967457,ACTIVO
5804.0,Carlos Gomez,juanperez@yahoo.com,3101388382,CC,,ACTIVO
78370.0,Luis Rojas,juanperez@yahoo.com,3006911135,CC,92430012,SUSPENDIDO
37527.0,Carlos Gomez,anamartinez@yahoo.com,3021320060,CE,40909161,desconocido
17407.0,Sofia Torres,juanperez@gmail.com,3026355040,CC,33589283,desconocido
8825.0,Juan Perez,,3002673725,CC,70502630,INACTIVO
12303.0,Carlos Gomez,,3116864434,CE,37106011,SUSPENDIDO
,Carlos Gomez,anamartinez@gmail.com,3109920275,CE,12029483,ACTIVO
87481.0,Juan Perez,anamartinez@hotmail.com,3016198613,CE,,ACTIVO
45253.0,Ana Martinez,anamartinez@hotmail.com,3008523393,CC,45358721,ACTIVO
12957.0,Sofia Torres,,3119742758,CE,14670206,ACTIVO
71301.0,Ana Martinez,sofiatorres@yahoo.com,abc123,CE,32849111,SUSPENDIDO
3856.0,Ana Martinez,sofiatorres@yahoo.com,abc123,CE,34859353,INACTIVO
,Sofia Torres,luisrojas@gmail.com,3113527664,TI,47863804,INACTIVO
55195.0,Juan Perez,sofiatorres@yahoo.com,3029072634,CC,64285940,desconocido
25460.0,Carlos Gomez,luisrojas@gmail.com,abc123,CC,49009810,SUSPENDIDO
5959.0,Sofia Torres,marialopez@yahoo.com,3018268717,CC,66622946,SUSPENDIDO
44873.0,Sofia Torres,,3023834771,TI,61958429,ACTIVO
86263.0,Sofia Torres,luisrojas@hotmail.com,3117681141,CC,99938079,SUSPENDIDO
73359.0,Luis Rojas,sofiatorres@yahoo.com,3112680865,TI,21717460,desconocido
,Carlos Gomez,anamartinez@gmail.com,3015990076,CE,77200385,SUSPENDIDO
,Maria Lopez,sofiatorres@yahoo.com,3022756918,CC,22458506,INACTIVO
15433.0,Maria Lopez,,3107680651,CE,32882522,ACTIVO
50023.0,Ana Martinez,,3101237669,CE,13003918,ACTIVO
3158.0,Ana Martinez,juanperez@yahoo.com,abc123,CE,31442507,SUSPENDIDO
50757.0,Ana Martinez,sofiatorres@hotmail.com,abc123,CC,24236723,SUSPENDIDO
59866.0,Maria Lopez,juanperez@gmail.com,3113099378,CE,82950131,desconocido
4302.0,Carlos Gomez,marialopez@gmail.com,abc123,TI,38525513,SUSPENDIDO
50730.0,Ana Martinez,,3118573548,TI,10693705,INACTIVO
69833.0,Ana Martinez,sofiatorres@hotmail.com,3003189026,CE,26062639,desconocido
,Ana Martinez,luisrojas@hotmail.com,3001564752,CC,61319328,INACTIVO
38178.0,Ana Martinez,anamartinez@gmail.com,abc123,TI,64573348,INACTIVO
,Maria Lopez,anamartinez@yahoo.com,3011725087,CC,57199007,INACTIVO
87887.0,Juan Perez,sofiatorres@yahoo.com,3014852755,CC,16058290,desconocido
,Carlos Gomez,carlosgomez@yahoo.com,3005233521,CE,45630342,ACTIVO
55356.0,Juan Perez,,3003114310,CC,73120637,SUSPENDIDO
15773.0,Luis Rojas,juanperez@gmail.com,3117879517,TI,,SUSPENDIDO
24582.0,Maria Lopez,,3015797465,TI,44655624,SUSPENDIDO
69438.0,Sofia Torres,carlosgomez@hotmail.com,3015800993,TI,11642989,desconocido
76709.0,Ana Martinez,,3011969610,CE,24996154,INACTIVO
17249.0,Sofia Torres,,3101272681,CE,24862408,ACTIVO
89905.0,Maria Lopez,,3109035194,CC,78311948,ACTIVO
14064.0,Ana Martinez,luisrojas@hotmail.com,3118349683,CC,,INACTIVO
29621.0,Juan Perez,anamartinez@gmail.com,abc123,CC,39797464,SUSPENDIDO
19178.0,Maria Lopez,anamartinez@yahoo.com,abc123,CC,69250867,INACTIVO
31992.0,Sofia Torres,,3023398060,TI,27985751,SUSPENDIDO
35246.0,Maria Lopez,,3029581509,TI,79879935,SUSPENDIDO
85950.0,Luis Rojas,marialopez@gmail.com,3101097982,CE,48576269,desconocido
45616.0,Juan Perez,,3115858005,TI,44279053,INACTIVO
61382.0,Carlos Gomez,juanperez@hotmail.com,3116099760,CE,,ACTIVO
69117.0,Juan Perez,marialopez@gmail.com,abc123,TI,31839364,INACTIVO
35061.0,Sofia Torres,,3003352940,CC,90163168,SUSPENDIDO
76457.0,Luis Rojas,,3025947651,CE,75109574,INACTIVO
28059.0,Ana Martinez,anamartinez@hotmail.com,3108205200,CE,31948787,ACTIVO
9021.0,Luis Rojas,juanperez@yahoo.com,abc123,CC,84182258,ACTIVO
50441.0,Sofia Torres,luisrojas@hotmail.com,3118181571,TI,45058078,desconocido
55566.0,Juan Perez,marialopez@hotmail.com,abc123,TI,26297176,INACTIVO
,Ana Martinez,sofiatorres@yahoo.com,3106944850,CC,40794466,SUSPENDIDO
,Sofia Torres,carlosgomez@yahoo.com,3002515701,CE,97966449,SUSPENDIDO
57021.0,Sofia Torres,,3116366228,TI,88117829,ACTIVO
44772.0,Maria Lopez,luisrojas@gmail.com,3108261999,CC,79652801,desconocido
,Sofia Torres,juanperez@gmail.com,3109600123,CC,55005511,SUSPENDIDO
86975.0,Luis Rojas,sofiatorres@yahoo.com,abc123,CC,64717943,INACTIVO
28196.0,Maria Lopez,,3022215312,CC,83967455,ACTIVO
,Maria Lopez,carlosgomez@hotmail.com,3003471995,TI,10878431,ACTIVO
,Luis Rojas,juanperez@gmail.com,3006940804,TI,12660855,INACTIVO
29843.0,Maria Lopez,juanperez@gmail.com,3028028899,CC,,SUSPENDIDO
11401.0,Ana Martinez,sofiatorres@yahoo.com,3025419446,TI,,INACTIVO
,Luis Rojas,luisrojas@hotmail.com,3102325127,CE,40974726,ACTIVO
90934.0,Carlos Gomez,sofiatorres@yahoo.com,abc123,TI,45599507,ACTIVO
29613.0,Sofia Torres,carlosgomez@hotmail.com,abc123,CE,78628978,INACTIVO
,Ana Martinez,carlosgomez@hotmail.com,3005880855,TI,81886818,SUSPENDIDO
,Sofia Torres,juanperez@gmail.com,3016868221,TI,61529762,SUSPENDIDO
26778.0,Luis Rojas,carlosgomez@hotmail.com,abc123,CC,32766415,ACTIVO
64490.0,Sofia Torres,,3021059572,CE,37135702,ACTIVO
74181.0,Ana Martinez,juanperez@hotmail.com,3007940796,TI,,INACTIVO
88417.0,Carlos Gomez,marialopez@gmail.com,3017195835,CE,96129191,desconocido
39327.0,Maria Lopez,sofiatorres@gmail.com,abc123,TI,58819827,ACTIVO
44655.0,Juan Perez,luisrojas@hotmail.com,abc123,CC,44615102,ACTIVO
,Luis Rojas,carlosgomez@hotmail.com,3105284326,CE,92913260,INACTIVO
32005.0,Luis Rojas,marialopez@yahoo.com,abc123,CE,64481733,ACTIVO
,Carlos Gomez,sofiatorres@hotmail.com,3027877391,TI,17918459,ACTIVO
66799.0,Carlos Gomez,carlosgomez@hotmail.com,3101673619,CE,,INACTIVO
,Maria Lopez,luisrojas@hotmail.com,3117404409,TI,65777150,ACTIVO
26857.0,Maria Lopez,juanperez@hotmail.com,3107315087,TI,,ACTIVO
53785.0,Carlos Gomez,carlosgomez@hotmail.com,3009219915,CC,,ACTIVO
73009.0,Luis Rojas,,3106067662,TI,52680960,SUSPENDIDO
23623.0,Carlos Gomez,marialopez@gmail.com,abc123,TI,73642521,SUSPENDIDO
20256.0,Luis Rojas,sofiatorres@gmail.com,3004033772,CC,,ACTIVO
23986.0,Luis Rojas,anamartinez@gmail.com,3114219670,CC,,INACTIVO
91351.0,Juan Perez,carlosgomez@gmail.com,abc123,CE,61732090,INACTIVO
4165.0,Sofia Torres,anamartinez@yahoo.com,3002870393,TI,97722575,desconocido
6696.0,Sofia Torres,carlosgomez@gmail.com,3007152320,CC,,ACTIVO
19293.0,Carlos Gomez,luisrojas@yahoo.com,3014594859,TI,,INACTIVO
73435.0,Ana Martinez,,3115008408,CE,28580521,ACTIVO
49466.0,Ana Martinez,anamartinez@gmail.com,3001597614,CE,98243346,desconocido
69623.0,Carlos Gomez,sofiatorres@hotmail.com,abc123,CE,77053885,INACTIVO
14562.0,Luis Rojas,,3115063123,CE,98795636,ACTIVO
48773.0,Ana Martinez,juanperez@hotmail.com,3001437899,CC,91603882,ACTIVO
46781.0,Juan Perez,,3107873421,TI,31997724,SUSPENDIDO
,Maria Lopez,carlosgomez@yahoo.com,3106854414,CE,27055473,ACTIVO
57654.0,Juan Perez,juanperez@hotmail.com,3021706692,TI,,ACTIVO
,Maria Lopez,juanperez@hotmail.com,3004980062,TI,59573465,ACTIVO
,Maria Lopez,carlosgomez@hotmail.com,3115179116,TI,21555444,ACTIVO
,Carlos Gomez,juanperez@hotmail.com,3118826256,CE,48002158,ACTIVO
,Carlos Gomez,juanperez@gmail.com,3113533745,CE,45341841,SUSPENDIDO
95094.0,Carlos Gomez,marialopez@hotmail.com,abc123,CE,60406806,INACTIVO
75126.0,Carlos Gomez,luisrojas@yahoo.com,abc123,TI,29436158,ACTIVO
17530.0,Maria Lopez,carlosgomez@gmail.com,abc123,CE,68713490,INACTIVO
65302.0,Carlos Gomez,carlosgomez@hotmail.com,3025262305,CC,86659903,desconocido
,Luis Rojas,marialopez@hotmail.com,3111695835,TI,19066781,INACTIVO
56152.0,Ana Martinez,juanperez@gmail.com,3018747307,TI,24023006,SUSPENDIDO
97427.0,Maria Lopez,carlosgomez@hotmail.com,3014523460,CC,96699303,INACTIVO
,Carlos Gomez,carlosgomez@gmail.com,3102551547,CE,57446855,INACTIVO
,Luis Rojas,sofiatorres@yahoo.com,3109801897,CE,81835660,ACTIVO
51518.0,Juan Perez,sofiatorres@gmail.com,3102031004,CC,78133441,desconocido
36675.0,Maria Lopez,sofiatorres@gmail.com,abc123,TI,10895356,INACTIVO
86222.0,Carlos Gomez,,3114931374,TI,28196619,INACTIVO
74645.0,Maria Lopez,,3103073252,CE,64569821,INACTIVO
,Juan Perez,juanperez@gmail.com,3105646851,CE,92845794,SUSPENDIDO
,Carlos Gomez,marialopez@hotmail.com,3017673318,CE,63057022,INACTIVO
85850.0,Luis Rojas,luisrojas@yahoo.com,3025826029,CC,67976967,desconocido
84584.0,Carlos Gomez,,3118569807,CE,73323188,ACTIVO
28403.0,Ana Martinez,sofiatorres@yahoo.com,3009224160,TI,,SUSPENDIDO
,Luis Rojas,sofiatorres@hotmail.com,3102195329,CC,28547186,ACTIVO
36312.0,Maria Lopez,carlosgomez@hotmail.com,3008106863,CE,,SUSPENDIDO
51103.0,Juan Perez,luisrojas@hotmail.com,abc123,CE,45829832,INACTIVO
80151.0,Juan Perez,marialopez@hotmail.com,3107124484,TI,,INACTIVO
79497.0,Luis Rojas,carlosgomez@hotmail.com,3013499840,TI,24144712,SUSPENDIDO
93184.0,Maria Lopez,luisrojas@gmail.com,abc123,CE,14289004,SUSPENDIDO
50324.0,Carlos Gomez,juanperez@hotmail.com,3118167249,CE,,ACTIVO
40976.0,Ana Martinez,juanperez@hotmail.com,3108849839,TI,21788551,desconocido
28237.0,Ana Martinez,anamartinez@gmail.com,3001799753,CC,41898379,desconocido
,Maria Lopez,marialopez@yahoo.com,3101466195,CC,58261510,ACTIVO
6186.0,Carlos Gomez,,3012579652,CC,25231943,INACTIVO
,Luis Rojas,carlosgomez@gmail.com,3012845916,CE,18699592,ACTIVO
,Maria Lopez,anamartinez@yahoo.com,3024236510,CE,35543989,INACTIVO
86157.0,Maria Lopez,juanperez@gmail.com,3014885993,TI,,INACTIVO
72900.0,Juan Perez,luisrojas@yahoo.com,3115813716,TI,51032577,desconocido
96380.0,Ana Martinez,anamartinez@gmail.com,abc123,TI,93807694,ACTIVO
46146.0,Ana Martinez,juanperez@yahoo.com,3023956397,CC,,SUSPENDIDO
13754.0,Carlos Gomez,marialopez@yahoo.com,3109960546,CC,50009879,desconocido
,Sofia Torres,sofiatorres@hotmail.com,3114273115,CE,99313275,ACTIVO
81488.0,Sofia Torres,carlosgomez@hotmail.com,abc123,CE,93899505,INACTIVO
54242.0,Juan Perez,sofiatorres@gmail.com,3108686136,TI,,SUSPENDIDO
80769.0,Carlos Gomez,,3028751238,CC,47249543,ACTIVO
18112.0,Carlos Gomez,sofiatorres@yahoo.com,abc123,TI,72722356,SUSPENDIDO
60688.0,Ana Martinez,sofiatorres@gmail.com,abc123,CE,10737507,ACTIVO
52813.0,Luis Rojas,juanperez@hotmail.com,3001924780,TI,30207199,desconocido
29863.0,Carlos Gomez,luisrojas@yahoo.com,3104837406,TI,,INACTIVO
,Ana Martinez,luisrojas@yahoo.com,3017100568,CE,33990390,INACTIVO
83052.0,Luis Rojas,anamartinez@yahoo.com,3021790395,CE,,SUSPENDIDO
,Luis Rojas,juanperez@yahoo.com,3107367145,CC,49349055,INACTIVO
37614.0,Juan Perez,carlosgomez@hotmail.com,3001777948,TI,,ACTIVO
17753.0,Luis Rojas,,3011642085,CE,85133876,ACTIVO
75085.0,Carlos Gomez,sofiatorres@hotmail.com,abc123,CE,40432934,ACTIVO
50301.0,Ana Martinez,luisrojas@hotmail.com,3025361262,CC,,SUSPENDIDO
50301.0,Sofia Torres,marialopez@hotmail.com,3017974947,TI,,ACTIVO
2748.0,Luis Rojas,,3117361668,CC,20630613,ACTIVO
21962.0,Ana Martinez,carlosgomez@yahoo.com,3005259915,CE,,INACTIVO
9998.0,Juan Perez,carlosgomez@hotmail.com,3117561925,CC,,INACTIVO
58479.0,Sofia Torres,sofiatorres@gmail.com,3008224935,TI,,SUSPENDIDO
,Luis Rojas,marialopez@yahoo.com,3004373617,TI,24358275,SUSPENDIDO
62281.0,Sofia Torres,,3009470567,CC,65037097,INACTIVO
82096.0,Carlos Gomez,luisrojas@yahoo.com,3101928784,CC,,SUSPENDIDO
6908.0,Sofia Torres,,3108820802,TI,78109636,SUSPENDIDO
3458.0,Juan Perez,marialopez@gmail.com,abc123,TI,48661085,SUSPENDIDO
49462.0,Luis Rojas,anamartinez@yahoo.com,abc123,TI,40867313,SUSPENDIDO
47504.0,Juan Perez,sofiatorres@yahoo.com,3016927062,TI,31365533,desconocido
15304.0,Ana Martinez,marialopez@yahoo.com,3111809691,CE,,ACTIVO
33147.0,Sofia Torres,anamartinez@hotmail.com,3106085632,CE,,SUSPENDIDO
,Luis Rojas,anamartinez@yahoo.com,3021476250,CE,42442858,ACTIVO
61180.0,Ana Martinez,luisrojas@gmail.com,3005605626,TI,58465964,ACTIVO
33270.0,Sofia Torres,carlosgomez@gmail.com,3112928405,TI,49976569,INACTIVO
14168.0,Juan Perez,luisrojas@yahoo.com,3017092809,CE,,ACTIVO
31719.0,Maria Lopez,juanperez@yahoo.com,3117931659,TI,76188972,ACTIVO
94406.0,Carlos Gomez,carlosgomez@gmail.com,3103779575,CC,97691758,desconocido
48242.0,Ana Martinez,carlosgomez@yahoo.com,3107729019,TI,34729060,INACTIVO
31968.0,Sofia Torres,carlosgomez@gmail.com,abc123,CE,18137878,INACTIVO
98224.0,Sofia Torres,,3105142143,TI,95390917,ACTIVO
,Juan Perez,sofiatorres@hotmail.com,3019846838,CC,74355680,SUSPENDIDO
95549.0,Ana Martinez,,3109582964,CC,79552638,SUSPENDIDO
10223.0,Juan Perez,marialopez@yahoo.com,3028952365,CE,,ACTIVO
67540.0,Juan Perez,marialopez@gmail.com,abc123,CC,54635319,SUSPENDIDO
3551.0,Sofia Torres,sofiatorres@yahoo.com,3012661664,CC,86344429,INACTIVO
73877.0,Carlos Gomez,anamartinez@yahoo.com,3028170149,CC,,ACTIVO
36663.0,Sofia Torres,,3118931024,TI,84889349,ACTIVO
43041.0,Carlos Gomez,sofiatorres@hotmail.com,3102808646,TI,12602041,SUSPENDIDO
42155.0,Luis Rojas,luisrojas@gmail.com,3119249166,CE,,SUSPENDIDO
46620.0,Ana Martinez,carlosgomez@hotmail.com,3007017082,TI,84536419,ACTIVO
,Juan Perez,marialopez@gmail.com,3021330924,CE,22872372,ACTIVO
64753.0,Carlos Gomez,carlosgomez@yahoo.com,abc123,CC,16078314,SUSPENDIDO
52814.0,Ana Martinez,carlosgomez@gmail.com,3009443534,CE,,ACTIVO
57036.0,Juan Perez,,3001071174,CC,80847941,ACTIVO
9426.0,Sofia Torres,marialopez@gmail.com,3019608550,CC,,INACTIVO
92001.0,Ana Martinez,carlosgomez@gmail.com,abc123,TI,21892283,INACTIVO
,Sofia Torres,marialopez@gmail.com,3028412918,CE,88649439,SUSPENDIDO
27854.0,Sofia Torres,carlosgomez@yahoo.com,3104305186,CC,,INACTIVO
59038.0,Ana Martinez,carlosgomez@gmail.com,abc123,CC,98984972,SUSPENDIDO
63692.0,Carlos Gomez,juanperez@hotmail.com,abc123,CE,11823534,ACTIVO
,Maria Lopez,anamartinez@yahoo.com,3115462343,CE,40272490,ACTIVO
22558.0,Juan Perez,marialopez@gmail.com,abc123,TI,10566858,ACTIVO
83433.0,Luis Rojas,carlosgomez@yahoo.com,3005069560,TI,87315048,INACTIVO
,Sofia Torres,luisrojas@hotmail.com,3118904807,CC,11039095,SUSPENDIDO
11363.0,Sofia Torres,,3112842639,CE,78262236,ACTIVO
,Maria Lopez,carlosgomez@yahoo.com,3029124916,TI,59546920,SUSPENDIDO
46474.0,Ana Martinez,luisrojas@yahoo.com,3107694743,CE,74159623,INACTIVO
17747.0,Carlos Gomez,carlosgomez@hotmail.com,3021803361,TI,,ACTIVO
69517.0,Carlos Gomez,sofiatorres@hotmail.com,3017266255,CE,,INACTIVO
36145.0,Sofia Torres,carlosgomez@hotmail.com,3118201236,TI,34335070,desconocido
40436.0,Maria Lopez,,3027001655,TI,83675416,INACTIVO
55394.0,Carlos Gomez,anamartinez@yahoo.com,3101256174,CC,72468779,desconocido
53956.0,Luis Rojas,luisrojas@yahoo.com,abc123,CC,47676166,SUSPENDIDO
29958.0,Luis Rojas,luisrojas@hotmail.com,3013405536,CE,10251390,desconocido
19303.0,Carlos Gomez,luisrojas@yahoo.com,abc123,CC,39616763,SUSPENDIDO
81602.0,Ana Martinez,,3113282076,TI,19252309,ACTIVO
95879.0,Luis Rojas,,3024875641,CC,35973196,ACTIVO
,Luis Rojas,marialopez@hotmail.com,3107194954,CC,73623748,SUSPENDIDO
64474.0,Ana Martinez,juanperez@hotmail.com,3114868989,CE,,INACTIVO
,Carlos Gomez,carlosgomez@gmail.com,3007668174,TI,30780196,SUSPENDIDO
25662.0,Sofia Torres,anamartinez@gmail.com,3115739770,CC,,ACTIVO
96366.0,Maria Lopez,carlosgomez@yahoo.com,3027416064,TI,84981275,desconocido
68347.0,Luis Rojas,,3109072861,CC,65268015,INACTIVO
84802.0,Sofia Torres,marialopez@hotmail.com,3029058356,TI,,INACTIVO
45309.0,Sofia Torres,,3004720125,TI,97688845,INACTIVO
,Sofia Torres,marialopez@hotmail.com,3029410288,CE,89231351,ACTIVO
95713.0,Carlos Gomez,sofiatorres@yahoo.com,abc123,CE,61090601,INACTIVO
50498.0,Carlos Gomez,marialopez@yahoo.com,3119845495,TI,,ACTIVO
73321.0,Luis Rojas,sofiatorres@yahoo.com,abc123,CE,84626403,SUSPENDIDO
52851.0,Maria Lopez,luisrojas@hotmail.com,3103253551,CC,20885004,INACTIVO
52.0,Maria Lopez,carlosgomez@gmail.com,abc123,CC,96296307,INACTIVO
18639.0,Luis Rojas,luisrojas@yahoo.com,3021015819,TI,87710475,INACTIVO
,Luis Rojas,anamartinez@hotmail.com,3112587560,CE,36964619,ACTIVO
95321.0,Juan Perez,carlosgomez@yahoo.com,3024419965,TI,34488537,INACTIVO
48420.0,Sofia Torres,anamartinez@hotmail.com,abc123,CE,16652732,INACTIVO
,Sofia Torres,juanperez@hotmail.com,3102726466,CC,82768357,ACTIVO
9142.0,Sofia Torres,marialopez@yahoo.com,3012891665,CE,,SUSPENDIDO
93957.0,Sofia Torres,anamartinez@yahoo.com,abc123,TI,16174405,SUSPENDIDO
32878.0,Luis Rojas,sofiatorres@hotmail.com,3113096743,CE,,SUSPENDIDO
61277.0,Carlos Gomez,,3101977473,TI,30823089,ACTIVO
74061.0,Luis Rojas,carlosgomez@hotmail.com,3002940018,CC,15100846,desconocido
,Sofia Torres,carlosgomez@yahoo.com,3005651166,CC,33266738,SUSPENDIDO
84706.0,Maria Lopez,luisrojas@hotmail.com,3008822782,TI,,ACTIVO
9837.0,Luis Rojas,luisrojas@hotmail.com,3112872966,CE,,SUSPENDIDO
,Luis Rojas,luisrojas@gmail.com,3007912742,TI,91192921,ACTIVO
68111.0,Luis Rojas,,3108782240,CE,30454434,SUSPENDIDO
68948.0,Sofia Torres,marialopez@gmail.com,abc123,CE,82501060,INACTIVO
,Sofia Torres,juanperez@yahoo.com,3011480117,CE,80498822,SUSPENDIDO
67244.0,Sofia Torres,juanperez@hotmail.com,3001413834,CE,96707727,INACTIVO
39597.0,Luis Rojas,marialopez@hotmail.com,3024566658,CE,,INACTIVO
738.0,Maria Lopez,anamartinez@hotmail.com,abc123,CC,98564304,ACTIVO
40564.0,Sofia Torres,sofiatorres@yahoo.com,3002953799,CC,,SUSPENDIDO
5564.0,Luis Rojas,marialopez@yahoo.com,3026973332,TI,34378147,desconocido
51509.0,Sofia Torres,carlosgomez@hotmail.com,abc123,CC,76067406,SUSPENDIDO
,Ana Martinez,anamartinez@hotmail.com,3113623786,CE,17653007,ACTIVO
8497.0,Maria Lopez,anamartinez@hotmail.com,3106624498,TI,,ACTIVO
,Ana Martinez,luisrojas@yahoo.com,3013730264,TI,17934942,SUSPENDIDO
14477.0,Ana Martinez,juanperez@hotmail.com,abc123,TI,53480941,SUSPENDIDO
43273.0,Luis Rojas,sofiatorres@yahoo.com,3109542965,CC,,ACTIVO
913.0,Luis Rojas,,3003528991,TI,59416863,ACTIVO
54698.0,Luis Rojas,,3008040229,TI,61043341,INACTIVO
60958.0,Juan Perez,,3106940791,TI,69776187,ACTIVO
,Carlos Gomez,sofiatorres@hotmail.com,3021929986,CE,35574577,SUSPENDIDO
6786.0,Sofia Torres,,3029696128,CE,56501887,SUSPENDIDO
42852.0,Maria Lopez,carlosgomez@gmail.com,3017106183,CC,,SUSPENDIDO
78389.0,Ana Martinez,juanperez@yahoo.com,3002116281,CC,48409541,desconocido
70055.0,Juan Perez,carlosgomez@gmail.com,abc123,CC,90918069,ACTIVO
20235.0,Luis Rojas,carlosgomez@gmail.com,3018174049,CE,34107979,desconocido
59749.0,Maria Lopez,luisrojas@hotmail.com,3019393137,CC,71909467,desconocido
51675.0,Juan Perez,marialopez@yahoo.com,3023042989,CC,82906995,desconocido
37280.0,Carlos Gomez,,3027901951,TI,44269860,ACTIVO
17600.0,Luis Rojas,sofiatorres@hotmail.com,abc123,TI,60743304,ACTIVO
26917.0,Juan Perez,carlosgomez@yahoo.com,3103930612,CC,25553246,desconocido
,Ana Martinez,luisrojas@yahoo.com,3107130133,CC,23871241,INACTIVO
,Carlos Gomez,juanperez@gmail.com,3117602388,CC,18542376,SUSPENDIDO
8443.0,Juan Perez,carlosgomez@hotmail.com,abc123,TI,61341988,SUSPENDIDO
74821.0,Luis Rojas,juanperez@hotmail.com,3118583164,CC,,INACTIVO
31522.0,Juan Perez,anamartinez@hotmail.com,abc123,CE,23019631,SUSPENDIDO
,Maria Lopez,marialopez@yahoo.com,3105166674,TI,85870272,SUSPENDIDO
,Sofia Torres,luisrojas@gmail.com,3023997160,CE,44484364,INACTIVO
50207.0,Ana Martinez,marialopez@gmail.com,3105361684,CE,,SUSPENDIDO
53055.0,Juan Perez,carlosgomez@gmail.com,3008724381,TI,76160381,SUSPENDIDO
,Juan Perez,sofiatorres@gmail.com,3112339305,CC,12371143,SUSPENDIDO
8323.0,Maria Lopez,,3025527088,CE,86349942,INACTIVO
,Ana Martinez,juanperez@hotmail.com,3103512046,CC,26001158,INACTIVO
,Maria Lopez,juanperez@gmail.com,3007384911,CC,59063897,SUSPENDIDO
78247.0,Maria Lopez,,3029962437,TI,42119340,ACTIVO
79194.0,Ana Martinez,carlosgomez@hotmail.com,3022704140,CC,,SUSPENDIDO
,Ana Martinez,juanperez@hotmail.com,3008837399,TI,65964421,INACTIVO
85291.0,Maria Lopez,carlosgomez@hotmail.com,3011203923,CE,,SUSPENDIDO
87877.0,Sofia Torres,marialopez@yahoo.com,3117887710,CC,44766069,SUSPENDIDO
,Maria Lopez,juanperez@hotmail.com,3005306037,CC,24302650,ACTIVO
11792.0,Carlos Gomez,sofiatorres@hotmail.com,3027991871,TI,,INACTIVO
44108.0,Juan Perez,,3003770588,TI,95811746,SUSPENDIDO
,Luis Rojas,anamartinez@gmail.com,3018139082,CC,76719282,ACTIVO
97005.0,Ana Martinez,juanperez@hotmail.com,3107087825,CE,77136585,desconocido
,Ana Martinez,sofiatorres@gmail.com,3106505472,CC,71545823,SUSPENDIDO
99610.0,Luis Rojas,juanperez@gmail.com,3028644562,TI,,INACTIVO
46087.0,Carlos Gomez,,3017696649,TI,71000056,SUSPENDIDO
26236.0,Ana Martinez,luisrojas@hotmail.com,abc123,CC,91155076,ACTIVO
77037.0,Sofia Torres,juanperez@gmail.com,3028552432,TI,61284949,SUSPENDIDO
48720.0,Maria Lopez,,3012962275,CC,49564044,SUSPENDIDO
38728.0,Sofia Torres,,3003983249,CC,89623469,SUSPENDIDO
,Ana Martinez,sofiatorres@hotmail.com,3005404011,CE,37655303,ACTIVO
22142.0,Maria Lopez,,3006424634,CC,35087267,SUSPENDIDO
,Maria Lopez,luisrojas@yahoo.com,3007897085,CC,22485499,SUSPENDIDO
,Juan Perez,marialopez@hotmail.com,3007385991,CE,80810771,ACTIVO
,Ana Martinez,marialopez@yahoo.com,3016301624,TI,63234824,INACTIVO
20379.0,Maria Lopez,carlosgomez@gmail.com,3105969035,TI,58709590,desconocido
621.0,Carlos Gomez,juanperez@hotmail.com,3026381205,CE,64295761,desconocido
61099.0,Luis Rojas,marialopez@yahoo.com,3016818323,CC,42219159,ACTIVO
57931.0,Carlos Gomez,,3112729833,CE,29693676,INACTIVO
84862.0,Maria Lopez,juanperez@hotmail.com,abc123,CE,67263344,SUSPENDIDO
68968.0,Sofia Torres,,3109898660,CE,60606894,INACTIVO
73859.0,Sofia Torres,,3019472654,TI,81813635,SUSPENDIDO
27780.0,Ana Martinez,,3026590460,CE,66500556,INACTIVO
27275.0,Luis Rojas,carlosgomez@gmail.com,3012619973,CE,95240976,desconocido
31825.0,Maria Lopez,sofiatorres@gmail.com,abc123,TI,52828621,SUSPENDIDO
,Luis Rojas,anamartinez@hotmail.com,3103831192,CC,92320846,SUSPENDIDO
22329.0,Luis Rojas,marialopez@gmail.com,abc123,CE,18859304,INACTIVO
37428.0,Luis Rojas,carlosgomez@hotmail.com,3116537943,TI,62186323,desconocido
4368.0,Maria Lopez,juanperez@yahoo.com,abc123,CE,37281966,INACTIVO
87825.0,Luis Rojas,,3007576165,TI,39101440,SUSPENDIDO
26940.0,Maria Lopez,sofiatorres@yahoo.com,3103354309,TI,61701168,desconocido
84151.0,Maria Lopez,sofiatorres@yahoo.com,3005517996,CE,55690252,desconocido
,Luis Rojas,sofiatorres@gmail.com,3026984186,TI,40993795,SUSPENDIDO
26061.0,Ana Martinez,juanperez@gmail.com,3103773588,CC,72277070,desconocido
76132.0,Maria Lopez,carlosgomez@yahoo.com,3028061984,CE,45443673,ACTIVO
,Sofia Torres,luisrojas@hotmail.com,3101188577,CC,80411931,INACTIVO
87440.0,Carlos Gomez,marialopez@hotmail.com,3016822702,CC,,SUSPENDIDO
6732.0,Sofia Torres,,3015326958,CE,59666682,ACTIVO
18661.0,Juan Perez,anamartinez@gmail.com,abc123,CE,54498334,INACTIVO
40673.0,Ana Martinez,,3106348916,CC,75399676,ACTIVO
25060.0,Ana Martinez,anamartinez@hotmail.com,3113776387,CE,81524454,SUSPENDIDO
10311.0,Sofia Torres,carlosgomez@yahoo.com,3011590244,TI,72746379,desconocido
76067.0,Sofia Torres,marialopez@hotmail.com,3017832319,CC,81071134,desconocido
,Ana Martinez,anamartinez@hotmail.com,3101878295,CC,48063660,SUSPENDIDO
69333.0,Luis Rojas,anamartinez@yahoo.com,abc123,CC,11038327,SUSPENDIDO
91528.0,Ana Martinez,anamartinez@yahoo.com,abc123,CE,18217723,INACTIVO
,Carlos Gomez,carlosgomez@yahoo.com,3013799888,CC,81769104,ACTIVO
,Sofia Torres,marialopez@yahoo.com,3023938491,CC,65814306,INACTIVO
,Ana Martinez,juanperez@yahoo.com,3017241321,CC,48437924,INACTIVO
,Carlos Gomez,luisrojas@gmail.com,3111867351,CE,52538859,SUSPENDIDO
37085.0,Carlos Gomez,sofiatorres@gmail.com,3104521671,TI,,ACTIVO
89810.0,Carlos Gomez,,3021683016,TI,14226961,SUSPENDIDO
38320.0,Luis Rojas,anamartinez@yahoo.com,3102883901,TI,35549993,desconocido
,Carlos Gomez,sofiatorres@yahoo.com,3111408990,CE,63414622,INACTIVO
,Luis Rojas,luisrojas@hotmail.com,3029592800,CE,56806369,INACTIVO
80868.0,Juan Perez,luisrojas@hotmail.com,3108005484,TI,,INACTIVO
,Maria Lopez,juanperez@yahoo.com,3102014818,CE,60891913,ACTIVO
25753.0,Sofia Torres,,3024835516,CC,51612308,ACTIVO
,Carlos Gomez,marialopez@gmail.com,3018340413,TI,53768640,INACTIVO
,Juan Perez,anamartinez@hotmail.com,3025131336,TI,26428103,ACTIVO
30482.0,Carlos Gomez,,3014636148,CE,16096787,INACTIVO
,Ana Martinez,sofiatorres@gmail.com,3113221865,CE,69924649,ACTIVO
95227.0,Juan Perez,marialopez@gmail.com,3007719659,CE,,INACTIVO
76239.0,Luis Rojas,luisrojas@gmail.com,3106359376,CE,,ACTIVO
31361.0,Juan Perez,,3019496251,CC,88744993,SUSPENDIDO
80980.0,Sofia Torres,anamartinez@gmail.com,3016324268,CC,,INACTIVO
63531.0,Ana Martinez,marialopez@hotmail.com,3007212931,CE,,SUSPENDIDO
97747.0,Maria Lopez,,3005867415,CE,53121543,INACTIVO
4091.0,Luis Rojas,juanperez@gmail.com,3002558126,CE,,INACTIVO
76615.0,Carlos Gomez,marialopez@gmail.com,abc123,TI,75885006,SUSPENDIDO
43932.0,Ana Martinez,marialopez@hotmail.com,3009222874,CC,,ACTIVO
8779.0,Luis Rojas,,3007209536,TI,68739780,ACTIVO
18616.0,Maria Lopez,carlosgomez@hotmail.com,abc123,TI,44821678,SUSPENDIDO
83430.0,Ana Martinez,anamartinez@hotmail.com,abc123,CE,21647456,SUSPENDIDO
,Luis Rojas,marialopez@hotmail.com,3003440219,TI,48960843,INACTIVO
6058.0,Luis Rojas,carlosgomez@yahoo.com,abc123,CE,97440157,ACTIVO
89088.0,Carlos Gomez,sofiatorres@hotmail.com,3022958942,TI,,ACTIVO
29846.0,Juan Perez,luisrojas@hotmail.com,3103992811,TI,36752094,INACTIVO
57357.0,Maria Lopez,carlosgomez@gmail.com,3028433788,CC,,ACTIVO
99683.0,Juan Perez,,3026161632,TI,59798889,INACTIVO
66967.0,Sofia Torres,sofiatorres@gmail.com,3006066278,TI,45420210,desconocido
,Maria Lopez,anamartinez@yahoo.com,3026054484,CC,35718186,ACTIVO
82794.0,Ana Martinez,,3104491976,TI,85977552,INACTIVO
,Juan Perez,juanperez@gmail.com,3017895376,CC,54682629,SUSPENDIDO
11694.0,Carlos Gomez,,3117247369,CC,73836961,ACTIVO
,Sofia Torres,marialopez@hotmail.com,3119133485,CC,86108900,SUSPENDIDO
65286.0,Ana Martinez,marialopez@gmail.com,abc123,TI,11902351,SUSPENDIDO
71106.0,Juan Perez,sofiatorres@hotmail.com,3017967411,CE,,INACTIVO
53098.0,Luis Rojas,luisrojas@gmail.com,abc123,CE,26115555,INACTIVO
31040.0,Luis Rojas,anamartinez@hotmail.com,3118666798,CE,,SUSPENDIDO
29303.0,Ana Martinez,,3003963291,CC,55887522,INACTIVO
40144.0,Sofia Torres,marialopez@yahoo.com,3105170631,CC,,ACTIVO
43847.0,Ana Martinez,carlosgomez@gmail.com,abc123,CC,21516823,ACTIVO
66390.0,Maria Lopez,,3004677170,CC,31567128,INACTIVO
28451.0,Juan Perez,carlosgomez@hotmail.com,abc123,TI,76344718,ACTIVO
,Ana Martinez,sofiatorres@yahoo.com,3114450486,CE,27450839,SUSPENDIDO
,Carlos Gomez,luisrojas@gmail.com,3022886572,TI,39728398,SUSPENDIDO
33735.0,Ana Martinez,juanperez@yahoo.com,3009767636,TI,,INACTIVO
64367.0,Maria Lopez,,3105332278,TI,70487287,SUSPENDIDO
52960.0,Maria Lopez,marialopez@hotmail.com,3012086717,CC,26566072,SUSPENDIDO
71225.0,Carlos Gomez,marialopez@yahoo.com,3012415261,CE,,INACTIVO
45360.0,Sofia Torres,anamartinez@gmail.com,abc123,TI,88304424,INACTIVO
,Juan Perez,marialopez@gmail.com,3014209872,CC,24277325,ACTIVO
,Juan Perez,carlosgomez@gmail.com,3002805075,TI,30039021,INACTIVO
80849.0,Ana Martinez,juanperez@gmail.com,3025982676,CC,11140496,desconocido
37892.0,Juan Perez,luisrojas@hotmail.com,3109189488,CE,27528082,desconocido
,Carlos Gomez,sofiatorres@gmail.com,3101646915,TI,13805847,ACTIVO
60443.0,Juan Perez,anamartinez@gmail.com,3101507036,CE,38848696,INACTIVO
53996.0,Juan Perez,marialopez@yahoo.com,abc123,TI,72111131,INACTIVO
70289.0,Luis Rojas,,3001044759,CE,17906805,INACTIVO
26433.0,Juan Perez,anamartinez@hotmail.com,abc123,TI,20528061,ACTIVO
59917.0,Juan Perez,,3015930879,CC,27246833,ACTIVO
48124.0,Juan Perez,luisrojas@gmail.com,3014935521,CC,10543506,desconocido
,Luis Rojas,anamartinez@hotmail.com,3006258460,CC,40545103,INACTIVO
,Juan Perez,juanperez@hotmail.com,3111404912,CC,79512346,SUSPENDIDO
17036.0,Luis Rojas,carlosgomez@yahoo.com,3021325782,CC,27970753,desconocido
84819.0,Carlos Gomez,sofiatorres@yahoo.com,3107681286,CC,85021246,ACTIVO
17948.0,Ana Martinez,juanperez@yahoo.com,3025463835,CC,,ACTIVO
69711.0,Ana Martinez,anamartinez@yahoo.com,3106421449,CC,,ACTIVO
34151.0,Carlos Gomez,,3002722513,CE,30216641,SUSPENDIDO
6360.0,Maria Lopez,anamartinez@hotmail.com,3108490058,CE,51837738,ACTIVO
39870.0,Carlos Gomez,,3011718526,CE,46551077,SUSPENDIDO
25782.0,Juan Perez,luisrojas@hotmail.com,abc123,CC,47253753,SUSPENDIDO
41454.0,Carlos Gomez,carlosgomez@yahoo.com,3015334446,CC,90695172,desconocido
60429.0,Sofia Torres,luisrojas@gmail.com,abc123,CC,90797647,SUSPENDIDO
40080.0,Luis Rojas,juanperez@yahoo.com,3026884209,CE,83654105,ACTIVO
62592.0,Ana Martinez,marialopez@gmail.com,abc123,TI,99596510,SUSPENDIDO
24095.0,Maria Lopez,marialopez@gmail.com,3117734732,CC,,INACTIVO
,Ana Martinez,juanperez@yahoo.com,3118695115,CC,31612177,SUSPENDIDO
64974.0,Ana Martinez,luisrojas@yahoo.com,3028669197,TI,,ACTIVO
99863.0,Maria Lopez,carlosgomez@gmail.com,3028245797,CE,82474604,desconocido
37641.0,Juan Perez,sofiatorres@yahoo.com,abc123,CE,55301771,SUSPENDIDO
,Ana Martinez,marialopez@gmail.com,3008275096,CE,16038717,SUSPENDIDO
86330.0,Ana Martinez,juanperez@hotmail.com,3115584160,TI,88206160,desconocido
74661.0,Ana Martinez,carlosgomez@yahoo.com,3009615910,CC,88486293,desconocido
1685.0,Sofia Torres,sofiatorres@yahoo.com,abc123,CE,15310511,ACTIVO
26117.0,Ana Martinez,anamartinez@yahoo.com,3015586711,TI,,ACTIVO
21954.0,Carlos Gomez,sofiatorres@hotmail.com,3025031834,CE,,ACTIVO
28445.0,Maria Lopez,luisrojas@yahoo.com,abc123,CC,96275504,SUSPENDIDO
94602.0,Carlos Gomez,juanperez@hotmail.com,3028597096,CC,73705268,desconocido
57860.0,Carlos Gomez,luisrojas@yahoo.com,3103512662,CE,71696033,desconocido
59281.0,Sofia Torres,luisrojas@yahoo.com,3106825907,CC,,ACTIVO
81903.0,Juan Perez,luisrojas@hotmail.com,abc123,TI,35552373,INACTIVO
12638.0,Maria Lopez,marialopez@yahoo.com,3023275536,TI,,INACTIVO
85265.0,Carlos Gomez,juanperez@gmail.com,3015239680,CC,89766011,INACTIVO
22541.0,Maria Lopez,sofiatorres@hotmail.com,3016309437,CE,87157199,INACTIVO
,Juan Perez,luisrojas@yahoo.com,3018347173,CE,71510766,SUSPENDIDO
52181.0,Maria Lopez,sofiatorres@hotmail.com,3105542990,CC,,INACTIVO
24095.0,Juan Perez,carlosgomez@yahoo.com,abc123,CC,98856905,SUSPENDIDO
77030.0,Juan Perez,anamartinez@yahoo.com,3105096402,TI,28582591,INACTIVO
60716.0,Sofia Torres,marialopez@hotmail.com,3013784488,CC,,ACTIVO
79414.0,Carlos Gomez,,3112928096,CE,55203843,ACTIVO
92367.0,Carlos Gomez,marialopez@yahoo.com,3111951123,TI,,INACTIVO
88677.0,Carlos Gomez,,3009414590,CC,19528436,INACTIVO
61741.0,Ana Martinez,marialopez@gmail.com,abc123,TI,47461714,SUSPENDIDO
5554.0,Luis Rojas,,3101886232,CE,90250771,SUSPENDIDO
93160.0,Juan Perez,marialopez@gmail.com,3024654579,CC,92836152,ACTIVO
66775.0,Luis Rojas,,3023916150,CC,37867606,ACTIVO
87498.0,Ana Martinez,marialopez@gmail.com,abc123,CC,57029274,ACTIVO
43431.0,Sofia Torres,anamartinez@yahoo.com,3005728947,CC,73246521,INACTIVO
,Carlos Gomez,anamartinez@gmail.com,3107868484,CE,36698534,INACTIVO
97071.0,Carlos Gomez,luisrojas@yahoo.com,3118133585,CE,,ACTIVO
59408.0,Sofia Torres,juanperez@yahoo.com,3108278958,TI,,INACTIVO
,Ana Martinez,luisrojas@yahoo.com,3119964013,TI,88535028,ACTIVO
45387.0,Juan Perez,sofiatorres@gmail.com,3016607811,TI,,SUSPENDIDO
85550.0,Ana Martinez,anamartinez@hotmail.com,3017372447,CC,,INACTIVO
42280.0,Maria Lopez,sofiatorres@gmail.com,3002132143,CC,70765825,ACTIVO
,Sofia Torres,sofiatorres@gmail.com,3015639474,CC,85139337,SUSPENDIDO
65671.0,Maria Lopez,marialopez@hotmail.com,abc123,TI,46280983,SUSPENDIDO
93876.0,Maria Lopez,,3113678066,TI,95220952,INACTIVO
28367.0,Juan Perez,,3018096223,CE,49330773,SUSPENDIDO
29842.0,Ana Martinez,,3001949514,CE,84260686,INACTIVO
14823.0,Carlos Gomez,sofiatorres@yahoo.com,3114106039,CE,,INACTIVO
32967.0,Maria Lopez,carlosgomez@hotmail.com,3101959413,CE,,ACTIVO
,Maria Lopez,anamartinez@hotmail.com,3112542755,CC,15124702,ACTIVO
57376.0,Sofia Torres,juanperez@yahoo.com,3018430440,TI,71816275,desconocido
,Sofia Torres,anamartinez@yahoo.com,3113223195,TI,46751366,INACTIVO
99522.0,Carlos Gomez,juanperez@gmail.com,3029461261,CC,,INACTIVO
,Carlos Gomez,juanperez@yahoo.com,3106421271,CE,11355831,INACTIVO
13255.0,Ana Martinez,anamartinez@hotmail.com,3112555229,CE,43482991,desconocido
,Carlos Gomez,carlosgomez@hotmail.com,3118238069,CE,77860827,ACTIVO
17164.0,Luis Rojas,sofiatorres@yahoo.com,abc123,TI,52505548,ACTIVO
65221.0,Carlos Gomez,carlosgomez@yahoo.com,abc123,CE,14894435,INACTIVO
26044.0,Luis Rojas,luisrojas@hotmail.com,3118109380,CE,72382593,desconocido
,Sofia Torres,anamartinez@gmail.com,3023492807,TI,78115932,ACTIVO
,Ana Martinez,juanperez@hotmail.com,3018376565,CE,19627345,ACTIVO
34821.0,Carlos Gomez,sofiatorres@yahoo.com,3019338070,CE,43512209,INACTIVO
38171.0,Carlos Gomez,luisrojas@yahoo.com,abc123,CC,27447105,INACTIVO
52234.0,Carlos Gomez,juanperez@yahoo.com,3027855206,CC,,INACTIVO
37663.0,Luis Rojas,marialopez@yahoo.com,3024842378,TI,59447193,desconocido
85051.0,Ana Martinez,luisrojas@gmail.com,3025947001,CE,,SUSPENDIDO
62849.0,Juan Perez,luisrojas@hotmail.com,3014227466,CE,,ACTIVO
29321.0,Luis Rojas,carlosgomez@gmail.com,abc123,CC,33588687,INACTIVO
39087.0,Carlos Gomez,carlosgomez@yahoo.com,abc123,TI,27918943,ACTIVO
95858.0,Luis Rojas,anamartinez@yahoo.com,3119400029,CC,49831868,desconocido
81726.0,Sofia Torres,carlosgomez@hotmail.com,3014693660,CC,37393447,INACTIVO
48663.0,Luis Rojas,anamartinez@yahoo.com,3117353656,TI,60571302,desconocido
,Juan Perez,marialopez@gmail.com,3003762382,CE,56635319,INACTIVO
96955.0,Juan Perez,carlosgomez@gmail.com,3004147838,TI,,ACTIVO
94378.0,Luis Rojas,luisrojas@gmail.com,abc123,TI,24478609,INACTIVO
,Sofia Torres,anamartinez@gmail.com,3117595780,CE,61419594,INACTIVO
47392.0,Maria Lopez,carlosgomez@gmail.com,3001787950,CC,20108729,desconocido
20101.0,Sofia Torres,,3101908344,TI,89675617,SUSPENDIDO
46658.0,Carlos Gomez,marialopez@hotmail.com,3002071510,CC,92381231,desconocido
80247.0,Maria Lopez,carlosgomez@hotmail.com,abc123,TI,24879571,INACTIVO
76123.0,Carlos Gomez,,3104022149,CC,20114210,ACTIVO
,Maria Lopez,marialopez@hotmail.com,3026433009,CC,38734556,INACTIVO
94221.0,Carlos Gomez,,3011310824,CC,71002685,INACTIVO
89483.0,Sofia Torres,marialopez@gmail.com,abc123,TI,88366010,INACTIVO
,Maria Lopez,carlosgomez@hotmail.com,3004912924,TI,51648240,INACTIVO
99238.0,Ana Martinez,sofiatorres@hotmail.com,3103937122,CE,88573523,ACTIVO
8255.0,Juan Perez,,3018059932,CE,31104139,INACTIVO
91146.0,Sofia Torres,,3018430993,CC,93331416,SUSPENDIDO
50893.0,Luis Rojas,luisrojas@yahoo.com,3029172561,CE,,INACTIVO
98968.0,Juan Perez,juanperez@gmail.com,3028929041,CE,,SUSPENDIDO
56742.0,Maria Lopez,juanperez@yahoo.com,3004824267,CC,13824789,desconocido
14653.0,Juan Perez,anamartinez@gmail.com,3018759096,TI,,INACTIVO
,Maria Lopez,sofiatorres@gmail.com,3003561972,CE,39217560,ACTIVO
11465.0,Ana Martinez,juanperez@yahoo.com,abc123,CC,60077554,ACTIVO
49947.0,Carlos Gomez,,3013679853,TI,10697356,ACTIVO
76885.0,Luis Rojas,marialopez@yahoo.com,3107748143,CC,,INACTIVO
64760.0,Maria Lopez,luisrojas@gmail.com,3102864251,TI,,INACTIVO
62469.0,Luis Rojas,anamartinez@hotmail.com,3012638844,TI,85244570,desconocido
87426.0,Carlos Gomez,,3005035251,CC,78128636,INACTIVO
94619.0,Maria Lopez,,3011699643,CE,22531233,INACTIVO
24848.0,Luis Rojas,juanperez@hotmail.com,3027916948,CE,26414423,desconocido
30344.0,Carlos Gomez,carlosgomez@yahoo.com,3103323216,CE,48340167,desconocido
76941.0,Sofia Torres,marialopez@hotmail.com,3025151323,TI,33110288,ACTIVO
64681.0,Juan Perez,luisrojas@yahoo.com,3118632867,TI,,SUSPENDIDO
29933.0,Luis Rojas,juanperez@hotmail.com,3026120990,CC,,ACTIVO
,Maria Lopez,anamartinez@yahoo.com,3012700631,CE,31184786,ACTIVO
,Juan Perez,marialopez@gmail.com,3102771333,TI,29151110,SUSPENDIDO
34743.0,Carlos Gomez,anamartinez@hotmail.com,3001905281,TI,,ACTIVO
75769.0,Maria Lopez,marialopez@gmail.com,3006440238,TI,,ACTIVO
74138.0,Carlos Gomez,juanperez@yahoo.com,abc123,CC,56420066,INACTIVO
6709.0,Ana Martinez,,3111839966,CE,60102660,ACTIVO
36548.0,Luis Rojas,,3027892917,TI,57882666,INACTIVO
85693.0,Ana Martinez,carlosgomez@gmail.com,3118568240,CE,,ACTIVO
24325.0,Maria Lopez,luisrojas@gmail.com,3029622322,CE,,ACTIVO
27763.0,Sofia Torres,,3003583350,TI,64566673,INACTIVO
53791.0,Ana Martinez,marialopez@yahoo.com,3027615379,CC,,SUSPENDIDO
,Sofia Torres,juanperez@yahoo.com,3011638676,CC,23973777,ACTIVO
36782.0,Juan Perez,sofiatorres@hotmail.com,3016993755,TI,55826644,desconocido
47969.0,Ana Martinez,anamartinez@hotmail.com,3001018266,CC,94896847,ACTIVO
,Maria Lopez,marialopez@yahoo.com,3009450296,CE,72525006,SUSPENDIDO
,Luis Rojas,carlosgomez@gmail.com,3015896054,CC,94707263,ACTIVO
42508.0,Ana Martinez,sofiatorres@hotmail.com,3115134263,TI,,INACTIVO
90682.0,Ana Martinez,luisrojas@yahoo.com,abc123,TI,55461992,ACTIVO
,Luis Rojas,juanperez@yahoo.com,3114707837,TI,40692988,INACTIVO
94413.0,Sofia Torres,carlosgomez@hotmail.com,abc123,TI,76801600,INACTIVO
19439.0,Luis Rojas,,3118030108,CC,98319687,SUSPENDIDO
64907.0,Juan Perez,luisrojas@gmail.com,3117490842,CC,,INACTIVO
28594.0,Maria Lopez,luisrojas@yahoo.com,3017994037,CE,,INACTIVO
,Luis Rojas,juanperez@hotmail.com,3103928036,CC,77292242,SUSPENDIDO
45549.0,Maria Lopez,luisrojas@gmail.com,abc123,CE,72183377,SUSPENDIDO
88762.0,Juan Perez,juanperez@gmail.com,abc123,CC,58533243,INACTIVO
36482.0,Sofia Torres,juanperez@hotmail.com,3019357426,TI,21542186,ACTIVO
44279.0,Luis Rojas,carlosgomez@gmail.com,3013822644,CE,18822519,desconocido
56308.0,Maria Lopez,juanperez@hotmail.com,3116950932,CC,87716899,desconocido
18922.0,Maria Lopez,carlosgomez@yahoo.com,3113571475,CC,,ACTIVO
69759.0,Luis Rojas,,3014303729,CC,94059518,INACTIVO
73195.0,Luis Rojas,luisrojas@gmail.com,3029273033,CE,33212533,desconocido
96349.0,Maria Lopez,sofiatorres@gmail.com,3017121672,CE,,INACTIVO
76690.0,Juan Perez,luisrojas@hotmail.com,3105708462,TI,15649407,desconocido
,Sofia Torres,juanperez@gmail.com,3003017037,CE,84831926,SUSPENDIDO
68936.0,Maria Lopez,marialopez@hotmail.com,3013241194,CE,27571459,INACTIVO
60395.0,Sofia Torres,carlosgomez@yahoo.com,3016640761,CE,91270424,desconocido
86710.0,Maria Lopez,carlosgomez@gmail.com,3104488332,CC,,INACTIVO
44967.0,Luis Rojas,carlosgomez@gmail.com,3018092035,CE,,SUSPENDIDO
41852.0,Juan Perez,marialopez@gmail.com,3015868036,CE,,SUSPENDIDO
94083.0,Carlos Gomez,luisrojas@gmail.com,abc123,TI,16086602,INACTIVO
30572.0,Sofia Torres,carlosgomez@yahoo.com,3013253552,CE,43338823,desconocido
66962.0,Maria Lopez,luisrojas@yahoo.com,abc123,CC,87221099,ACTIVO
25395.0,Sofia Torres,carlosgomez@hotmail.com,3018866261,TI,64888622,desconocido
15502.0,Sofia Torres,carlosgomez@gmail.com,3108382615,TI,66628803,INACTIVO
,Maria Lopez,luisrojas@hotmail.com,3021588810,CE,65701077,INACTIVO
,Maria Lopez,luisrojas@gmail.com,3009124061,CE,95813038,ACTIVO
28628.0,Carlos Gomez,anamartinez@yahoo.com,3109506777,TI,95792304,desconocido
48939.0,Juan Perez,luisrojas@yahoo.com,3015569298,CE,36686199,desconocido
,Ana Martinez,carlosgomez@gmail.com,3101080082,CC,52658400,INACTIVO
93265.0,Sofia Torres,marialopez@yahoo.com,abc123,TI,39109645,SUSPENDIDO
64920.0,Sofia Torres,juanperez@gmail.com,3028894725,CE,26496896,ACTIVO
47695.0,Ana Martinez,anamartinez@gmail.com,3007743869,CE,,SUSPENDIDO
43924.0,Luis Rojas,marialopez@yahoo.com,abc123,CE,81969481,INACTIVO
86993.0,Ana Martinez,carlosgomez@yahoo.com,3019330404,CE,44705226,ACTIVO
,Luis Rojas,anamartinez@gmail.com,3015715171,CC,53921047,ACTIVO
42979.0,Ana Martinez,anamartinez@gmail.com,abc123,TI,49433168,INACTIVO
25393.0,Sofia Torres,anamartinez@hotmail.com,3114968212,CC,17603198,desconocido
75833.0,Sofia Torres,marialopez@gmail.com,3005955973,CE,45001949,INACTIVO
71486.0,Maria Lopez,,3019010933,CE,40675070,ACTIVO
91194.0,Luis Rojas,anamartinez@gmail.com,abc123,CC,22363919,SUSPENDIDO
,Luis Rojas,sofiatorres@hotmail.com,3111190693,CC,71755652,INACTIVO
25160.0,Maria Lopez,carlosgomez@gmail.com,abc123,TI,52541814,ACTIVO
26676.0,Ana Martinez,,3021001198,CC,31581658,INACTIVO
80941.0,Juan Perez,juanperez@yahoo.com,abc123,CC,28415716,INACTIVO
78432.0,Maria Lopez,anamartinez@gmail.com,3027734979,CC,47392294,ACTIVO
,Luis Rojas,anamartinez@gmail.com,3025527318,CC,64784463,SUSPENDIDO
,Carlos Gomez,sofiatorres@gmail.com,3024765475,CC,32974540,SUSPENDIDO
,Carlos Gomez,anamartinez@yahoo.com,3008353737,CC,84008941,INACTIVO
58426.0,Luis Rojas,,3016932229,CC,99578869,ACTIVO
74888.0,Maria Lopez,carlosgomez@yahoo.com,3006173593,TI,,ACTIVO
65287.0,Juan Perez,sofiatorres@hotmail.com,abc123,CE,85288542,INACTIVO
54134.0,Carlos Gomez,,3011679546,TI,97408476,INACTIVO
,Sofia Torres,carlosgomez@yahoo.com,3009727051,CE,21163948,INACTIVO
85337.0,Luis Rojas,sofiatorres@gmail.com,3005946464,CC,44809904,desconocido
2545.0,Maria Lopez,juanperez@hotmail.com,abc123,CC,84279123,SUSPENDIDO
6131.0,Carlos Gomez,,3106907804,CE,27582570,ACTIVO
57735.0,Juan Perez,sofiatorres@yahoo.com,3101781059,TI,,SUSPENDIDO
37508.0,Juan Perez,,3115136570,CC,21044231,ACTIVO
38629.0,Maria Lopez,anamartinez@gmail.com,3116033601,TI,,INACTIVO
,Luis Rojas,juanperez@hotmail.com,3025882109,CC,66032609,ACTIVO
63467.0,Carlos Gomez,sofiatorres@hotmail.com,3016407252,CE,56580351,INACTIVO
15245.0,Juan Perez,carlosgomez@gmail.com,3007058147,TI,,INACTIVO
,Carlos Gomez,anamartinez@yahoo.com,3013573725,TI,18045834,ACTIVO
67482.0,Sofia Torres,luisrojas@hotmail.com,3029754891,CE,,INACTIVO
76347.0,Sofia Torres,marialopez@hotmail.com,3105531076,TI,94608288,desconocido
1552.0,Sofia Torres,marialopez@yahoo.com,3022237422,TI,78534967,desconocido
,Luis Rojas,anamartinez@yahoo.com,3115463110,TI,40494488,SUSPENDIDO
51167.0,Carlos Gomez,carlosgomez@hotmail.com,3009113730,CE,,SUSPENDIDO
77151.0,Sofia Torres,luisrojas@yahoo.com,3027039567,CE,,SUSPENDIDO
,Juan Perez,juanperez@hotmail.com,3023404549,TI,48673281,ACTIVO
60711.0,Luis Rojas,,3009482736,CC,43455274,INACTIVO
80732.0,Juan Perez,,3009734550,CE,41485323,INACTIVO
54242.0,Luis Rojas,juanperez@hotmail.com,abc123,CC,94428147,SUSPENDIDO
,Maria Lopez,marialopez@gmail.com,3026569682,CC,52261145,SUSPENDIDO
83042.0,Maria Lopez,sofiatorres@gmail.com,abc123,CC,52051256,INACTIVO
72691.0,Carlos Gomez,,3007488666,CE,17121987,INACTIVO
,Luis Rojas,juanperez@hotmail.com,3023339653,CE,70937546,INACTIVO
,Sofia Torres,sofiatorres@gmail.com,3001364049,TI,33842177,SUSPENDIDO
,Carlos Gomez,juanperez@yahoo.com,3008941456,CE,71586635,ACTIVO
88829.0,Maria Lopez,anamartinez@hotmail.com,3113101149,CC,96208739,desconocido
51115.0,Maria Lopez,carlosgomez@yahoo.com,3101141694,CE,,SUSPENDIDO
13036.0,Sofia Torres,marialopez@hotmail.com,3117553789,TI,40997489,SUSPENDIDO
10542.0,Sofia Torres,carlosgomez@hotmail.com,3101536431,TI,,SUSPENDIDO
63984.0,Carlos Gomez,,3007026900,CE,19405661,ACTIVO
13335.0,Ana Martinez,,3027656399,CE,28017725,SUSPENDIDO
,Sofia Torres,luisrojas@yahoo.com,3118457320,CE,72076287,ACTIVO
80628.0,Sofia Torres,carlosgomez@gmail.com,3109096089,CE,71402346,ACTIVO
,Juan Perez,juanperez@yahoo.com,3115109708,CC,46619428,SUSPENDIDO
55609.0,Maria Lopez,sofiatorres@yahoo.com,3004654851,CC,45839086,desconocido
,Luis Rojas,carlosgomez@hotmail.com,3011381751,CC,74531618,ACTIVO
56115.0,Ana Martinez,carlosgomez@hotmail.com,3026997851,CC,63821885,desconocido
35805.0,Carlos Gomez,,3009810439,CC,64852845,ACTIVO
67627.0,Luis Rojas,juanperez@hotmail.com,3009703310,TI,70269021,desconocido
,Sofia Torres,marialopez@hotmail.com,3028405520,CE,98656607,SUSPENDIDO
18232.0,Luis Rojas,anamartinez@hotmail.com,abc123,CE,32397346,SUSPENDIDO
90369.0,Juan Perez,marialopez@yahoo.com,abc123,TI,33066723,INACTIVO
,Maria Lopez,luisrojas@hotmail.com,3102413861,TI,48908021,INACTIVO
72762.0,Luis Rojas,carlosgomez@hotmail.com,abc123,CE,45400329,INACTIVO
51925.0,Ana Martinez,sofiatorres@hotmail.com,abc123,CE,96602433,INACTIVO
,Carlos Gomez,luisrojas@hotmail.com,3104514878,CE,97700203,SUSPENDIDO
16246.0,Juan Perez,juanperez@gmail.com,3024301064,CE,,ACTIVO
15717.0,Juan Perez,anamartinez@gmail.com,3102666697,CC,22321439,desconocido
98671.0,Luis Rojas,carlosgomez@hotmail.com,abc123,TI,81422384,SUSPENDIDO
23000.0,Carlos Gomez,sofiatorres@gmail.com,3025741371,CC,91146072,INACTIVO
85803.0,Luis Rojas,juanperez@gmail.com,3015890959,TI,,INACTIVO
69739.0,Carlos Gomez,luisrojas@yahoo.com,3019430545,CE,47463991,desconocido
79675.0,Maria Lopez,,3116698257,CC,59883040,SUSPENDIDO
68020.0,Ana Martinez,luisrojas@yahoo.com,3029846871,TI,,SUSPENDIDO
81721.0,Carlos Gomez,carlosgomez@hotmail.com,3006734276,CE,15881487,desconocido
21498.0,Maria Lopez,,3014940388,CE,66739412,ACTIVO
,Carlos Gomez,anamartinez@gmail.com,3115569691,CC,71976373,SUSPENDIDO
51851.0,Carlos Gomez,anamartinez@yahoo.com,3101346252,CC,59363612,desconocido
91160.0,Carlos Gomez,,3115407046,CC,92462131,SUSPENDIDO
60484.0,Maria Lopez,luisrojas@hotmail.com,3027961619,CC,,SUSPENDIDO
80069.0,Sofia Torres,carlosgomez@hotmail.com,abc123,CE,98092770,ACTIVO
,Ana Martinez,luisrojas@yahoo.com,3028749720,CC,74126089,SUSPENDIDO
81132.0,Sofia Torres,sofiatorres@gmail.com,3104309902,CC,,SUSPENDIDO
98676.0,Juan Perez,marialopez@gmail.com,3011401838,TI,,ACTIVO
31445.0,Sofia Torres,marialopez@gmail.com,3024119032,CE,,SUSPENDIDO
85232.0,Juan Perez,marialopez@hotmail.com,abc123,CC,72707465,INACTIVO
42179.0,Sofia Torres,carlosgomez@yahoo.com,3026608124,CE,22355166,desconocido
40992.0,Luis Rojas,luisrojas@gmail.com,3002196511,TI,84746525,desconocido
53468.0,Sofia Torres,anamartinez@gmail.com,3102314932,CC,35188576,desconocido
63502.0,Juan Perez,,3025105231,CE,45508923,INACTIVO
39958.0,Maria Lopez,,3111379269,CC,75521659,SUSPENDIDO
58090.0,Sofia Torres,,3018255424,CE,93104139,INACTIVO
99743.0,Ana Martinez,carlosgomez@gmail.com,3016232239,CC,,ACTIVO
5939.0,Juan Perez,,3005677916,CC,88302729,SUSPENDIDO
47097.0,Ana Martinez,marialopez@yahoo.com,3115014584,CE,73541470,ACTIVO
5121.0,Luis Rojas,,3119644123,CC,61461075,INACTIVO
,Ana Martinez,luisrojas@gmail.com,3011201385,TI,47983125,ACTIVO
52855.0,Ana Martinez,marialopez@gmail.com,3102591670,CC,,SUSPENDIDO
47946.0,Sofia Torres,marialopez@yahoo.com,3113011181,CE,,INACTIVO
29422.0,Sofia Torres,marialopez@hotmail.com,abc123,CE,28028685,ACTIVO
57901.0,Maria Lopez,,3108570645,CE,12772127,INACTIVO
16143.0,Maria Lopez,,3104300938,CE,30760988,ACTIVO
71960.0,Maria Lopez,carlosgomez@gmail.com,3107610795,CC,,SUSPENDIDO
21813.0,Luis Rojas,,3008061950,TI,33206325,SUSPENDIDO
86183.0,Carlos Gomez,luisrojas@yahoo.com,3028276730,CE,45498555,desconocido
,Juan Perez,anamartinez@hotmail.com,3102494929,TI,28270766,ACTIVO
,Ana Martinez,carlosgomez@hotmail.com,3015893467,CE,21005926,ACTIVO
22278.0,Ana Martinez,luisrojas@hotmail.com,3027897626,TI,31135599,SUSPENDIDO
,Luis Rojas,juanperez@yahoo.com,3006851132,CE,48686149,SUSPENDIDO
69673.0,Juan Perez,luisrojas@gmail.com,abc123,CE,56426965,ACTIVO
,Luis Rojas,sofiatorres@gmail.com,3011272379,CC,25736130,SUSPENDIDO
55531.0,Maria Lopez,anamartinez@gmail.com,3025647046,CC,82157016,desconocido
,Carlos Gomez,luisrojas@yahoo.com,3116031048,TI,29259106,SUSPENDIDO
66315.0,Sofia Torres,juanperez@gmail.com,3026497729,TI,38337764,desconocido
68708.0,Ana Martinez,anamartinez@yahoo.com,3017544930,CC,,SUSPENDIDO
14875.0,Luis Rojas,sofiatorres@hotmail.com,abc123,CE,70835020,ACTIVO
68862.0,Carlos Gomez,,3103190049,CE,31896805,INACTIVO
563.0,Ana Martinez,anamartinez@hotmail.com,abc123,TI,18919669,SUSPENDIDO
74659.0,Luis Rojas,,3119651345,CE,33823180,ACTIVO
70055.0,Juan Perez,juanperez@hotmail.com,abc123,TI,27665136,SUSPENDIDO
31146.0,Juan Perez,sofiatorres@yahoo.com,3105687772,CC,46047348,desconocido
25217.0,Juan Perez,,3008651809,CE,30342882,ACTIVO
,Carlos Gomez,luisrojas@yahoo.com,3002754428,CC,47673709,ACTIVO
24522.0,Ana Martinez,,3006171309,CE,48707007,SUSPENDIDO
50063.0,Sofia Torres,juanperez@yahoo.com,abc123,TI,74792558,INACTIVO
1940.0,Maria Lopez,sofiatorres@hotmail.com,3021669211,CE,,INACTIVO
67416.0,Luis Rojas,,3111880904,TI,99576150,INACTIVO
,Maria Lopez,juanperez@gmail.com,3106572800,CC,92321110,SUSPENDIDO
16495.0,Luis Rojas,juanperez@hotmail.com,3116990350,TI,14940729,INACTIVO
13176.0,Carlos Gomez,,3026452308,TI,98683762,INACTIVO
,Sofia Torres,anamartinez@yahoo.com,3026680795,CC,55626124,INACTIVO
12594.0,Juan Perez,anamartinez@gmail.com,abc123,CE,61817601,ACTIVO
47399.0,Maria Lopez,,3025324782,CE,30277627,ACTIVO
49599.0,Luis Rojas,,3011720823,TI,26169177,INACTIVO
23226.0,Carlos Gomez,juanperez@gmail.com,3029921536,CE,75602974,desconocido
73967.0,Maria Lopez,,3025247590,TI,41367770,ACTIVO
3978.0,Sofia Torres,,3005560443,CC,42993361,ACTIVO
98243.0,Juan Perez,luisrojas@gmail.com,abc123,TI,70774529,ACTIVO
,Carlos Gomez,anamartinez@yahoo.com,3003813818,CC,30758557,SUSPENDIDO
39413.0,Luis Rojas,,3017076521,CC,61400343,INACTIVO
48656.0,Ana Martinez,,3008762867,CE,53426408,INACTIVO
25984.0,Carlos Gomez,anamartinez@hotmail.com,3014424919,CC,84173443,ACTIVO
54664.0,Maria Lopez,,3021560130,CE,40061645,INACTIVO
18714.0,Juan Perez,,3011671910,TI,69848745,SUSPENDIDO
14534.0,Luis Rojas,,3011153067,CC,82847643,INACTIVO
36447.0,Juan Perez,,3009279288,CC,30255041,SUSPENDIDO
89590.0,Carlos Gomez,anamartinez@hotmail.com,3005524201,TI,34551617,desconocido
,Juan Perez,marialopez@hotmail.com,3022037096,TI,21165156,ACTIVO
,Ana Martinez,marialopez@hotmail.com,3027059185,CE,71428677,INACTIVO
41863.0,Ana Martinez,marialopez@hotmail.com,abc123,CE,83842387,ACTIVO
35000.0,Sofia Torres,marialopez@hotmail.com,abc123,CC,11019790,INACTIVO
,Luis Rojas,sofiatorres@yahoo.com,3104206798,CE,90269761,SUSPENDIDO
4907.0,Ana Martinez,anamartinez@gmail.com,abc123,TI,32427271,ACTIVO
99409.0,Maria Lopez,,3019837653,TI,79891376,INACTIVO
60145.0,Juan Perez,marialopez@hotmail.com,abc123,TI,80091750,SUSPENDIDO
29744.0,Juan Perez,juanperez@hotmail.com,3011310893,TI,,SUSPENDIDO
48327.0,Juan Perez,,3116290421,CE,55915172,ACTIVO
50608.0,Juan Perez,carlosgomez@hotmail.com,abc123,CE,89570668,INACTIVO
62141.0,Sofia Torres,juanperez@hotmail.com,abc123,TI,42394905,SUSPENDIDO
47825.0,Maria Lopez,sofiatorres@hotmail.com,3114437231,CC,24436481,desconocido
87017.0,Ana Martinez,juanperez@gmail.com,3014310075,TI,,ACTIVO
12160.0,Sofia Torres,luisrojas@yahoo.com,3004445624,CC,,SUSPENDIDO
65382.0,Ana Martinez,carlosgomez@yahoo.com,3115621119,CE,,SUSPENDIDO
26483.0,Maria Lopez,luisrojas@hotmail.com,3027564466,CC,41959392,SUSPENDIDO
83872.0,Ana Martinez,marialopez@yahoo.com,3104040663,TI,21577882,INACTIVO
18902.0,Carlos Gomez,,3008777329,CC,28560632,INACTIVO
60967.0,Ana Martinez,juanperez@yahoo.com,3119788774,TI,,ACTIVO
49352.0,Luis Rojas,carlosgomez@gmail.com,abc123,TI,29308944,ACTIVO
21567.0,Sofia Torres,anamartinez@hotmail.com,3001610900,TI,22514713,ACTIVO
6104.0,Luis Rojas,,3111908148,CC,43104429,INACTIVO
33523.0,Sofia Torres,,3008382124,CE,34031880,SUSPENDIDO
23366.0,Sofia Torres,carlosgomez@yahoo.com,3002971517,CE,77595775,SUSPENDIDO
5126.0,Carlos Gomez,,3116265298,CC,63129546,INACTIVO
88296.0,Luis Rojas,juanperez@gmail.com,abc123,CE,87875601,INACTIVO
,Ana Martinez,sofiatorres@yahoo.com,3026769972,CE,16559538,ACTIVO
24986.0,Sofia Torres,,3111695667,TI,92405014,SUSPENDIDO
5329.0,Ana Martinez,anamartinez@yahoo.com,3018155169,TI,11339251,desconocido
,Juan Perez,marialopez@gmail.com,3013476534,CC,28520311,ACTIVO
,Carlos Gomez,luisrojas@yahoo.com,3113284325,CC,96264559,ACTIVO
63829.0,Sofia Torres,juanperez@gmail.com,3025900464,CE,,INACTIVO
57167.0,Maria Lopez,carlosgomez@yahoo.com,3109710956,TI,,INACTIVO
38907.0,Carlos Gomez,marialopez@yahoo.com,3026066202,CC,36699565,INACTIVO
67939.0,Maria Lopez,marialopez@gmail.com,abc123,CC,80636115,INACTIVO
64030.0,Juan Perez,anamartinez@gmail.com,abc123,CE,18548786,SUSPENDIDO
48638.0,Ana Martinez,luisrojas@yahoo.com,3019612431,TI,,ACTIVO
,Juan Perez,anamartinez@yahoo.com,3102001191,CC,84039636,SUSPENDIDO
32091.0,Ana Martinez,,3103766652,CE,58037321,ACTIVO
87328.0,Ana Martinez,,3112932893,CE,68774523,INACTIVO
,Juan Perez,anamartinez@gmail.com,3017943264,TI,81603701,INACTIVO
80372.0,Sofia Torres,sofiatorres@gmail.com,3002185658,CC,43248132,desconocido
58204.0,Carlos Gomez,,3015667108,CE,69551719,SUSPENDIDO
29200.0,Sofia Torres,sofiatorres@yahoo.com,abc123,CC,16977090,SUSPENDIDO
,Luis Rojas,carlosgomez@gmail.com,3101922012,TI,12352368,ACTIVO
47582.0,Luis Rojas,,3009957918,CC,38207974,ACTIVO
84352.0,Sofia Torres,anamartinez@gmail.com,3019628499,CE,,INACTIVO
59210.0,Ana Martinez,,3018194587,CE,66906940,ACTIVO
58917.0,Carlos Gomez,,3022280694,CC,95143764,SUSPENDIDO
95073.0,Juan Perez,luisrojas@yahoo.com,3004841173,CC,88748531,INACTIVO
,Carlos Gomez,marialopez@hotmail.com,3001763528,CC,26222722,SUSPENDIDO
20329.0,Juan Perez,carlosgomez@hotmail.com,abc123,CC,88258594,SUSPENDIDO
88437.0,Luis Rojas,juanperez@hotmail.com,3117725883,CC,,INACTIVO
42102.0,Sofia Torres,anamartinez@hotmail.com,abc123,CE,82265226,SUSPENDIDO
59588.0,Luis Rojas,sofiatorres@gmail.com,abc123,CC,43516595,SUSPENDIDO
33734.0,Luis Rojas,,3023809691,TI,33728584,SUSPENDIDO
11326.0,Ana Martinez,,3101297269,CE,60101301,SUSPENDIDO
17276.0,Sofia Torres,anamartinez@gmail.com,abc123,CC,31589754,ACTIVO
35606.0,Ana Martinez,,3006035260,TI,89101527,INACTIVO
75884.0,Juan Perez,carlosgomez@hotmail.com,3118754021,CC,79363329,desconocido
,Sofia Torres,marialopez@hotmail.com,3018170261,CE,16086820,SUSPENDIDO
,Carlos Gomez,marialopez@hotmail.com,3116775173,TI,35041476,ACTIVO
,Maria Lopez,luisrojas@hotmail.com,3012719380,CC,92956357,INACTIVO
10891.0,Maria Lopez,marialopez@yahoo.com,3005318556,TI,37700398,ACTIVO
,Sofia Torres,anamartinez@gmail.com,3006525869,CC,88553862,INACTIVO
,Sofia Torres,juanperez@hotmail.com,3024905762,CE,74391922,SUSPENDIDO
,Luis Rojas,luisrojas@hotmail.com,3026071711,TI,41465758,ACTIVO
31286.0,Carlos Gomez,juanperez@yahoo.com,3113776115,CE,90651006,ACTIVO
29606.0,Juan Perez,anamartinez@hotmail.com,abc123,CE,29006956,SUSPENDIDO
34039.0,Sofia Torres,sofiatorres@yahoo.com,3119834970,TI,38759628,desconocido
,Luis Rojas,juanperez@gmail.com,3115976594,CC,55660032,SUSPENDIDO
39851.0,Juan Perez,luisrojas@gmail.com,3027635941,TI,41198831,desconocido
12361.0,Luis Rojas,marialopez@gmail.com,abc123,TI,48974701,ACTIVO
2785.0,Sofia Torres,,3017024440,TI,66175512,INACTIVO
57183.0,Juan Perez,juanperez@gmail.com,abc123,CC,69126947,ACTIVO
2331.0,Luis Rojas,marialopez@gmail.com,3015116308,CC,88204922,ACTIVO
85165.0,Sofia Torres,,3024005964,CE,95960900,ACTIVO
21358.0,Sofia Torres,,3018681787,CC,83476353,SUSPENDIDO
13173.0,Ana Martinez,carlosgomez@gmail.com,3022104350,CC,,SUSPENDIDO
5439.0,Luis Rojas,marialopez@hotmail.com,3013888969,TI,,SUSPENDIDO
56924.0,Maria Lopez,,3004302807,CC,79094606,SUSPENDIDO
99106.0,Carlos Gomez,marialopez@yahoo.com,abc123,CE,51305267,ACTIVO
,Ana Martinez,sofiatorres@gmail.com,3103192991,TI,84569881,INACTIVO
59721.0,Juan Perez,,3002812177,CE,77506782,INACTIVO
58815.0,Juan Perez,sofiatorres@gmail.com,3118293305,CE,41476497,desconocido
81952.0,Maria Lopez,juanperez@hotmail.com,3111722411,CC,,SUSPENDIDO
87951.0,Maria Lopez,carlosgomez@yahoo.com,3008943481,CE,44987884,desconocido
94136.0,Luis Rojas,anamartinez@hotmail.com,3004115953,TI,80514552,INACTIVO
53970.0,Juan Perez,,3028108798,CE,38942947,INACTIVO
,Maria Lopez,luisrojas@gmail.com,3111772480,CC,69038649,SUSPENDIDO
61207.0,Maria Lopez,sofiatorres@yahoo.com,3115698917,CC,10736134,desconocido
,Juan Perez,anamartinez@yahoo.com,3023266040,CC,83748383,ACTIVO
1341.0,Carlos Gomez,juanperez@yahoo.com,3105389166,TI,22504253,desconocido
27400.0,Juan Perez,,3012435776,TI,25269394,ACTIVO
2823.0,Luis Rojas,,3002283816,CE,85370303,SUSPENDIDO
,Juan Perez,marialopez@hotmail.com,3016341696,CC,96140890,SUSPENDIDO
,Sofia Torres,sofiatorres@hotmail.com,3023340399,CC,10899496,ACTIVO
45810.0,Sofia Torres,luisrojas@hotmail.com,3102751289,CE,,SUSPENDIDO
8605.0,Sofia Torres,,3018137424,TI,16796911,SUSPENDIDO
,Juan Perez,luisrojas@gmail.com,3114763132,CC,76276629,ACTIVO
65621.0,Sofia Torres,marialopez@hotmail.com,3023581444,TI,,INACTIVO
26506.0,Maria Lopez,juanperez@gmail.com,3115199536,TI,,SUSPENDIDO
51708.0,Maria Lopez,marialopez@hotmail.com,3013908986,CE,,SUSPENDIDO
20102.0,Luis Rojas,anamartinez@hotmail.com,3027937669,CC,50836036,INACTIVO
29835.0,Carlos Gomez,juanperez@hotmail.com,3102315092,CC,89800123,ACTIVO
48134.0,Carlos Gomez,,3118278293,CC,89678220,INACTIVO
84040.0,Luis Rojas,,3106064315,CC,57868088,INACTIVO
30736.0,Ana Martinez,juanperez@gmail.com,3003968560,CE,,INACTIVO
37226.0,Carlos Gomez,luisrojas@hotmail.com,abc123,CE,54712576,ACTIVO
30674.0,Maria Lopez,luisrojas@yahoo.com,3021602138,TI,86902904,SUSPENDIDO
,Luis Rojas,juanperez@gmail.com,3105218263,CE,14756679,INACTIVO
30858.0,Sofia Torres,,3102664145,CC,42036655,SUSPENDIDO
94296.0,Juan Perez,,3008523341,TI,36938650,INACTIVO
13710.0,Sofia Torres,juanperez@gmail.com,abc123,CE,54474570,ACTIVO
97923.0,Luis Rojas,,3113380542,TI,77902386,INACTIVO
31678.0,Juan Perez,luisrojas@hotmail.com,3016493539,CC,,INACTIVO
,Luis Rojas,sofiatorres@yahoo.com,3114880250,CC,80985944,INACTIVO
866.0,Carlos Gomez,juanperez@yahoo.com,abc123,TI,62771623,ACTIVO
10757.0,Sofia Torres,,3028375398,CE,61589683,ACTIVO
45704.0,Juan Perez,,3115421346,TI,60501137,INACTIVO
32327.0,Juan Perez,sofiatorres@yahoo.com,3018251390,CC,,SUSPENDIDO
3514.0,Ana Martinez,juanperez@hotmail.com,3007683822,TI,92408263,SUSPENDIDO
25503.0,Sofia Torres,juanperez@gmail.com,abc123,TI,10648251,INACTIVO
,Luis Rojas,carlosgomez@yahoo.com,3014177272,CE,72364449,ACTIVO
23177.0,Luis Rojas,,3019802588,CC,18672289,INACTIVO
66673.0,Carlos Gomez,anamartinez@gmail.com,3103290501,CC,10093489,desconocido
23871.0,Carlos Gomez,juanperez@yahoo.com,3105160202,CE,10350590,desconocido
48536.0,Juan Perez,luisrojas@gmail.com,3012907750,CC,49695019,ACTIVO
7677.0,Ana Martinez,marialopez@hotmail.com,abc123,TI,36429943,ACTIVO
25586.0,Juan Perez,luisrojas@yahoo.com,3026601612,TI,91543431,INACTIVO
88762.0,Carlos Gomez,,3018337950,CE,64422562,SUSPENDIDO
53974.0,Sofia Torres,anamartinez@hotmail.com,3103310810,TI,,INACTIVO
86504.0,Carlos Gomez,carlosgomez@yahoo.com,abc123,CC,46811135,INACTIVO
77006.0,Ana Martinez,,3022908377,TI,40439376,INACTIVO
235.0,Luis Rojas,,3102847506,CC,69942870,SUSPENDIDO
10410.0,Sofia Torres,luisrojas@gmail.com,abc123,TI,39429856,INACTIVO
64220.0,Carlos Gomez,juanperez@hotmail.com,abc123,CC,31948303,INACTIVO
34152.0,Maria Lopez,luisrojas@yahoo.com,abc123,CC,19313439,ACTIVO
86500.0,Sofia Torres,marialopez@hotmail.com,3111328772,CC,,SUSPENDIDO
93101.0,Luis Rojas,marialopez@gmail.com,abc123,CE,49046921,SUSPENDIDO
,Carlos Gomez,anamartinez@gmail.com,3005915118,CE,67558327,INACTIVO
3324.0,Juan Perez,marialopez@yahoo.com,abc123,TI,73656273,SUSPENDIDO
95488.0,Ana Martinez,anamartinez@hotmail.com,3102932663,CC,,INACTIVO
5997.0,Juan Perez,sofiatorres@gmail.com,3114993659,CC,27687435,desconocido
,Juan Perez,juanperez@hotmail.com,3024807150,TI,91560651,ACTIVO
20091.0,Sofia Torres,,3111785464,TI,11657310,SUSPENDIDO
,Luis Rojas,anamartinez@gmail.com,3118627192,CE,68488605,SUSPENDIDO
2664.0,Luis Rojas,,3117556906,CE,73762974,SUSPENDIDO
2114.0,Juan Perez,,3001892541,CC,44886129,INACTIVO
4934.0,Sofia Torres,luisrojas@yahoo.com,3116603630,CC,,INACTIVO
72710.0,Luis Rojas,luisrojas@hotmail.com,3022856404,TI,50262497,ACTIVO
,Sofia Torres,sofiatorres@yahoo.com,3029745900,TI,86519684,SUSPENDIDO
99866.0,Ana Martinez,,3005239272,TI,59425439,ACTIVO
95126.0,Juan Perez,,3022627486,CC,34636154,SUSPENDIDO
22.0,Juan Perez,,3015733604,TI,12673234,SUSPENDIDO
92797.0,Carlos Gomez,anamartinez@yahoo.com,3117204849,CC,89886617,INACTIVO
72464.0,Maria Lopez,anamartinez@yahoo.com,3007350249,CC,66415819,desconocido
80387.0,Sofia Torres,luisrojas@hotmail.com,3011086133,TI,,INACTIVO
,Carlos Gomez,marialopez@yahoo.com,3002590629,CC,93237491,ACTIVO
58167.0,Maria Lopez,,3105852068,CE,66954946,INACTIVO
20966.0,Sofia Torres,anamartinez@yahoo.com,abc123,CC,18776705,ACTIVO
39855.0,Sofia Torres,juanperez@hotmail.com,abc123,CE,74556225,INACTIVO
45002.0,Sofia Torres,sofiatorres@gmail.com,3102694880,CE,,INACTIVO
40508.0,Maria Lopez,,3117983787,CC,51795345,ACTIVO
78129.0,Juan Perez,,3008153916,CE,22576628,SUSPENDIDO
8001.0,Carlos Gomez,,3012723301,TI,77092435,ACTIVO
30081.0,Sofia Torres,marialopez@hotmail.com,3117984262,TI,75805460,ACTIVO
57991.0,Juan Perez,anamartinez@gmail.com,3103207579,CC,,INACTIVO
24738.0,Ana Martinez,juanperez@yahoo.com,abc123,TI,76837425,INACTIVO
31999.0,Sofia Torres,anamartinez@yahoo.com,abc123,CC,73202914,ACTIVO
,Ana Martinez,juanperez@gmail.com,3115991167,TI,91955455,INACTIVO
,Ana Martinez,luisrojas@hotmail.com,3021264554,TI,24133373,INACTIVO
39391.0,Carlos Gomez,,3013118996,TI,69894146,SUSPENDIDO
26487.0,Carlos Gomez,sofiatorres@hotmail.com,abc123,TI,73882969,ACTIVO
8072.0,Maria Lopez,,3006484763,CC,97222420,INACTIVO
,Ana Martinez,anamartinez@hotmail.com,3015727899,TI,16657079,SUSPENDIDO
,Carlos Gomez,marialopez@yahoo.com,3015691924,TI,85631794,SUSPENDIDO
23391.0,Luis Rojas,sofiatorres@hotmail.com,abc123,CE,66471009,INACTIVO
90235.0,Carlos Gomez,luisrojas@yahoo.com,3103670343,TI,,ACTIVO
8285.0,Sofia Torres,anamartinez@gmail.com,3014799139,CC,84241166,SUSPENDIDO
76099.0,Juan Perez,,3111961150,TI,56219387,INACTIVO
,Carlos Gomez,marialopez@yahoo.com,3102860006,CE,80002865,INACTIVO
,Sofia Torres,luisrojas@gmail.com,3021004695,CE,72075436,INACTIVO
,Maria Lopez,sofiatorres@yahoo.com,3013043316,CE,32029207,ACTIVO
,Sofia Torres,anamartinez@gmail.com,3014260451,TI,86911213,SUSPENDIDO
94981.0,Maria Lopez,sofiatorres@gmail.com,abc123,CE,55322355,SUSPENDIDO
94250.0,Luis Rojas,carlosgomez@hotmail.com,abc123,TI,77613872,INACTIVO
,Sofia Torres,sofiatorres@hotmail.com,3025164034,CC,79731928,INACTIVO
,Ana Martinez,carlosgomez@hotmail.com,3026967477,CE,10244196,ACTIVO
29197.0,Luis Rojas,sofiatorres@gmail.com,3116424817,CE,15273079,desconocido
45295.0,Ana Martinez,marialopez@hotmail.com,abc123,CE,10281761,SUSPENDIDO
19343.0,Ana Martinez,juanperez@yahoo.com,abc123,CE,93508903,ACTIVO
72401.0,Maria Lopez,,3023650483,CC,31079202,ACTIVO
,Luis Rojas,juanperez@gmail.com,3106532332,CC,72149994,SUSPENDIDO
75958.0,Juan Perez,sofiatorres@hotmail.com,3004082087,CE,,SUSPENDIDO
74328.0,Juan Perez,,3115920310,CC,91525139,INACTIVO
80896.0,Carlos Gomez,carlosgomez@gmail.com,abc123,CE,33389831,SUSPENDIDO
73504.0,Luis Rojas,marialopez@hotmail.com,3118230664,CC,83599648,ACTIVO
6699.0,Juan Perez,anamartinez@yahoo.com,3023232645,CE,,ACTIVO
,Sofia Torres,carlosgomez@yahoo.com,3111506005,CE,31527248,SUSPENDIDO
91290.0,Ana Martinez,carlosgomez@hotmail.com,3026548260,TI,,ACTIVO
92430.0,Juan Perez,juanperez@gmail.com,abc123,CC,53411733,ACTIVO
,Ana Martinez,marialopez@hotmail.com,3028238123,CE,46336582,ACTIVO
,Juan Perez,anamartinez@hotmail.com,3026759695,CC,81268465,SUSPENDIDO
66082.0,Maria Lopez,anamartinez@hotmail.com,3002781959,TI,71022317,ACTIVO
77056.0,Luis Rojas,juanperez@gmail.com,3025147911,CE,,SUSPENDIDO
96642.0,Luis Rojas,sofiatorres@gmail.com,3119448058,TI,,SUSPENDIDO
58019.0,Luis Rojas,sofiatorres@hotmail.com,3025266950,TI,,SUSPENDIDO
6191.0,Luis Rojas,juanperez@gmail.com,abc123,TI,98463078,SUSPENDIDO
40153.0,Sofia Torres,carlosgomez@hotmail.com,abc123,TI,98945325,SUSPENDIDO
54059.0,Ana Martinez,carlosgomez@gmail.com,abc123,TI,90757403,INACTIVO
81087.0,Carlos Gomez,sofiatorres@hotmail.com,3106643102,CC,,ACTIVO
79987.0,Carlos Gomez,luisrojas@hotmail.com,abc123,TI,73046055,ACTIVO
89420.0,Carlos Gomez,carlosgomez@hotmail.com,3103290832,CC,,SUSPENDIDO
25593.0,Juan Perez,juanperez@hotmail.com,3108874782,CE,,ACTIVO
97663.0,Juan Perez,,3023508365,CC,83554897,SUSPENDIDO
78657.0,Carlos Gomez,marialopez@hotmail.com,3019585366,CE,,INACTIVO
,Sofia Torres,anamartinez@yahoo.com,3117788973,CC,33073464,SUSPENDIDO
91391.0,Carlos Gomez,,3011779119,CE,15303450,SUSPENDIDO
16809.0,Ana Martinez,luisrojas@hotmail.com,abc123,CC,54080876,INACTIVO
,Carlos Gomez,luisrojas@hotmail.com,3118690014,CC,67052894,ACTIVO
11650.0,Sofia Torres,,3017037473,CC,53585453,SUSPENDIDO
6717.0,Carlos Gomez,carlosgomez@gmail.com,abc123,TI,50764802,SUSPENDIDO
,Carlos Gomez,luisrojas@hotmail.com,3018891817,CE,21439233,SUSPENDIDO
9012.0,Juan Perez,anamartinez@hotmail.com,3007808422,CE,54713249,desconocido
91913.0,Luis Rojas,marialopez@hotmail.com,3105807788,TI,14848954,desconocido
17353.0,Sofia Torres,marialopez@gmail.com,abc123,TI,89124236,INACTIVO
4110.0,Juan Perez,,3019688290,CE,42588312,INACTIVO
,Ana Martinez,marialopez@gmail.com,3011405774,CE,29091674,INACTIVO
87793.0,Juan Perez,juanperez@hotmail.com,abc123,CC,58229110,SUSPENDIDO
42800.0,Juan Perez,carlosgomez@gmail.com,abc123,TI,67785661,INACTIVO
1480.0,Juan Perez,anamartinez@gmail.com,abc123,CC,10352839,SUSPENDIDO
76999.0,Ana Martinez,sofiatorres@gmail.com,3016968444,CE,,ACTIVO
48938.0,Carlos Gomez,sofiatorres@yahoo.com,abc123,TI,14569977,INACTIVO
89898.0,Luis Rojas,juanperez@yahoo.com,3009419650,CC,94033023,desconocido
54874.0,Ana Martinez,carlosgomez@yahoo.com,3113343223,TI,,SUSPENDIDO
46232.0,Juan Perez,,3115505877,CE,78734152,ACTIVO
85291.0,Ana Martinez,luisrojas@gmail.com,3102729168,CC,91662900,INACTIVO
,Maria Lopez,juanperez@gmail.com,3111187290,TI,40321976,SUSPENDIDO
4731.0,Luis Rojas,luisrojas@gmail.com,abc123,CC,16007653,ACTIVO
91342.0,Carlos Gomez,sofiatorres@hotmail.com,3103838409,CE,96718587,ACTIVO
48330.0,Juan Perez,anamartinez@gmail.com,3115177379,TI,38148269,INACTIVO
95334.0,Juan Perez,,3111103552,TI,65125255,INACTIVO
60744.0,Juan Perez,luisrojas@gmail.com,3029529653,CE,,ACTIVO
65071.0,Maria Lopez,carlosgomez@gmail.com,3021781541,TI,99793191,SUSPENDIDO
64568.0,Juan Perez,,3115070001,TI,67086483,SUSPENDIDO
8543.0,Maria Lopez,,3029371501,CE,89426221,INACTIVO
,Sofia Torres,sofiatorres@yahoo.com,3027069976,CC,80106380,INACTIVO
95310.0,Maria Lopez,luisrojas@yahoo.com,3018054496,CC,29604425,desconocido
98666.0,Juan Perez,marialopez@hotmail.com,abc123,TI,67817696,INACTIVO
7062.0,Carlos Gomez,anamartinez@hotmail.com,3116839769,CC,,SUSPENDIDO
,Sofia Torres,carlosgomez@gmail.com,3109035972,CE,66209972,ACTIVO
,Juan Perez,juanperez@yahoo.com,3107366269,TI,14994573,INACTIVO
84548.0,Ana Martinez,luisrojas@yahoo.com,abc123,CC,97849194,INACTIVO
19724.0,Sofia Torres,,3023034469,CE,29730961,SUSPENDIDO
33175.0,Sofia Torres,luisrojas@hotmail.com,3114820860,CC,,INACTIVO
68251.0,Ana Martinez,carlosgomez@gmail.com,3001050289,CC,50020990,INACTIVO
84896.0,Juan Perez,,3104709972,TI,62223108,ACTIVO
37168.0,Luis Rojas,sofiatorres@yahoo.com,3024808320,CC,50288523,desconocido
98023.0,Ana Martinez,,3009615024,CE,49129223,SUSPENDIDO
,Ana Martinez,anamartinez@hotmail.com,3108521715,CC,37197536,SUSPENDIDO
97659.0,Maria Lopez,marialopez@gmail.com,abc123,CE,94918642,ACTIVO
191.0,Carlos Gomez,,3018464213,CC,50033979,ACTIVO
87181.0,Sofia Torres,sofiatorres@yahoo.com,3101466292,TI,,INACTIVO
32067.0,Carlos Gomez,juanperez@yahoo.com,3022100791,CC,10943339,INACTIVO
75051.0,Sofia Torres,anamartinez@yahoo.com,3119855517,CE,73213577,desconocido
68586.0,Juan Perez,marialopez@gmail.com,3021873576,TI,,SUSPENDIDO
59921.0,Maria Lopez,luisrojas@hotmail.com,abc123,CE,76713373,SUSPENDIDO
74663.0,Luis Rojas,sofiatorres@yahoo.com,3106651185,CE,,ACTIVO
,Luis Rojas,carlosgomez@hotmail.com,3003025259,CE,60600476,ACTIVO
,Ana Martinez,carlosgomez@hotmail.com,3112668453,TI,36160378,INACTIVO
,Sofia Torres,luisrojas@gmail.com,3011100837,CE,28027862,ACTIVO
11679.0,Maria Lopez,anamartinez@hotmail.com,abc123,CC,63904019,ACTIVO
64583.0,Juan Perez,carlosgomez@yahoo.com,3118182870,TI,78895018,desconocido
83017.0,Sofia Torres,,3108327604,CC,48036189,SUSPENDIDO
80650.0,Maria Lopez,luisrojas@yahoo.com,abc123,CC,63284481,INACTIVO
26619.0,Carlos Gomez,juanperez@hotmail.com,3101542146,CC,73597166,desconocido
14930.0,Luis Rojas,marialopez@gmail.com,3016831255,CE,,SUSPENDIDO
,Maria Lopez,anamartinez@hotmail.com,3001684542,CC,16741156,ACTIVO
8431.0,Luis Rojas,luisrojas@gmail.com,3109994023,TI,,SUSPENDIDO
,Maria Lopez,sofiatorres@gmail.com,3109448356,CE,57634004,ACTIVO
,Ana Martinez,carlosgomez@yahoo.com,3027192250,CE,47694537,INACTIVO
47646.0,Juan Perez,,3112661868,CE,56309603,ACTIVO
33089.0,Ana Martinez,sofiatorres@yahoo.com,3111732866,CC,,SUSPENDIDO
8591.0,Sofia Torres,juanperez@hotmail.com,abc123,TI,95500397,INACTIVO
91892.0,Sofia Torres,juanperez@yahoo.com,3005031119,CE,73610488,INACTIVO
66587.0,Juan Perez,,3023922842,CC,33927914,INACTIVO
32984.0,Ana Martinez,,3014537099,CC,36251354,SUSPENDIDO
23247.0,Ana Martinez,,3017820426,TI,69809930,ACTIVO
82806.0,Maria Lopez,anamartinez@hotmail.com,3015124610,CC,79344112,ACTIVO
81276.0,Juan Perez,anamartinez@hotmail.com,3028894531,TI,,ACTIVO
41309.0,Maria Lopez,anamartinez@gmail.com,abc123,CE,99345306,ACTIVO
,Luis Rojas,luisrojas@yahoo.com,3007541564,CE,86020455,ACTIVO
45124.0,Ana Martinez,luisrojas@hotmail.com,3025068211,CE,76127027,SUSPENDIDO
,Maria Lopez,marialopez@yahoo.com,3017104677,CC,10538899,ACTIVO
13955.0,Sofia Torres,marialopez@hotmail.com,abc123,CE,30393578,ACTIVO
35954.0,Luis Rojas,,3001604170,CE,72852644,SUSPENDIDO
,Luis Rojas,juanperez@gmail.com,3101231962,CC,58285441,ACTIVO
37598.0,Ana Martinez,sofiatorres@gmail.com,3006758522,CE,,ACTIVO
8243.0,Luis Rojas,marialopez@gmail.com,abc123,CE,86284727,SUSPENDIDO
56848.0,Luis Rojas,juanperez@gmail.com,3021551146,TI,,ACTIVO
,Maria Lopez,marialopez@gmail.com,3118847267,TI,11520281,SUSPENDIDO
46884.0,Juan Perez,juanperez@gmail.com,3004496930,TI,25812401,SUSPENDIDO
5409.0,Luis Rojas,carlosgomez@yahoo.com,abc123,TI,96620099,ACTIVO
,Juan Perez,anamartinez@gmail.com,3119550550,CE,53942192,ACTIVO
30825.0,Maria Lopez,carlosgomez@gmail.com,abc123,TI,15204817,INACTIVO
29380.0,Ana Martinez,,3102419231,CE,78626549,INACTIVO
19265.0,Carlos Gomez,luisrojas@gmail.com,3101478609,TI,47204427,ACTIVO
35676.0,Ana Martinez,,3027795442,TI,54007666,SUSPENDIDO
64066.0,Ana Martinez,carlosgomez@gmail.com,3115402392,TI,34343306,SUSPENDIDO
,Maria Lopez,juanperez@hotmail.com,3116443861,CE,13492138,SUSPENDIDO
97126.0,Ana Martinez,,3018968793,TI,60125739,ACTIVO
,Maria Lopez,juanperez@yahoo.com,3011433372,CE,30277384,ACTIVO
41082.0,Sofia Torres,,3115561466,CE,97919041,ACTIVO
,Ana Martinez,anamartinez@gmail.com,3008386462,CE,68046319,INACTIVO
67450.0,Maria Lopez,sofiatorres@yahoo.com,3002920189,TI,,SUSPENDIDO
12849.0,Sofia Torres,luisrojas@hotmail.com,3116815828,CE,34440350,desconocido
,Ana Martinez,juanperez@gmail.com,3025578157,TI,85626130,ACTIVO
23457.0,Ana Martinez,,3028481554,CE,23718725,INACTIVO
93399.0,Luis Rojas,anamartinez@gmail.com,3104919117,CE,27555318,desconocido
20498.0,Maria Lopez,,3106063256,CE,33539095,ACTIVO
5597.0,Sofia Torres,marialopez@yahoo.com,3114199121,TI,,ACTIVO
,Maria Lopez,carlosgomez@yahoo.com,3027517310,CE,98924405,SUSPENDIDO
,Sofia Torres,luisrojas@yahoo.com,3102960976,TI,56343383,SUSPENDIDO
,Carlos Gomez,juanperez@hotmail.com,3114247583,CC,14667125,ACTIVO
25328.0,Ana Martinez,sofiatorres@hotmail.com,abc123,TI,33721237,ACTIVO
57202.0,Juan Perez,luisrojas@gmail.com,abc123,TI,63604352,SUSPENDIDO
,Sofia Torres,sofiatorres@hotmail.com,3021302158,CC,88716421,INACTIVO
68602.0,Ana Martinez,,3011789509,CC,30133197,SUSPENDIDO
41393.0,Carlos Gomez,,3108239746,TI,65268790,SUSPENDIDO
,Sofia Torres,carlosgomez@yahoo.com,3106689436,TI,60393462,ACTIVO
13528.0,Carlos Gomez,luisrojas@yahoo.com,3029150867,CE,10704700,SUSPENDIDO
28264.0,Carlos Gomez,sofiatorres@yahoo.com,abc123,CC,83651462,ACTIVO
90980.0,Sofia Torres,luisrojas@hotmail.com,3013507824,TI,67858216,desconocido
7622.0,Maria Lopez,sofiatorres@yahoo.com,3025047413,CE,,SUSPENDIDO
85431.0,Ana Martinez,marialopez@gmail.com,abc123,CC,48567583,INACTIVO
,Ana Martinez,luisrojas@hotmail.com,3116339203,TI,55594326,SUSPENDIDO
16909.0,Ana Martinez,juanperez@hotmail.com,abc123,CC,72404884,SUSPENDIDO
5061.0,Carlos Gomez,carlosgomez@yahoo.com,3102387487,TI,31180651,ACTIVO
62063.0,Sofia Torres,juanperez@hotmail.com,3001247687,CE,,INACTIVO
,Maria Lopez,marialopez@hotmail.com,3026351184,TI,62294990,SUSPENDIDO
99750.0,Luis Rojas,luisrojas@hotmail.com,abc123,CE,89262029,ACTIVO
860.0,Sofia Torres,sofiatorres@yahoo.com,3025638490,CE,,ACTIVO
98184.0,Maria Lopez,luisrojas@hotmail.com,abc123,CE,77236767,ACTIVO
,Maria Lopez,sofiatorres@gmail.com,3114736578,CE,35042295,ACTIVO
,Juan Perez,carlosgomez@hotmail.com,3024950092,CC,59764965,SUSPENDIDO
,Carlos Gomez,sofiatorres@hotmail.com,3009175989,CE,48979358,ACTIVO
74037.0,Sofia Torres,juanperez@yahoo.com,3022496973,TI,,ACTIVO
82432.0,Ana Martinez,juanperez@hotmail.com,3009669666,TI,,INACTIVO
88037.0,Maria Lopez,,3008687314,CC,38530684,SUSPENDIDO
37286.0,Carlos Gomez,,3106043694,TI,40837264,SUSPENDIDO
78780.0,Sofia Torres,marialopez@gmail.com,3012565007,TI,,ACTIVO
84129.0,Sofia Torres,juanperez@gmail.com,abc123,CC,95192026,SUSPENDIDO
59419.0,Maria Lopez,sofiatorres@gmail.com,abc123,CE,34140237,ACTIVO
13480.0,Luis Rojas,carlosgomez@yahoo.com,abc123,CE,12913045,SUSPENDIDO
85599.0,Sofia Torres,carlosgomez@hotmail.com,3029048043,TI,,INACTIVO
75352.0,Maria Lopez,juanperez@yahoo.com,3101843189,TI,59525671,desconocido
38913.0,Ana Martinez,,3104698870,CC,16957943,ACTIVO
39639.0,Luis Rojas,,3011871314,CC,54944540,SUSPENDIDO
90459.0,Carlos Gomez,,3019005037,TI,43478542,SUSPENDIDO
10939.0,Juan Perez,,3007747891,TI,25119496,ACTIVO
32842.0,Luis Rojas,anamartinez@yahoo.com,3104134957,CE,58378662,desconocido
52960.0,Luis Rojas,juanperez@yahoo.com,3107687334,CC,,SUSPENDIDO
2772.0,Juan Perez,carlosgomez@yahoo.com,abc123,CE,49458561,INACTIVO
,Carlos Gomez,luisrojas@gmail.com,3104216077,TI,84461018,ACTIVO
69138.0,Juan Perez,juanperez@hotmail.com,3029434089,TI,44732713,ACTIVO
,Carlos Gomez,marialopez@gmail.com,3013415916,TI,44704119,INACTIVO
4549.0,Luis Rojas,marialopez@hotmail.com,abc123,CC,51357819,INACTIVO
8408.0,Juan Perez,marialopez@hotmail.com,abc123,CE,49303897,SUSPENDIDO
1094.0,Maria Lopez,carlosgomez@hotmail.com,abc123,CC,51426894,SUSPENDIDO
76563.0,Juan Perez,luisrojas@hotmail.com,3023551528,CC,,INACTIVO
13598.0,Ana Martinez,sofiatorres@yahoo.com,3009412906,CE,,INACTIVO
,Luis Rojas,sofiatorres@yahoo.com,3107257103,TI,16865744,ACTIVO
70245.0,Juan Perez,juanperez@gmail.com,abc123,TI,43453141,SUSPENDIDO
25183.0,Luis Rojas,,3115478905,CE,39323350,INACTIVO
,Maria Lopez,marialopez@gmail.com,3025116203,CC,97144129,INACTIVO
88804.0,Luis Rojas,juanperez@hotmail.com,3019922326,CE,47568136,desconocido
82676.0,Carlos Gomez,juanperez@hotmail.com,abc123,CC,39438715,ACTIVO
46818.0,Carlos Gomez,,3101884505,TI,87667140,INACTIVO
88139.0,Sofia Torres,sofiatorres@hotmail.com,3107509810,CE,,ACTIVO
91278.0,Sofia Torres,marialopez@hotmail.com,3017735767,CC,,INACTIVO
,Sofia Torres,sofiatorres@yahoo.com,3009184231,TI,18463828,ACTIVO
90770.0,Juan Perez,,3016735627,CE,62983228,ACTIVO
72830.0,Maria Lopez,anamartinez@yahoo.com,3006349435,CE,,SUSPENDIDO
70392.0,Sofia Torres,,3026565947,CC,72074574,INACTIVO
,Ana Martinez,marialopez@yahoo.com,3024683214,TI,82309856,INACTIVO
8111.0,Juan Perez,anamartinez@yahoo.com,3013199068,CC,,SUSPENDIDO
14751.0,Luis Rojas,luisrojas@hotmail.com,abc123,TI,16792184,ACTIVO
69713.0,Maria Lopez,,3115632493,CE,65046311,INACTIVO
1705.0,Maria Lopez,marialopez@hotmail.com,3002857270,CC,,INACTIVO
,Maria Lopez,marialopez@yahoo.com,3103102493,CC,27373725,INACTIVO
69774.0,Carlos Gomez,juanperez@hotmail.com,3018984552,CC,,SUSPENDIDO
8165.0,Maria Lopez,marialopez@gmail.com,3002927630,TI,24642368,INACTIVO
,Carlos Gomez,luisrojas@gmail.com,3117369414,CE,82285450,INACTIVO
25669.0,Juan Perez,,3003076210,TI,83041956,ACTIVO
38219.0,Carlos Gomez,,3119789405,TI,40170679,ACTIVO
2158.0,Juan Perez,,3118162376,CE,27891625,ACTIVO
,Ana Martinez,juanperez@hotmail.com,3008138675,CE,95814525,SUSPENDIDO
62342.0,Sofia Torres,,3101620119,CE,37412378,SUSPENDIDO
,Luis Rojas,anamartinez@hotmail.com,3028598679,TI,90154276,ACTIVO
21476.0,Sofia Torres,,3113340769,CE,92449048,ACTIVO
,Carlos Gomez,luisrojas@hotmail.com,3112282168,CC,50080185,ACTIVO
24754.0,Maria Lopez,luisrojas@gmail.com,abc123,CC,99696814,SUSPENDIDO
28496.0,Sofia Torres,marialopez@hotmail.com,abc123,CE,24118345,SUSPENDIDO
3495.0,Maria Lopez,sofiatorres@gmail.com,3029240571,CE,43560365,SUSPENDIDO
27668.0,Maria Lopez,anamartinez@hotmail.com,3007519481,TI,,ACTIVO
4508.0,Carlos Gomez,juanperez@hotmail.com,3012064484,CC,,ACTIVO
67143.0,Ana Martinez,,3019569265,TI,76145286,INACTIVO
,Maria Lopez,luisrojas@gmail.com,3106298438,TI,48891823,ACTIVO
45791.0,Carlos Gomez,luisrojas@yahoo.com,3013026837,TI,53458196,INACTIVO
15737.0,Maria Lopez,juanperez@gmail.com,3116332047,CE,92994244,desconocido
48641.0,Sofia Torres,,3112063942,CC,79339636,INACTIVO
,Ana Martinez,luisrojas@hotmail.com,3103034861,CC,89337909,ACTIVO
18931.0,Luis Rojas,juanperez@yahoo.com,3019582368,TI,52991024,SUSPENDIDO
39293.0,Luis Rojas,carlosgomez@yahoo.com,3103796650,CE,18908713,ACTIVO
1380.0,Ana Martinez,carlosgomez@hotmail.com,abc123,TI,29733397,ACTIVO
78009.0,Carlos Gomez,juanperez@hotmail.com,3028689285,CE,98536290,desconocido
75179.0,Juan Perez,juanperez@yahoo.com,abc123,TI,63404723,ACTIVO
40113.0,Juan Perez,anamartinez@gmail.com,3011138655,CE,,ACTIVO
3901.0,Ana Martinez,juanperez@gmail.com,3018539555,CE,15482457,desconocido
,Luis Rojas,juanperez@hotmail.com,3019947780,CE,80239904,INACTIVO
13122.0,Carlos Gomez,marialopez@gmail.com,abc123,CE,95171415,SUSPENDIDO
,Juan Perez,sofiatorres@yahoo.com,3111202636,CE,47356576,SUSPENDIDO
51479.0,Carlos Gomez,sofiatorres@yahoo.com,3013895366,CC,64068683,desconocido
35561.0,Maria Lopez,anamartinez@hotmail.com,3028364444,CE,59956988,INACTIVO
82941.0,Maria Lopez,juanperez@yahoo.com,abc123,CC,72544522,INACTIVO
,Juan Perez,luisrojas@hotmail.com,3113547565,CE,33868567,SUSPENDIDO
36460.0,Maria Lopez,marialopez@hotmail.com,abc123,TI,64229701,ACTIVO
36817.0,Ana Martinez,carlosgomez@gmail.com,3109521194,CC,30864215,ACTIVO
11331.0,Sofia Torres,,3103381714,CE,20794374,ACTIVO
58747.0,Luis Rojas,,3029695589,CE,72749592,SUSPENDIDO
97528.0,Luis Rojas,,3002709795,TI,31880447,SUSPENDIDO
12714.0,Maria Lopez,carlosgomez@hotmail.com,3117271615,CC,,SUSPENDIDO
36482.0,Ana Martinez,sofiatorres@gmail.com,3117003403,CE,,INACTIVO
25475.0,Ana Martinez,sofiatorres@gmail.com,3103688087,TI,,INACTIVO
66346.0,Sofia Torres,juanperez@yahoo.com,3007389078,CC,27004868,desconocido
17575.0,Maria Lopez,juanperez@gmail.com,3112158816,CC,,INACTIVO
18338.0,Maria Lopez,,3103460522,TI,21525398,ACTIVO
21016.0,Juan Perez,sofiatorres@gmail.com,3023415128,CE,54902414,desconocido
,Luis Rojas,juanperez@gmail.com,3005253709,TI,60248605,SUSPENDIDO
25158.0,Sofia Torres,,3027039589,CC,69076753,INACTIVO
,Juan Perez,marialopez@yahoo.com,3001182725,TI,84277809,SUSPENDIDO
47571.0,Ana Martinez,sofiatorres@hotmail.com,3104029084,TI,,ACTIVO
75654.0,Maria Lopez,luisrojas@yahoo.com,3028776873,TI,,ACTIVO
34596.0,Luis Rojas,carlosgomez@hotmail.com,3101897372,CE,,INACTIVO
99024.0,Carlos Gomez,sofiatorres@gmail.com,3018621754,TI,,SUSPENDIDO
45583.0,Maria Lopez,marialopez@yahoo.com,abc123,TI,30299182,INACTIVO
90206.0,Juan Perez,,3026762063,CE,96676381,ACTIVO
61693.0,Luis Rojas,marialopez@gmail.com,abc123,TI,75767816,INACTIVO
28176.0,Juan Perez,marialopez@yahoo.com,3004825086,CC,63867993,desconocido
61751.0,Carlos Gomez,luisrojas@yahoo.com,3028054104,TI,,ACTIVO
377.0,Sofia Torres,marialopez@gmail.com,3018330760,CC,32084740,ACTIVO
11053.0,Ana Martinez,marialopez@yahoo.com,3014562314,TI,32956884,desconocido
15366.0,Sofia Torres,marialopez@gmail.com,3026648982,TI,,SUSPENDIDO
,Juan Perez,luisrojas@gmail.com,3011160966,CC,12266485,ACTIVO
19818.0,Maria Lopez,,3014019055,CE,18986011,ACTIVO
59960.0,Sofia Torres,,3012318741,CE,27032990,ACTIVO
791.0,Sofia Torres,carlosgomez@yahoo.com,abc123,CE,65452521,SUSPENDIDO
,Juan Perez,carlosgomez@gmail.com,3108393038,TI,76874723,SUSPENDIDO
96613.0,Carlos Gomez,luisrojas@gmail.com,abc123,TI,57661359,INACTIVO
75962.0,Ana Martinez,,3021232611,CE,91454894,ACTIVO
,Maria Lopez,juanperez@hotmail.com,3012246665,CE,56952809,INACTIVO
36225.0,Maria Lopez,sofiatorres@hotmail.com,3118465325,CE,18504950,desconocido
4193.0,Ana Martinez,juanperez@gmail.com,3114123489,CC,,INACTIVO
73919.0,Maria Lopez,anamartinez@hotmail.com,abc123,CC,94422248,INACTIVO
38113.0,Ana Martinez,marialopez@gmail.com,3118345179,CE,98077210,SUSPENDIDO
17636.0,Luis Rojas,juanperez@gmail.com,abc123,CC,76191558,SUSPENDIDO
7675.0,Juan Perez,luisrojas@gmail.com,abc123,CC,83126827,SUSPENDIDO
45048.0,Carlos Gomez,marialopez@hotmail.com,3107482687,CE,,ACTIVO
96232.0,Luis Rojas,marialopez@hotmail.com,3108668414,CC,,SUSPENDIDO
54161.0,Sofia Torres,,3011782546,TI,17140442,SUSPENDIDO
69686.0,Carlos Gomez,juanperez@hotmail.com,3006838766,TI,,SUSPENDIDO
36322.0,Maria Lopez,sofiatorres@yahoo.com,abc123,CE,75943043,ACTIVO
,Sofia Torres,luisrojas@gmail.com,3019611387,TI,12493793,INACTIVO
,Carlos Gomez,sofiatorres@gmail.com,3022972628,TI,42426745,ACTIVO
,Sofia Torres,sofiatorres@hotmail.com,3109968939,TI,40566337,SUSPENDIDO
47964.0,Ana Martinez,carlosgomez@gmail.com,3021288330,CC,36710024,ACTIVO
83504.0,Luis Rojas,luisrojas@hotmail.com,3114817556,CC,,INACTIVO
,Carlos Gomez,juanperez@gmail.com,3108535757,CC,46688148,INACTIVO
11847.0,Juan Perez,,3012330383,CC,25022774,SUSPENDIDO
71201.0,Sofia Torres,sofiatorres@hotmail.com,3003194508,CC,75614289,ACTIVO
83899.0,Maria Lopez,,3111476452,CC,38880758,SUSPENDIDO
40748.0,Ana Martinez,carlosgomez@hotmail.com,abc123,CC,92709879,INACTIVO
32618.0,Sofia Torres,carlosgomez@yahoo.com,3028868205,CE,60115974,desconocido
71438.0,Carlos Gomez,juanperez@gmail.com,3114385150,CE,29703835,ACTIVO
74563.0,Carlos Gomez,juanperez@gmail.com,3017694291,TI,,INACTIVO
88014.0,Juan Perez,juanperez@gmail.com,3115783700,TI,,SUSPENDIDO
14462.0,Juan Perez,carlosgomez@gmail.com,abc123,TI,70591416,INACTIVO
47298.0,Luis Rojas,sofiatorres@gmail.com,3029723016,TI,79012349,desconocido
53880.0,Carlos Gomez,sofiatorres@hotmail.com,3012031445,TI,,INACTIVO
4674.0,Luis Rojas,juanperez@hotmail.com,abc123,TI,85163006,SUSPENDIDO
1454.0,Juan Perez,sofiatorres@hotmail.com,abc123,CC,48719888,SUSPENDIDO
96737.0,Luis Rojas,juanperez@yahoo.com,abc123,CE,16563526,ACTIVO
50836.0,Ana Martinez,carlosgomez@hotmail.com,3103489885,CC,,SUSPENDIDO
,Ana Martinez,carlosgomez@yahoo.com,3008009435,CC,25261633,INACTIVO
67781.0,Maria Lopez,marialopez@yahoo.com,abc123,CC,72538230,SUSPENDIDO
95496.0,Carlos Gomez,,3012100806,TI,18823867,INACTIVO
,Juan Perez,sofiatorres@gmail.com,3013392262,TI,89093374,INACTIVO
,Maria Lopez,carlosgomez@yahoo.com,3102681101,TI,70573826,INACTIVO
22415.0,Sofia Torres,carlosgomez@hotmail.com,abc123,CE,91539045,ACTIVO
12672.0,Ana Martinez,,3017975237,CE,92439770,SUSPENDIDO
17223.0,Carlos Gomez,luisrojas@gmail.com,3102105502,CC,,ACTIVO
84374.0,Carlos Gomez,marialopez@hotmail.com,abc123,CC,91000755,SUSPENDIDO
29285.0,Juan Perez,,3006888844,TI,29022339,SUSPENDIDO
90648.0,Sofia Torres,,3112005822,TI,61385477,SUSPENDIDO
51868.0,Sofia Torres,juanperez@hotmail.com,3023975276,CE,25882132,ACTIVO
3961.0,Maria Lopez,,3013787997,CE,86293440,ACTIVO
46909.0,Luis Rojas,marialopez@yahoo.com,3008734387,CE,,ACTIVO
,Ana Martinez,anamartinez@yahoo.com,3016102782,CC,42026199,INACTIVO
76860.0,Carlos Gomez,sofiatorres@gmail.com,3014219190,CE,51022589,desconocido
68669.0,Carlos Gomez,marialopez@gmail.com,abc123,TI,46472230,SUSPENDIDO
58016.0,Ana Martinez,,3005760135,CE,99778863,INACTIVO
68388.0,Ana Martinez,luisrojas@gmail.com,abc123,TI,98690093,INACTIVO
,Juan Perez,juanperez@yahoo.com,3103487273,TI,67222629,INACTIVO
14988.0,Sofia Torres,juanperez@yahoo.com,3118842049,CE,76412272,ACTIVO
,Maria Lopez,luisrojas@yahoo.com,3024821629,CC,35869169,SUSPENDIDO
77645.0,Sofia Torres,carlosgomez@hotmail.com,3017367037,CE,70955971,ACTIVO
3860.0,Carlos Gomez,luisrojas@gmail.com,3017675090,CE,,INACTIVO
91707.0,Sofia Torres,carlosgomez@yahoo.com,3116855475,CE,81053902,SUSPENDIDO
,Maria Lopez,marialopez@gmail.com,3024802510,TI,47077579,INACTIVO
46577.0,Sofia Torres,anamartinez@hotmail.com,abc123,CC,81439694,ACTIVO
50368.0,Maria Lopez,juanperez@yahoo.com,3005227591,TI,,INACTIVO
82472.0,Ana Martinez,luisrojas@yahoo.com,abc123,CE,76440248,ACTIVO
,Ana Martinez,juanperez@hotmail.com,3113016256,TI,47477564,INACTIVO
71636.0,Luis Rojas,carlosgomez@yahoo.com,3106875942,CE,,INACTIVO
48626.0,Juan Perez,luisrojas@gmail.com,abc123,TI,83918265,SUSPENDIDO
58080.0,Ana Martinez,marialopez@yahoo.com,3104814550,CE,,SUSPENDIDO
,Maria Lopez,marialopez@gmail.com,3115302137,CE,29887999,ACTIVO
29857.0,Maria Lopez,carlosgomez@hotmail.com,abc123,TI,99987649,ACTIVO
70326.0,Carlos Gomez,carlosgomez@gmail.com,abc123,CC,17880720,SUSPENDIDO
11692.0,Sofia Torres,sofiatorres@yahoo.com,abc123,CE,77733274,ACTIVO
46748.0,Ana Martinez,luisrojas@gmail.com,3012185549,CC,96779654,desconocido
59495.0,Luis Rojas,marialopez@hotmail.com,abc123,CC,35535913,ACTIVO
,Ana Martinez,sofiatorres@gmail.com,3008610961,TI,53160398,ACTIVO
34585.0,Maria Lopez,,3014194395,CE,77875695,INACTIVO
3203.0,Juan Perez,luisrojas@gmail.com,3005445769,CE,80065867,desconocido
24907.0,Luis Rojas,,3108256511,CE,95000442,INACTIVO
42713.0,Maria Lopez,,3013938150,TI,60921940,SUSPENDIDO
68569.0,Luis Rojas,luisrojas@hotmail.com,abc123,CE,50450292,SUSPENDIDO
61394.0,Luis Rojas,carlosgomez@yahoo.com,abc123,TI,70000973,INACTIVO
18123.0,Luis Rojas,,3023655846,CE,57194384,INACTIVO
92811.0,Sofia Torres,sofiatorres@gmail.com,3029107081,TI,,SUSPENDIDO
39254.0,Sofia Torres,juanperez@yahoo.com,3008816450,CE,,INACTIVO
,Ana Martinez,anamartinez@yahoo.com,3029749566,CE,39914373,INACTIVO
80588.0,Sofia Torres,,3012482482,CC,68228517,INACTIVO
88412.0,Carlos Gomez,sofiatorres@gmail.com,3021674055,CC,,ACTIVO
48719.0,Juan Perez,anamartinez@gmail.com,3016246204,TI,,INACTIVO
6595.0,Juan Perez,marialopez@hotmail.com,3002526985,CE,,INACTIVO
15050.0,Juan Perez,,3014760176,CC,64646810,INACTIVO
,Carlos Gomez,anamartinez@hotmail.com,3014807220,CC,15827501,INACTIVO
73867.0,Ana Martinez,anamartinez@gmail.com,3009111945,CC,,INACTIVO
61815.0,Luis Rojas,sofiatorres@yahoo.com,abc123,CC,86772941,ACTIVO
42174.0,Ana Martinez,juanperez@hotmail.com,3001741700,CC,24037708,desconocido
83704.0,Luis Rojas,sofiatorres@gmail.com,3025204644,TI,78723463,INACTIVO
,Ana Martinez,anamartinez@hotmail.com,3005272952,CE,19489129,ACTIVO
,Luis Rojas,juanperez@hotmail.com,3016925431,CC,87520012,SUSPENDIDO
13429.0,Maria Lopez,,3116587116,TI,46445613,ACTIVO
78524.0,Maria Lopez,sofiatorres@hotmail.com,abc123,CE,95931412,SUSPENDIDO
52025.0,Ana Martinez,juanperez@gmail.com,3108594302,CC,,ACTIVO
,Carlos Gomez,sofiatorres@yahoo.com,3029003819,TI,11630837,INACTIVO
65901.0,Juan Perez,,3107282803,CE,50638542,SUSPENDIDO
72571.0,Maria Lopez,,3012506633,TI,47524439,SUSPENDIDO
19476.0,Carlos Gomez,juanperez@hotmail.com,3016245822,CE,,ACTIVO
66635.0,Ana Martinez,anamartinez@gmail.com,3028358265,CE,34764251,SUSPENDIDO
17773.0,Ana Martinez,carlosgomez@hotmail.com,3113760559,CE,,INACTIVO
,Ana Martinez,anamartinez@gmail.com,3005804697,CC,69771113,SUSPENDIDO
11787.0,Luis Rojas,,3107757244,TI,71354927,ACTIVO
73158.0,Ana Martinez,marialopez@yahoo.com,abc123,CC,18100473,INACTIVO
35998.0,Ana Martinez,luisrojas@hotmail.com,abc123,TI,41839585,INACTIVO
28883.0,Ana Martinez,,3014481312,CE,39530726,ACTIVO
,Carlos Gomez,marialopez@hotmail.com,3113588209,CE,54711270,ACTIVO
11483.0,Luis Rojas,,3005001176,CE,90362999,INACTIVO
,Ana Martinez,sofiatorres@hotmail.com,3006580081,CE,97128430,ACTIVO
,Ana Martinez,marialopez@gmail.com,3107412361,CC,96029515,ACTIVO
5740.0,Luis Rojas,,3022725206,CE,63859746,SUSPENDIDO
83423.0,Juan Perez,carlosgomez@gmail.com,3117988160,TI,79621955,desconocido
71997.0,Sofia Torres,carlosgomez@gmail.com,abc123,CC,74341636,SUSPENDIDO
28556.0,Juan Perez,anamartinez@hotmail.com,3018983338,CE,18156970,desconocido
99602.0,Sofia Torres,,3019988244,TI,33752540,INACTIVO
70473.0,Ana Martinez,carlosgomez@hotmail.com,3113937670,TI,33146064,INACTIVO
65325.0,Juan Perez,sofiatorres@gmail.com,abc123,TI,55321710,ACTIVO
31268.0,Carlos Gomez,anamartinez@gmail.com,3012458169,TI,81570391,desconocido
6496.0,Luis Rojas,carlosgomez@hotmail.com,abc123,CE,52095019,ACTIVO
65010.0,Maria Lopez,marialopez@hotmail.com,abc123,CE,13333111,SUSPENDIDO
66082.0,Carlos Gomez,anamartinez@gmail.com,abc123,CE,56589071,ACTIVO
57021.0,Carlos Gomez,marialopez@yahoo.com,abc123,CC,47558850,SUSPENDIDO
,Juan Perez,carlosgomez@yahoo.com,3005423233,CC,47631473,ACTIVO
65440.0,Luis Rojas,,3117484540,CE,54364170,SUSPENDIDO
1814.0,Carlos Gomez,juanperez@yahoo.com,3022356691,CE,40788646,desconocido
37922.0,Carlos Gomez,anamartinez@hotmail.com,3027633483,CC,,INACTIVO
70287.0,Juan Perez,anamartinez@yahoo.com,3025677017,TI,69563754,desconocido
44010.0,Juan Perez,luisrojas@hotmail.com,3015107813,CC,,INACTIVO
83731.0,Ana Martinez,,3103064311,CE,90345008,ACTIVO
62364.0,Maria Lopez,,3014659313,CC,10961445,SUSPENDIDO
70124.0,Juan Perez,juanperez@yahoo.com,3108681835,CC,27089023,INACTIVO
,Sofia Torres,juanperez@gmail.com,3104068292,CE,30637561,SUSPENDIDO
16900.0,Luis Rojas,sofiatorres@gmail.com,abc123,TI,34672490,INACTIVO
31248.0,Juan Perez,,3116984877,CC,12753245,INACTIVO
12411.0,Carlos Gomez,juanperez@yahoo.com,abc123,CE,32155385,SUSPENDIDO
1925.0,Sofia Torres,anamartinez@gmail.com,abc123,CE,95155255,SUSPENDIDO
76954.0,Juan Perez,sofiatorres@yahoo.com,abc123,CE,57310053,INACTIVO
,Ana Martinez,anamartinez@hotmail.com,3119027341,CE,87800064,SUSPENDIDO
82915.0,Sofia Torres,juanperez@yahoo.com,3009258931,CE,90213566,SUSPENDIDO
,Juan Perez,luisrojas@hotmail.com,3015300915,TI,48237370,INACTIVO
1622.0,Juan Perez,,3028632179,CE,67183358,SUSPENDIDO
34083.0,Luis Rojas,,3009691412,CC,94082628,SUSPENDIDO
,Luis Rojas,marialopez@gmail.com,3014249614,TI,42071187,ACTIVO
88460.0,Carlos Gomez,juanperez@hotmail.com,abc123,CE,52219778,ACTIVO
46835.0,Sofia Torres,marialopez@hotmail.com,3011003714,CE,99660356,desconocido
37422.0,Ana Martinez,sofiatorres@hotmail.com,abc123,TI,63980793,INACTIVO
,Juan Perez,anamartinez@yahoo.com,3015563003,TI,63151803,INACTIVO
13386.0,Ana Martinez,juanperez@yahoo.com,3014569714,CC,,SUSPENDIDO
,Carlos Gomez,marialopez@hotmail.com,3105317760,CC,17952768,INACTIVO
10257.0,Ana Martinez,luisrojas@gmail.com,3116112867,CE,,ACTIVO
76859.0,Carlos Gomez,marialopez@hotmail.com,3108006569,CC,,SUSPENDIDO
40731.0,Maria Lopez,juanperez@hotmail.com,3111215003,CC,,SUSPENDIDO
43403.0,Luis Rojas,,3113612737,CC,95586207,ACTIVO
95535.0,Juan Perez,juanperez@yahoo.com,3002532102,CE,73812670,ACTIVO
39507.0,Maria Lopez,juanperez@gmail.com,3117797858,CE,,INACTIVO
64369.0,Carlos Gomez,carlosgomez@gmail.com,3002689672,CC,34441360,ACTIVO
82509.0,Sofia Torres,sofiatorres@hotmail.com,abc123,CC,28649652,SUSPENDIDO
80000.0,Ana Martinez,,3006160543,CE,69633133,INACTIVO
841.0,Ana Martinez,luisrojas@gmail.com,abc123,TI,28408897,ACTIVO
63531.0,Carlos Gomez,anamartinez@yahoo.com,abc123,CC,71377187,INACTIVO
19520.0,Sofia Torres,,3107670108,CE,78747179,INACTIVO
6900.0,Carlos Gomez,juanperez@gmail.com,3102473929,TI,22025624,desconocido
,Luis Rojas,anamartinez@hotmail.com,3015925427,TI,63202346,INACTIVO
7868.0,Sofia Torres,sofiatorres@hotmail.com,3009876123,TI,62559251,SUSPENDIDO
,Maria Lopez,juanperez@gmail.com,3114581896,CE,26827366,ACTIVO
15368.0,Sofia Torres,carlosgomez@yahoo.com,3104264224,CE,,ACTIVO
33921.0,Luis Rojas,sofiatorres@gmail.com,abc123,CC,56246994,SUSPENDIDO
90570.0,Ana Martinez,marialopez@gmail.com,3021129432,CE,,INACTIVO
90200.0,Sofia Torres,carlosgomez@yahoo.com,3011075606,CC,,ACTIVO
12227.0,Juan Perez,anamartinez@yahoo.com,3104940781,CC,18581904,desconocido
,Juan Perez,sofiatorres@yahoo.com,3103110420,CC,53554893,INACTIVO
88835.0,Carlos Gomez,anamartinez@yahoo.com,3025250226,TI,,INACTIVO
95203.0,Juan Perez,,3012224059,CE,22137011,INACTIVO
18378.0,Maria Lopez,sofiatorres@gmail.com,3109204200,CC,,INACTIVO
42488.0,Maria Lopez,,3025721741,CC,98114287,INACTIVO
22677.0,Juan Perez,carlosgomez@hotmail.com,3102526564,TI,32403993,INACTIVO
,Maria Lopez,juanperez@gmail.com,3002847403,CE,72450102,INACTIVO
29400.0,Ana Martinez,,3017561701,TI,17396825,INACTIVO
71844.0,Luis Rojas,,3027720941,CE,94837300,SUSPENDIDO
29194.0,Juan Perez,sofiatorres@gmail.com,abc123,CE,65841928,SUSPENDIDO
84494.0,Maria Lopez,sofiatorres@gmail.com,3114507305,CC,,SUSPENDIDO
70747.0,Sofia Torres,sofiatorres@gmail.com,abc123,CE,89097857,SUSPENDIDO
25845.0,Sofia Torres,carlosgomez@yahoo.com,3017262081,CE,24308812,ACTIVO
45229.0,Carlos Gomez,anamartinez@hotmail.com,3108967500,CE,,ACTIVO
,Carlos Gomez,juanperez@yahoo.com,3106774807,CE,16741375,SUSPENDIDO
60307.0,Ana Martinez,luisrojas@yahoo.com,abc123,CE,67407072,SUSPENDIDO
75257.0,Maria Lopez,juanperez@hotmail.com,abc123,TI,98452953,SUSPENDIDO
,Ana Martinez,sofiatorres@gmail.com,3019246989,CC,60284603,SUSPENDIDO
,Ana Martinez,juanperez@yahoo.com,3116793390,CE,44794369,ACTIVO
46906.0,Carlos Gomez,,3107665704,CE,37479980,SUSPENDIDO
94033.0,Carlos Gomez,juanperez@hotmail.com,3027940012,TI,,SUSPENDIDO
2263.0,Carlos Gomez,,3023902063,CC,97372883,INACTIVO
70907.0,Juan Perez,luisrojas@gmail.com,abc123,TI,41314797,INACTIVO
34087.0,Ana Martinez,marialopez@hotmail.com,3011262137,TI,,ACTIVO
64570.0,Luis Rojas,,3118860526,TI,97130445,ACTIVO
41868.0,Carlos Gomez,,3023928812,CC,65379518,ACTIVO
35558.0,Maria Lopez,carlosgomez@gmail.com,3003407670,TI,,INACTIVO
,Maria Lopez,luisrojas@hotmail.com,3029532059,CE,53506812,SUSPENDIDO
79349.0,Ana Martinez,sofiatorres@yahoo.com,3115920004,TI,85331381,desconocido
35135.0,Sofia Torres,sofiatorres@hotmail.com,abc123,CE,99337470,ACTIVO
88526.0,Juan Perez,juanperez@yahoo.com,abc123,TI,74086883,ACTIVO
76142.0,Juan Perez,carlosgomez@gmail.com,3029572796,CE,,INACTIVO
98126.0,Sofia Torres,sofiatorres@gmail.com,abc123,TI,27418439,SUSPENDIDO
,Carlos Gomez,anamartinez@hotmail.com,3002927826,TI,66977358,SUSPENDIDO
27814.0,Luis Rojas,carlosgomez@hotmail.com,abc123,CC,50131207,ACTIVO
18218.0,Maria Lopez,,3012172395,CE,57939711,SUSPENDIDO
1249.0,Juan Perez,carlosgomez@hotmail.com,3021331043,TI,,ACTIVO
35358.0,Maria Lopez,sofiatorres@yahoo.com,3018560880,CE,20274280,desconocido
97632.0,Carlos Gomez,luisrojas@hotmail.com,3008564225,TI,,INACTIVO
38271.0,Maria Lopez,,3018913821,TI,24729951,ACTIVO
62112.0,Maria Lopez,marialopez@yahoo.com,abc123,CC,79264693,SUSPENDIDO
14830.0,Luis Rojas,marialopez@yahoo.com,abc123,TI,97412035,INACTIVO
,Carlos Gomez,carlosgomez@gmail.com,3002206240,CC,77176040,ACTIVO
,Sofia Torres,marialopez@yahoo.com,3105328966,CC,11184207,INACTIVO
15527.0,Ana Martinez,marialopez@gmail.com,3003475166,CE,,ACTIVO
62897.0,Luis Rojas,carlosgomez@hotmail.com,3001831343,TI,,SUSPENDIDO
482.0,Ana Martinez,,3001480170,CE,50700212,INACTIVO
,Sofia Torres,carlosgomez@gmail.com,3009902812,CE,39178861,ACTIVO
65234.0,Juan Perez,carlosgomez@hotmail.com,3003981334,CE,,INACTIVO
13236.0,Luis Rojas,carlosgomez@hotmail.com,3004341644,TI,43508312,desconocido
,Carlos Gomez,sofiatorres@yahoo.com,3106986668,CC,26035906,INACTIVO
28113.0,Ana Martinez,anamartinez@hotmail.com,3018039429,CC,45349228,ACTIVO
70863.0,Sofia Torres,carlosgomez@gmail.com,abc123,CC,46544361,SUSPENDIDO
22651.0,Ana Martinez,sofiatorres@yahoo.com,abc123,CE,83197381,ACTIVO
31370.0,Ana Martinez,sofiatorres@gmail.com,3111505369,CE,93732137,desconocido
13264.0,Carlos Gomez,luisrojas@hotmail.com,3117469647,CE,,ACTIVO
62557.0,Juan Perez,anamartinez@gmail.com,3004007386,CE,19836759,desconocido
3631.0,Carlos Gomez,,3114114716,CC,84624457,INACTIVO
57456.0,Carlos Gomez,,3113455551,CC,45413509,ACTIVO
24011.0,Maria Lopez,anamartinez@hotmail.com,3104738014,TI,95955175,ACTIVO
19642.0,Luis Rojas,sofiatorres@gmail.com,3102667214,CC,,ACTIVO
18483.0,Sofia Torres,juanperez@hotmail.com,abc123,TI,78585655,INACTIVO
,Luis Rojas,sofiatorres@hotmail.com,3009203530,TI,26719912,INACTIVO
36022.0,Carlos Gomez,sofiatorres@yahoo.com,3102176284,TI,,ACTIVO
74373.0,Luis Rojas,anamartinez@yahoo.com,3101687296,TI,43335145,desconocido
36297.0,Luis Rojas,sofiatorres@yahoo.com,abc123,CC,69652547,INACTIVO
,Sofia Torres,anamartinez@gmail.com,3025052219,CC,70915174,SUSPENDIDO
67566.0,Carlos Gomez,sofiatorres@yahoo.com,abc123,TI,89164998,ACTIVO
97189.0,Maria Lopez,luisrojas@yahoo.com,3106392894,CE,82829965,desconocido
96601.0,Juan Perez,sofiatorres@hotmail.com,3022638880,TI,52175847,ACTIVO
74942.0,Luis Rojas,luisrojas@gmail.com,3029629629,TI,66319111,INACTIVO
78544.0,Luis Rojas,,3101423947,TI,22987359,ACTIVO
6322.0,Juan Perez,juanperez@hotmail.com,3112418534,TI,,SUSPENDIDO
58623.0,Ana Martinez,luisrojas@gmail.com,3004157987,CC,,SUSPENDIDO
,Juan Perez,juanperez@gmail.com,3007085804,TI,78721697,SUSPENDIDO
18197.0,Sofia Torres,anamartinez@gmail.com,3111654220,TI,,ACTIVO
98070.0,Luis Rojas,sofiatorres@yahoo.com,abc123,CC,78500320,SUSPENDIDO
93617.0,Carlos Gomez,sofiatorres@gmail.com,3024795332,CC,,ACTIVO
39624.0,Ana Martinez,marialopez@gmail.com,3108984760,TI,37389663,desconocido
,Carlos Gomez,marialopez@gmail.com,3019078708,CC,16485555,ACTIVO
65763.0,Carlos Gomez,marialopez@gmail.com,3004224230,CE,,SUSPENDIDO
71352.0,Carlos Gomez,,3021303283,CC,18896060,ACTIVO
50883.0,Juan Perez,marialopez@hotmail.com,abc123,TI,79631392,ACTIVO
60761.0,Sofia Torres,luisrojas@yahoo.com,3117680939,CE,80509961,desconocido
36748.0,Sofia Torres,juanperez@gmail.com,3113206564,TI,,ACTIVO
39919.0,Juan Perez,,3001354806,CC,96828039,INACTIVO
67505.0,Carlos Gomez,marialopez@yahoo.com,3016164993,CE,,INACTIVO
10316.0,Juan Perez,luisrojas@gmail.com,3104398263,TI,27761872,SUSPENDIDO
,Carlos Gomez,anamartinez@hotmail.com,3002533293,CE,44736868,ACTIVO
,Juan Perez,carlosgomez@yahoo.com,3028134704,TI,58947207,SUSPENDIDO
4250.0,Juan Perez,anamartinez@hotmail.com,3011636075,CC,16909596,desconocido
,Carlos Gomez,juanperez@yahoo.com,3008456783,CC,93928004,SUSPENDIDO
917.0,Luis Rojas,juanperez@yahoo.com,3109293120,CE,82449384,desconocido
71869.0,Maria Lopez,marialopez@yahoo.com,3002962399,TI,,ACTIVO
,Sofia Torres,carlosgomez@gmail.com,3008352726,CE,23768190,INACTIVO
22532.0,Carlos Gomez,anamartinez@gmail.com,3119343036,CE,,INACTIVO
45158.0,Sofia Torres,juanperez@gmail.com,abc123,TI,13212720,INACTIVO
62564.0,Carlos Gomez,luisrojas@hotmail.com,3117832259,CE,93721691,ACTIVO
39008.0,Ana Martinez,,3119148323,TI,90391990,SUSPENDIDO
6119.0,Carlos Gomez,,3007950196,TI,67347103,SUSPENDIDO
64274.0,Ana Martinez,sofiatorres@yahoo.com,3021298444,CC,64985384,INACTIVO
,Sofia Torres,sofiatorres@hotmail.com,3026636926,CC,70372440,ACTIVO
93978.0,Maria Lopez,,3104510636,CE,31537258,INACTIVO
,Juan Perez,anamartinez@gmail.com,3103527564,TI,61218852,ACTIVO
89569.0,Sofia Torres,carlosgomez@yahoo.com,3106950962,TI,,SUSPENDIDO
64772.0,Maria Lopez,anamartinez@yahoo.com,3112020469,TI,,ACTIVO
29016.0,Luis Rojas,anamartinez@yahoo.com,3007109107,CE,,SUSPENDIDO
57064.0,Maria Lopez,carlosgomez@hotmail.com,3108042899,CE,,SUSPENDIDO
70435.0,Luis Rojas,juanperez@gmail.com,3013353696,CE,,INACTIVO
27587.0,Maria Lopez,marialopez@hotmail.com,3117483502,CC,,INACTIVO
,Ana Martinez,carlosgomez@hotmail.com,3102993601,TI,61361140,INACTIVO
,Luis Rojas,luisrojas@yahoo.com,3028126593,CE,83261411,INACTIVO
25779.0,Luis Rojas,juanperez@yahoo.com,3118796926,CC,79082275,desconocido
70250.0,Carlos Gomez,sofiatorres@gmail.com,3028253746,CC,,ACTIVO
73318.0,Juan Perez,carlosgomez@yahoo.com,3101695218,TI,17137315,ACTIVO
59649.0,Luis Rojas,,3013945953,CC,54185433,SUSPENDIDO
29725.0,Maria Lopez,juanperez@hotmail.com,3104796026,TI,27872999,ACTIVO
76087.0,Ana Martinez,,3101154951,CC,91822037,INACTIVO
79986.0,Juan Perez,marialopez@gmail.com,abc123,CC,43654846,ACTIVO
,Ana Martinez,juanperez@hotmail.com,3016755577,CC,26956019,SUSPENDIDO
,Ana Martinez,luisrojas@yahoo.com,3025411807,TI,72617326,INACTIVO
92970.0,Sofia Torres,,3027482418,CC,45485370,SUSPENDIDO
77978.0,Luis Rojas,luisrojas@hotmail.com,3102271045,TI,,SUSPENDIDO
46022.0,Ana Martinez,carlosgomez@gmail.com,3008907287,TI,,INACTIVO
,Maria Lopez,marialopez@yahoo.com,3119967945,TI,81513195,SUSPENDIDO
53748.0,Ana Martinez,luisrojas@gmail.com,abc123,TI,41854706,INACTIVO
54598.0,Juan Perez,sofiatorres@hotmail.com,3013407502,CC,,SUSPENDIDO
44969.0,Maria Lopez,marialopez@yahoo.com,abc123,CE,50482524,ACTIVO
97211.0,Maria Lopez,juanperez@gmail.com,3022131938,CE,,INACTIVO
41675.0,Carlos Gomez,anamartinez@hotmail.com,3007699617,CE,,SUSPENDIDO
,Maria Lopez,juanperez@yahoo.com,3013074503,TI,34757672,INACTIVO
20949.0,Sofia Torres,marialopez@yahoo.com,abc123,CE,48237117,SUSPENDIDO
9198.0,Carlos Gomez,,3002881795,CE,50226572,ACTIVO
2646.0,Sofia Torres,carlosgomez@hotmail.com,abc123,TI,67470200,INACTIVO
34547.0,Juan Perez,sofiatorres@yahoo.com,3029286817,CC,,ACTIVO
49469.0,Luis Rojas,,3109563100,CC,94283899,SUSPENDIDO
,Maria Lopez,luisrojas@yahoo.com,3103812538,CC,44956802,SUSPENDIDO
91760.0,Maria Lopez,anamartinez@hotmail.com,abc123,CE,83053845,INACTIVO
69297.0,Sofia Torres,,3118445317,TI,69643356,SUSPENDIDO
98411.0,Carlos Gomez,anamartinez@gmail.com,3119602768,TI,51096655,INACTIVO
64928.0,Carlos Gomez,,3017876823,CE,49501697,ACTIVO
51927.0,Juan Perez,juanperez@gmail.com,3023495676,TI,80580533,desconocido
11657.0,Juan Perez,juanperez@hotmail.com,abc123,CC,11168081,ACTIVO
96166.0,Luis Rojas,sofiatorres@yahoo.com,3116283050,CE,79347905,desconocido
,Ana Martinez,sofiatorres@hotmail.com,3104610449,TI,44384943,SUSPENDIDO
31824.0,Maria Lopez,anamartinez@gmail.com,3005261812,TI,,INACTIVO
71226.0,Maria Lopez,,3016938165,TI,50870981,INACTIVO
5967.0,Sofia Torres,sofiatorres@hotmail.com,3026922140,CE,,ACTIVO
89106.0,Carlos Gomez,luisrojas@hotmail.com,3015724007,CE,,INACTIVO
22462.0,Luis Rojas,carlosgomez@yahoo.com,3026095765,TI,72878632,desconocido
69991.0,Sofia Torres,juanperez@hotmail.com,3019567171,TI,,INACTIVO
73797.0,Ana Martinez,,3115156031,CE,21563232,SUSPENDIDO
19062.0,Maria Lopez,,3103543124,CC,38757866,SUSPENDIDO
39988.0,Carlos Gomez,luisrojas@gmail.com,3021150872,TI,98721698,INACTIVO
48766.0,Juan Perez,anamartinez@hotmail.com,3118360550,TI,54969286,desconocido
79397.0,Juan Perez,anamartinez@yahoo.com,abc123,CE,78057102,ACTIVO
21782.0,Sofia Torres,anamartinez@yahoo.com,abc123,TI,15103247,INACTIVO
,Ana Martinez,juanperez@hotmail.com,3101510255,CC,17440519,ACTIVO
15742.0,Carlos Gomez,,3001738272,CE,33584340,SUSPENDIDO
94198.0,Maria Lopez,carlosgomez@hotmail.com,abc123,CC,49531427,SUSPENDIDO
32487.0,Maria Lopez,,3021029568,CC,23502263,SUSPENDIDO
,Luis Rojas,anamartinez@yahoo.com,3105045620,CE,47489473,ACTIVO
88482.0,Luis Rojas,luisrojas@gmail.com,abc123,TI,27113499,ACTIVO
89358.0,Luis Rojas,juanperez@yahoo.com,3023112128,CC,32147498,INACTIVO
30766.0,Ana Martinez,juanperez@yahoo.com,abc123,TI,26683287,INACTIVO
71276.0,Sofia Torres,juanperez@hotmail.com,3003824009,CE,,INACTIVO
73851.0,Sofia Torres,,3117440500,CC,65773962,INACTIVO
30742.0,Maria Lopez,juanperez@gmail.com,3013549563,TI,27751992,desconocido
94918.0,Ana Martinez,carlosgomez@hotmail.com,3106229593,CC,42465606,SUSPENDIDO
82242.0,Ana Martinez,anamartinez@gmail.com,3017949522,CC,,INACTIVO
93433.0,Ana Martinez,marialopez@hotmail.com,3012517773,TI,,INACTIVO
46364.0,Juan Perez,luisrojas@yahoo.com,abc123,CC,87876998,SUSPENDIDO
23691.0,Luis Rojas,anamartinez@hotmail.com,abc123,CC,38843231,ACTIVO
89337.0,Carlos Gomez,luisrojas@gmail.com,3023126055,CC,76739416,desconocido
1042.0,Carlos Gomez,,3026524639,CE,47585624,ACTIVO
23747.0,Luis Rojas,luisrojas@yahoo.com,3017443495,CE,,ACTIVO
73926.0,Sofia Torres,anamartinez@gmail.com,abc123,TI,19445729,ACTIVO
3650.0,Juan Perez,marialopez@gmail.com,3023247680,TI,,INACTIVO
51730.0,Ana Martinez,carlosgomez@gmail.com,3104276681,CE,,INACTIVO
29818.0,Maria Lopez,,3114188625,CC,61652111,SUSPENDIDO
18355.0,Sofia Torres,anamartinez@gmail.com,3027770607,CC,55606126,desconocido
11668.0,Maria Lopez,sofiatorres@hotmail.com,abc123,TI,25235160,INACTIVO
7413.0,Luis Rojas,luisrojas@gmail.com,abc123,TI,99624148,ACTIVO
18591.0,Sofia Torres,marialopez@yahoo.com,abc123,CC,29623553,SUSPENDIDO
21447.0,Maria Lopez,sofiatorres@hotmail.com,3025265325,CC,,SUSPENDIDO
,Juan Perez,anamartinez@gmail.com,3105086566,TI,83557743,SUSPENDIDO
50243.0,Ana Martinez,anamartinez@hotmail.com,3017091419,TI,41136007,desconocido
7178.0,Sofia Torres,juanperez@yahoo.com,3015003922,CC,97909904,desconocido
66881.0,Luis Rojas,anamartinez@hotmail.com,3115816784,CE,56253691,desconocido
93524.0,Sofia Torres,anamartinez@hotmail.com,3111351809,TI,,SUSPENDIDO
53478.0,Maria Lopez,luisrojas@gmail.com,3116700643,TI,28977861,SUSPENDIDO
96264.0,Ana Martinez,carlosgomez@gmail.com,3102373493,CC,,SUSPENDIDO
26824.0,Sofia Torres,sofiatorres@yahoo.com,3112089907,TI,64359076,INACTIVO
79562.0,Sofia Torres,,3022771612,CC,12170694,ACTIVO
19660.0,Sofia Torres,,3005664897,CE,63015080,INACTIVO
40357.0,Carlos Gomez,sofiatorres@yahoo.com,3023727909,CC,45625387,desconocido
74577.0,Carlos Gomez,juanperez@gmail.com,3114957934,CE,34354335,desconocido
76878.0,Carlos Gomez,luisrojas@gmail.com,3116447276,CE,,SUSPENDIDO
57025.0,Juan Perez,anamartinez@gmail.com,3115347149,CC,70690315,desconocido
58045.0,Sofia Torres,luisrojas@yahoo.com,3015102638,CE,,INACTIVO
9419.0,Luis Rojas,sofiatorres@gmail.com,3114958070,TI,,SUSPENDIDO
,Luis Rojas,carlosgomez@yahoo.com,3012031389,CE,18302919,ACTIVO
34909.0,Ana Martinez,carlosgomez@yahoo.com,3007788064,TI,92643670,SUSPENDIDO
,Maria Lopez,anamartinez@gmail.com,3022798027,CE,78119055,INACTIVO
,Carlos Gomez,anamartinez@hotmail.com,3025890143,CE,37336046,ACTIVO
21847.0,Maria Lopez,,3113158207,TI,73041764,ACTIVO
,Juan Perez,luisrojas@yahoo.com,3008179282,CC,50024819,INACTIVO
,Carlos Gomez,luisrojas@gmail.com,3005220376,TI,75171695,INACTIVO
31108.0,Luis Rojas,juanperez@yahoo.com,3106413890,CC,77258348,INACTIVO
74199.0,Juan Perez,,3116959197,CC,34408477,SUSPENDIDO
74171.0,Juan Perez,,3002300246,CC,29983424,SUSPENDIDO
40419.0,Luis Rojas,,3018999818,CC,57940789,ACTIVO
50737.0,Maria Lopez,carlosgomez@yahoo.com,3018567155,CE,,INACTIVO
,Juan Perez,luisrojas@yahoo.com,3029629467,CC,96209549,INACTIVO
59127.0,Ana Martinez,,3015840780,CE,34248051,ACTIVO
18844.0,Ana Martinez,,3118667172,TI,44915533,ACTIVO
43647.0,Carlos Gomez,sofiatorres@hotmail.com,3019222802,CE,,INACTIVO
,Ana Martinez,anamartinez@yahoo.com,3028039477,TI,59253324,ACTIVO
55298.0,Ana Martinez,luisrojas@gmail.com,3029089127,CE,,ACTIVO
4438.0,Luis Rojas,carlosgomez@hotmail.com,abc123,CE,39458196,ACTIVO
36829.0,Maria Lopez,marialopez@yahoo.com,abc123,CC,52709380,ACTIVO
67832.0,Carlos Gomez,,3026563560,CE,67028862,INACTIVO
96584.0,Maria Lopez,juanperez@hotmail.com,3114234058,CE,,INACTIVO
90899.0,Sofia Torres,carlosgomez@hotmail.com,3103626555,CE,82547198,desconocido
12318.0,Juan Perez,carlosgomez@gmail.com,abc123,CE,27898662,INACTIVO
62676.0,Maria Lopez,,3006794030,CC,69746520,SUSPENDIDO
40736.0,Maria Lopez,,3115960066,CC,25220680,ACTIVO
16862.0,Juan Perez,carlosgomez@yahoo.com,3001428268,TI,99424318,SUSPENDIDO
72887.0,Sofia Torres,juanperez@hotmail.com,abc123,CC,78821339,INACTIVO
,Sofia Torres,marialopez@hotmail.com,3026647417,CC,73340102,INACTIVO
8976.0,Juan Perez,juanperez@gmail.com,3012600402,CC,,INACTIVO
,Ana Martinez,anamartinez@yahoo.com,3117524897,TI,77725413,SUSPENDIDO
68552.0,Maria Lopez,sofiatorres@gmail.com,3109778384,CE,91037834,desconocido
,Sofia Torres,luisrojas@hotmail.com,3106341326,TI,92557745,SUSPENDIDO
58156.0,Ana Martinez,sofiatorres@gmail.com,3013675872,TI,80199104,INACTIVO
9003.0,Carlos Gomez,anamartinez@gmail.com,3011743475,TI,55072617,desconocido
76884.0,Maria Lopez,,3001264579,TI,32047888,SUSPENDIDO
44105.0,Juan Perez,sofiatorres@hotmail.com,3025198201,CE,,ACTIVO
7530.0,Maria Lopez,juanperez@gmail.com,3004454873,CC,,SUSPENDIDO
51109.0,Maria Lopez,luisrojas@gmail.com,3027539732,TI,81082175,desconocido
60587.0,Ana Martinez,luisrojas@yahoo.com,3008456594,CC,,SUSPENDIDO
43164.0,Carlos Gomez,luisrojas@hotmail.com,3115743767,TI,28564041,ACTIVO
15047.0,Sofia Torres,carlosgomez@hotmail.com,3008543175,TI,41620914,desconocido
71746.0,Carlos Gomez,sofiatorres@gmail.com,3015285459,CE,99749549,INACTIVO
83998.0,Sofia Torres,juanperez@yahoo.com,3029309298,CC,,INACTIVO
51819.0,Luis Rojas,carlosgomez@yahoo.com,abc123,CE,85259683,SUSPENDIDO
9822.0,Sofia Torres,carlosgomez@gmail.com,3024579282,TI,85131024,ACTIVO
32959.0,Luis Rojas,juanperez@yahoo.com,abc123,CC,61980760,SUSPENDIDO
,Carlos Gomez,juanperez@yahoo.com,3028762987,CC,26246425,ACTIVO
16463.0,Juan Perez,sofiatorres@gmail.com,abc123,TI,98340907,ACTIVO
87351.0,Carlos Gomez,luisrojas@yahoo.com,abc123,CC,89525930,INACTIVO
31983.0,Juan Perez,anamartinez@gmail.com,3107331813,CC,96873032,desconocido
,Ana Martinez,luisrojas@gmail.com,3012275004,CC,60283188,SUSPENDIDO
,Ana Martinez,juanperez@gmail.com,3021799569,CE,63801026,INACTIVO
68606.0,Luis Rojas,sofiatorres@gmail.com,3021995885,CE,,ACTIVO
,Maria Lopez,marialopez@gmail.com,3006851884,TI,28189951,INACTIVO
45512.0,Maria Lopez,juanperez@yahoo.com,abc123,CE,12897595,SUSPENDIDO
92470.0,Sofia Torres,sofiatorres@gmail.com,abc123,CE,72220125,SUSPENDIDO
67085.0,Luis Rojas,carlosgomez@gmail.com,3103554289,CE,,INACTIVO
77222.0,Carlos Gomez,luisrojas@hotmail.com,3023967282,CE,67241522,INACTIVO
68221.0,Carlos Gomez,,3107038507,CE,42217079,INACTIVO
48866.0,Carlos Gomez,anamartinez@gmail.com,3104633735,TI,87436149,INACTIVO
22277.0,Carlos Gomez,juanperez@gmail.com,abc123,CC,72152313,SUSPENDIDO
,Ana Martinez,sofiatorres@hotmail.com,3117427325,CE,90895337,ACTIVO
86748.0,Sofia Torres,marialopez@yahoo.com,3007024977,TI,,SUSPENDIDO
54209.0,Juan Perez,juanperez@hotmail.com,3026567924,CE,,INACTIVO
,Sofia Torres,marialopez@yahoo.com,3115137738,CC,84654322,SUSPENDIDO
58815.0,Sofia Torres,carlosgomez@hotmail.com,3112967118,CC,,INACTIVO
18017.0,Maria Lopez,marialopez@yahoo.com,3006048912,CE,,ACTIVO
21601.0,Ana Martinez,carlosgomez@hotmail.com,3103321568,CE,33998756,desconocido
45300.0,Ana Martinez,sofiatorres@gmail.com,3014388733,CE,,INACTIVO
8106.0,Sofia Torres,anamartinez@hotmail.com,3007794656,TI,41910314,desconocido
19197.0,Juan Perez,,3019155442,CE,52083149,INACTIVO
33642.0,Juan Perez,juanperez@yahoo.com,3119124461,TI,,ACTIVO
40045.0,Luis Rojas,carlosgomez@hotmail.com,3115315292,TI,25821204,desconocido
56792.0,Juan Perez,marialopez@yahoo.com,3112342410,CC,,SUSPENDIDO
29933.0,Maria Lopez,juanperez@hotmail.com,3001675702,CC,,SUSPENDIDO
,Juan Perez,sofiatorres@hotmail.com,3102407505,TI,31267350,INACTIVO
77202.0,Juan Perez,,3113878768,TI,79684937,SUSPENDIDO
82557.0,Sofia Torres,carlosgomez@yahoo.com,abc123,CC,81542352,ACTIVO
54982.0,Luis Rojas,marialopez@hotmail.com,abc123,CE,57910839,INACTIVO
78041.0,Sofia Torres,marialopez@hotmail.com,abc123,CC,65577365,INACTIVO
90725.0,Luis Rojas,juanperez@hotmail.com,abc123,CE,57470734,ACTIVO
,Luis Rojas,juanperez@hotmail.com,3019102181,CC,67280064,INACTIVO
16857.0,Carlos Gomez,luisrojas@hotmail.com,3101128535,CC,,INACTIVO
26311.0,Juan Perez,marialopez@gmail.com,3113942759,CC,,INACTIVO
,Juan Perez,luisrojas@yahoo.com,3015088770,CE,24980155,ACTIVO
63254.0,Maria Lopez,juanperez@hotmail.com,abc123,TI,45816329,SUSPENDIDO
1041.0,Sofia Torres,luisrojas@yahoo.com,3114197878,CE,,INACTIVO
80835.0,Sofia Torres,luisrojas@hotmail.com,3117673738,CC,29366318,desconocido
89549.0,Juan Perez,carlosgomez@hotmail.com,3027552916,TI,88985816,desconocido
,Sofia Torres,luisrojas@yahoo.com,3003525946,TI,27226097,SUSPENDIDO
10306.0,Sofia Torres,luisrojas@gmail.com,3012836949,CE,,INACTIVO
18249.0,Luis Rojas,sofiatorres@gmail.com,3102459764,TI,,ACTIVO
62682.0,Ana Martinez,anamartinez@hotmail.com,abc123,TI,11462843,ACTIVO
48514.0,Maria Lopez,anamartinez@yahoo.com,3027948218,CE,,INACTIVO
58752.0,Juan Perez,anamartinez@yahoo.com,3104076856,CC,58422325,desconocido
22046.0,Juan Perez,luisrojas@gmail.com,3023795191,TI,,INACTIVO
3413.0,Carlos Gomez,sofiatorres@gmail.com,3105819474,CE,,SUSPENDIDO
20621.0,Sofia Torres,,3028412971,TI,30156156,SUSPENDIDO
91690.0,Sofia Torres,luisrojas@hotmail.com,abc123,TI,44441235,INACTIVO
,Luis Rojas,anamartinez@gmail.com,3113615339,TI,23367435,ACTIVO
98715.0,Carlos Gomez,luisrojas@gmail.com,abc123,CE,33555658,SUSPENDIDO
96556.0,Maria Lopez,marialopez@hotmail.com,3119287476,CC,44074334,INACTIVO
84585.0,Carlos Gomez,sofiatorres@gmail.com,abc123,CC,78746000,SUSPENDIDO
17516.0,Carlos Gomez,juanperez@gmail.com,abc123,TI,18147210,ACTIVO
86093.0,Juan Perez,sofiatorres@hotmail.com,3013262373,CE,,ACTIVO
51150.0,Juan Perez,luisrojas@hotmail.com,abc123,CE,11455152,INACTIVO
89678.0,Juan Perez,luisrojas@hotmail.com,3119944368,CE,,INACTIVO
72010.0,Luis Rojas,,3025096049,CE,93585716,INACTIVO
45870.0,Luis Rojas,luisrojas@yahoo.com,3104024962,CE,,INACTIVO
,Carlos Gomez,marialopez@yahoo.com,3108778591,CC,95296310,INACTIVO
76905.0,Sofia Torres,carlosgomez@yahoo.com,3017235644,CE,33556397,desconocido
28306.0,Carlos Gomez,sofiatorres@gmail.com,3117493261,TI,,SUSPENDIDO
37682.0,Juan Perez,anamartinez@gmail.com,3021902971,CC,,INACTIVO
60732.0,Luis Rojas,sofiatorres@yahoo.com,3024217262,CC,,SUSPENDIDO
47595.0,Ana Martinez,,3022227265,CC,23552058,ACTIVO
31426.0,Sofia Torres,marialopez@gmail.com,abc123,CE,96223812,SUSPENDIDO
,Sofia Torres,anamartinez@yahoo.com,3019217159,CC,13717139,SUSPENDIDO
24291.0,Ana Martinez,carlosgomez@yahoo.com,abc123,CE,69563369,INACTIVO
,Luis Rojas,marialopez@yahoo.com,3018197268,CC,44558419,ACTIVO
,Ana Martinez,luisrojas@gmail.com,3115563463,CC,72614580,INACTIVO
4527.0,Carlos Gomez,,3103630627,CC,34676389,ACTIVO
106.0,Carlos Gomez,,3003082366,CC,45195120,SUSPENDIDO
40208.0,Juan Perez,,3104000899,CC,35837508,INACTIVO
96478.0,Sofia Torres,,3002241264,TI,33555136,ACTIVO
79497.0,Juan Perez,sofiatorres@yahoo.com,3028785179,CE,58866735,desconocido
,Carlos Gomez,carlosgomez@hotmail.com,3117092718,TI,69406033,SUSPENDIDO
78537.0,Carlos Gomez,,3111720411,CC,42421804,SUSPENDIDO
,Ana Martinez,carlosgomez@hotmail.com,3108429885,CE,17027185,INACTIVO
,Ana Martinez,juanperez@hotmail.com,3028884267,CC,66981327,SUSPENDIDO
28454.0,Juan Perez,anamartinez@gmail.com,3008811149,CE,,SUSPENDIDO
30050.0,Luis Rojas,juanperez@hotmail.com,3019528032,CC,21341292,desconocido
,Juan Perez,luisrojas@hotmail.com,3119852119,CE,28674661,ACTIVO
95825.0,Luis Rojas,marialopez@yahoo.com,3006731132,CC,,ACTIVO
4571.0,Ana Martinez,sofiatorres@hotmail.com,3003110694,CC,,INACTIVO
7242.0,Luis Rojas,marialopez@hotmail.com,3101189945,CE,,ACTIVO
24220.0,Maria Lopez,sofiatorres@yahoo.com,3117104833,CC,59203008,desconocido
7968.0,Juan Perez,,3112306625,CC,45442472,ACTIVO
38697.0,Ana Martinez,carlosgomez@hotmail.com,3003456981,CC,58665218,desconocido
89801.0,Juan Perez,marialopez@yahoo.com,abc123,TI,70728838,ACTIVO
,Juan Perez,sofiatorres@hotmail.com,3102301937,CE,48151435,SUSPENDIDO
43252.0,Carlos Gomez,carlosgomez@hotmail.com,abc123,CC,54522588,ACTIVO
,Ana Martinez,sofiatorres@yahoo.com,3109516272,CE,69726254,INACTIVO
57580.0,Luis Rojas,marialopez@hotmail.com,3006133574,CC,,ACTIVO
80624.0,Ana Martinez,marialopez@hotmail.com,3019487610,TI,98682353,SUSPENDIDO
58795.0,Maria Lopez,juanperez@yahoo.com,abc123,CC,92864861,INACTIVO
62753.0,Maria Lopez,,3109491301,TI,46600435,ACTIVO
74931.0,Luis Rojas,,3109377495,TI,68684597,INACTIVO
,Luis Rojas,sofiatorres@gmail.com,3103650302,TI,97496846,ACTIVO
16474.0,Sofia Torres,luisrojas@gmail.com,3107680356,TI,,SUSPENDIDO
39949.0,Luis Rojas,juanperez@gmail.com,abc123,CE,98821327,INACTIVO
13451.0,Ana Martinez,,3107477176,CE,19413208,SUSPENDIDO
92988.0,Maria Lopez,luisrojas@hotmail.com,abc123,CC,48582800,INACTIVO
,Sofia Torres,marialopez@gmail.com,3023820254,TI,44236659,INACTIVO
27405.0,Juan Perez,,3024645417,TI,42099332,ACTIVO
,Maria Lopez,carlosgomez@gmail.com,3109316585,CC,52149433,INACTIVO
2049.0,Carlos Gomez,marialopez@gmail.com,abc123,CC,70333123,ACTIVO
13808.0,Juan Perez,,3116864430,CC,49371121,ACTIVO
21874.0,Sofia Torres,,3002448068,CC,60096455,SUSPENDIDO
60378.0,Sofia Torres,,3116237900,CE,80479119,ACTIVO
,Maria Lopez,marialopez@yahoo.com,3106869808,CE,79097828,ACTIVO
,Carlos Gomez,sofiatorres@hotmail.com,3006114383,TI,50645513,SUSPENDIDO
28212.0,Sofia Torres,sofiatorres@hotmail.com,abc123,CE,31141816,INACTIVO
22526.0,Carlos Gomez,marialopez@hotmail.com,3002608394,CC,26201117,desconocido
,Juan Perez,carlosgomez@gmail.com,3109743700,TI,41966713,SUSPENDIDO
29948.0,Carlos Gomez,,3107665608,CE,82917441,INACTIVO
95505.0,Sofia Torres,anamartinez@yahoo.com,3009126195,CE,,ACTIVO
4817.0,Luis Rojas,anamartinez@hotmail.com,abc123,TI,21502934,SUSPENDIDO
78911.0,Ana Martinez,carlosgomez@yahoo.com,3024435592,CC,,SUSPENDIDO
24166.0,Carlos Gomez,sofiatorres@hotmail.com,abc123,CE,28016817,SUSPENDIDO
57474.0,Juan Perez,,3102565674,TI,39180392,ACTIVO
10401.0,Juan Perez,juanperez@gmail.com,3013232725,TI,38307309,SUSPENDIDO
83997.0,Ana Martinez,juanperez@hotmail.com,3002203559,CE,93257064,desconocido
,Sofia Torres,luisrojas@yahoo.com,3018055778,CC,71423699,ACTIVO
61105.0,Ana Martinez,carlosgomez@gmail.com,abc123,TI,19682937,INACTIVO
,Sofia Torres,anamartinez@hotmail.com,3018230196,CE,78443194,SUSPENDIDO
5958.0,Sofia Torres,carlosgomez@hotmail.com,abc123,TI,49881679,INACTIVO
14162.0,Luis Rojas,sofiatorres@hotmail.com,3104318375,TI,15670078,desconocido
3352.0,Ana Martinez,marialopez@yahoo.com,abc123,CC,80464758,ACTIVO
1069.0,Luis Rojas,,3011200356,CE,37477824,INACTIVO
55305.0,Sofia Torres,anamartinez@gmail.com,3119283956,CE,34715658,INACTIVO
,Carlos Gomez,marialopez@yahoo.com,3021551894,CC,33010623,SUSPENDIDO
74349.0,Sofia Torres,,3003122625,CC,89350430,INACTIVO
81460.0,Sofia Torres,juanperez@yahoo.com,3015016298,CC,74657265,INACTIVO
34570.0,Luis Rojas,sofiatorres@yahoo.com,3015177383,CC,,ACTIVO
6025.0,Ana Martinez,juanperez@hotmail.com,3001234485,CC,11858908,desconocido
49802.0,Ana Martinez,carlosgomez@hotmail.com,3114768692,TI,46741337,desconocido
8538.0,Maria Lopez,sofiatorres@hotmail.com,3003167441,CC,,SUSPENDIDO
39590.0,Sofia Torres,juanperez@yahoo.com,3028630483,TI,78286193,INACTIVO
89642.0,Sofia Torres,luisrojas@yahoo.com,3013401024,TI,,SUSPENDIDO
66156.0,Ana Martinez,juanperez@gmail.com,3116330573,CE,63201562,desconocido
85182.0,Maria Lopez,marialopez@yahoo.com,abc123,CC,98042047,INACTIVO
,Luis Rojas,marialopez@gmail.com,3108765203,TI,29470236,INACTIVO
81629.0,Maria Lopez,luisrojas@yahoo.com,abc123,CC,78495035,ACTIVO
98391.0,Sofia Torres,juanperez@hotmail.com,abc123,CE,26987828,SUSPENDIDO
80648.0,Ana Martinez,marialopez@hotmail.com,abc123,CE,66467927,SUSPENDIDO
9791.0,Carlos Gomez,sofiatorres@hotmail.com,abc123,CC,55038212,ACTIVO
66398.0,Luis Rojas,carlosgomez@yahoo.com,abc123,TI,95048581,SUSPENDIDO
71194.0,Sofia Torres,luisrojas@yahoo.com,abc123,CC,74691077,INACTIVO
74525.0,Maria Lopez,marialopez@hotmail.com,abc123,CE,99819207,INACTIVO
,Carlos Gomez,carlosgomez@gmail.com,3025188706,CC,27226369,ACTIVO
86898.0,Maria Lopez,,3101990466,CC,62395396,ACTIVO
4808.0,Ana Martinez,carlosgomez@yahoo.com,3014162352,CE,14158854,desconocido
,Luis Rojas,luisrojas@hotmail.com,3028191549,TI,71146678,INACTIVO
29136.0,Carlos Gomez,,3009345171,CE,37569302,INACTIVO
,Maria Lopez,anamartinez@gmail.com,3008053264,TI,90217069,INACTIVO
98385.0,Juan Perez,juanperez@hotmail.com,abc123,CE,10248648,SUSPENDIDO
,Luis Rojas,luisrojas@hotmail.com,3108962615,CE,67871762,INACTIVO
86719.0,Maria Lopez,sofiatorres@hotmail.com,abc123,CE,26776518,SUSPENDIDO
54488.0,Maria Lopez,marialopez@yahoo.com,3011192404,TI,99135483,INACTIVO
58062.0,Juan Perez,sofiatorres@gmail.com,3015388182,TI,,ACTIVO
76169.0,Sofia Torres,,3007903487,CC,14314378,ACTIVO
3415.0,Sofia Torres,,3116630335,CE,79392315,INACTIVO
31712.0,Carlos Gomez,anamartinez@yahoo.com,3016427659,TI,,SUSPENDIDO
85362.0,Maria Lopez,luisrojas@yahoo.com,abc123,CC,54823104,SUSPENDIDO
50914.0,Maria Lopez,anamartinez@gmail.com,abc123,CE,44208088,INACTIVO
78069.0,Maria Lopez,marialopez@hotmail.com,abc123,TI,14233641,INACTIVO
32401.0,Carlos Gomez,luisrojas@yahoo.com,3025415458,CE,,SUSPENDIDO
35611.0,Maria Lopez,,3012074835,CE,24263109,ACTIVO
48820.0,Sofia Torres,anamartinez@yahoo.com,3019700629,CE,35720936,desconocido
72389.0,Carlos Gomez,,3027837227,TI,13339879,ACTIVO
79531.0,Juan Perez,luisrojas@gmail.com,3002339140,CE,74036875,desconocido
68389.0,Juan Perez,juanperez@yahoo.com,3015319452,TI,23743157,desconocido
33935.0,Maria Lopez,juanperez@gmail.com,3002068267,CC,63747654,SUSPENDIDO
59018.0,Maria Lopez,anamartinez@hotmail.com,3014791595,CC,34095506,SUSPENDIDO
4654.0,Luis Rojas,luisrojas@hotmail.com,abc123,CE,19859487,INACTIVO
92174.0,Ana Martinez,anamartinez@hotmail.com,abc123,CC,75430859,ACTIVO
696.0,Carlos Gomez,marialopez@yahoo.com,abc123,TI,99232844,INACTIVO
46554.0,Maria Lopez,carlosgomez@hotmail.com,abc123,CC,43444389,SUSPENDIDO
18735.0,Luis Rojas,luisrojas@hotmail.com,3104216363,CC,38467794,desconocido
19951.0,Sofia Torres,luisrojas@hotmail.com,3109971148,CC,66622240,INACTIVO
57296.0,Sofia Torres,luisrojas@gmail.com,abc123,CE,26646801,INACTIVO
52581.0,Maria Lopez,juanperez@yahoo.com,abc123,CC,29231602,SUSPENDIDO
,Luis Rojas,carlosgomez@gmail.com,3104994997,TI,83033275,INACTIVO
,Sofia Torres,carlosgomez@yahoo.com,3017027216,TI,59374311,INACTIVO
12809.0,Luis Rojas,,3022601273,CC,19501370,INACTIVO
7608.0,Ana Martinez,,3001125888,CE,60706896,INACTIVO
87963.0,Maria Lopez,marialopez@hotmail.com,3003042296,CC,68533722,ACTIVO
,Luis Rojas,sofiatorres@gmail.com,3115036604,CE,93402792,SUSPENDIDO
61176.0,Maria Lopez,anamartinez@hotmail.com,3026982131,TI,,ACTIVO
94015.0,Luis Rojas,anamartinez@gmail.com,3112534066,CE,44694952,ACTIVO
,Sofia Torres,carlosgomez@hotmail.com,3022569410,CC,89480844,ACTIVO
26454.0,Ana Martinez,anamartinez@hotmail.com,abc123,CC,38782921,SUSPENDIDO
,Ana Martinez,juanperez@gmail.com,3014804144,CC,60254065,ACTIVO
73710.0,Maria Lopez,,3005302517,TI,12237392,INACTIVO
59231.0,Juan Perez,,3107861058,CC,68246131,INACTIVO
20754.0,Maria Lopez,juanperez@yahoo.com,3018788704,CE,,SUSPENDIDO
12210.0,Juan Perez,marialopez@hotmail.com,abc123,CC,31775045,SUSPENDIDO
,Ana Martinez,luisrojas@yahoo.com,3016160643,TI,72965129,SUSPENDIDO
,Luis Rojas,carlosgomez@yahoo.com,3116538532,CC,65215924,ACTIVO
31496.0,Maria Lopez,carlosgomez@hotmail.com,3101427895,TI,,SUSPENDIDO
71733.0,Luis Rojas,juanperez@gmail.com,3105002975,CC,,ACTIVO
71913.0,Luis Rojas,,3109342494,CC,37309206,SUSPENDIDO
70909.0,Maria Lopez,juanperez@gmail.com,abc123,CC,65435274,SUSPENDIDO
45728.0,Ana Martinez,sofiatorres@hotmail.com,abc123,TI,40869903,SUSPENDIDO
90460.0,Luis Rojas,carlosgomez@hotmail.com,abc123,TI,51452100,ACTIVO
52126.0,Luis Rojas,carlosgomez@yahoo.com,3017995980,TI,,SUSPENDIDO
44855.0,Sofia Torres,marialopez@yahoo.com,3018028361,TI,,SUSPENDIDO
57196.0,Ana Martinez,carlosgomez@yahoo.com,3021984594,CC,47807546,desconocido
86366.0,Juan Perez,marialopez@yahoo.com,3026940853,CC,,INACTIVO
16534.0,Luis Rojas,luisrojas@gmail.com,3003401710,CE,,ACTIVO
8295.0,Ana Martinez,sofiatorres@yahoo.com,abc123,TI,62572040,ACTIVO
,Maria Lopez,anamartinez@hotmail.com,3118997877,CE,37585864,SUSPENDIDO
17163.0,Carlos Gomez,sofiatorres@hotmail.com,abc123,TI,59220541,INACTIVO
,Sofia Torres,sofiatorres@hotmail.com,3013560943,TI,11552437,SUSPENDIDO
48312.0,Juan Perez,carlosgomez@yahoo.com,abc123,CC,55935491,SUSPENDIDO
99269.0,Carlos Gomez,marialopez@gmail.com,3004773571,CC,85058029,desconocido
63704.0,Maria Lopez,carlosgomez@gmail.com,3008115037,TI,83735497,desconocido
,Juan Perez,luisrojas@gmail.com,3106775903,CE,71871668,SUSPENDIDO
15513.0,Sofia Torres,anamartinez@hotmail.com,3016249909,CC,46397242,SUSPENDIDO
47292.0,Maria Lopez,sofiatorres@hotmail.com,3015127180,CE,76171559,desconocido
59407.0,Juan Perez,luisrojas@yahoo.com,3008142757,CE,28465396,desconocido
69655.0,Carlos Gomez,anamartinez@yahoo.com,abc123,TI,32607906,INACTIVO
45359.0,Maria Lopez,juanperez@yahoo.com,3025958053,CC,98139752,ACTIVO
28236.0,Sofia Torres,luisrojas@gmail.com,abc123,TI,77955035,ACTIVO
88761.0,Sofia Torres,anamartinez@gmail.com,3025560244,CE,30371406,SUSPENDIDO
16286.0,Juan Perez,carlosgomez@yahoo.com,3103104675,TI,13295815,ACTIVO
88933.0,Luis Rojas,sofiatorres@gmail.com,3117016377,TI,98582585,INACTIVO
93480.0,Juan Perez,anamartinez@yahoo.com,3002443990,CC,,SUSPENDIDO
487.0,Carlos Gomez,sofiatorres@gmail.com,3014458776,TI,38217445,desconocido
13658.0,Maria Lopez,,3017521897,CE,92351900,INACTIVO
79292.0,Ana Martinez,sofiatorres@yahoo.com,3105031874,TI,92020811,INACTIVO
84565.0,Juan Perez,marialopez@yahoo.com,3114907163,CE,66408047,SUSPENDIDO
14500.0,Juan Perez,carlosgomez@hotmail.com,3022574800,CC,82241028,desconocido
69640.0,Sofia Torres,anamartinez@yahoo.com,abc123,CE,60377553,INACTIVO
85510.0,Carlos Gomez,sofiatorres@yahoo.com,abc123,TI,64373284,SUSPENDIDO
63705.0,Juan Perez,marialopez@gmail.com,3112688170,CC,30952489,desconocido
62116.0,Sofia Torres,luisrojas@hotmail.com,abc123,TI,19222197,ACTIVO
,Luis Rojas,sofiatorres@gmail.com,3006488139,CC,88861518,ACTIVO
16911.0,Maria Lopez,,3028233987,TI,20426124,ACTIVO
19913.0,Carlos Gomez,anamartinez@hotmail.com,abc123,CE,41150628,INACTIVO
,Ana Martinez,carlosgomez@hotmail.com,3029009673,CE,32119739,INACTIVO
98.0,Sofia Torres,,3021447852,TI,21493810,SUSPENDIDO
61115.0,Luis Rojas,,3102433183,CC,63010250,ACTIVO
44505.0,Maria Lopez,sofiatorres@hotmail.com,3018719894,CC,,ACTIVO
23179.0,Juan Perez,marialopez@hotmail.com,3027947524,TI,,ACTIVO
16718.0,Sofia Torres,marialopez@gmail.com,3116647070,TI,18938819,desconocido
,Luis Rojas,sofiatorres@gmail.com,3022291173,CE,25443617,ACTIVO
,Maria Lopez,luisrojas@hotmail.com,3009822315,CE,59784915,ACTIVO
59786.0,Ana Martinez,,3111909002,CE,23036598,INACTIVO
,Luis Rojas,juanperez@gmail.com,3106182747,CE,14299336,ACTIVO
66331.0,Juan Perez,,3115444487,TI,45757950,INACTIVO
14303.0,Carlos Gomez,juanperez@hotmail.com,abc123,CE,19988847,INACTIVO
72706.0,Sofia Torres,anamartinez@yahoo.com,abc123,TI,94510547,ACTIVO
15439.0,Sofia Torres,,3104356347,CC,11844480,ACTIVO
91584.0,Carlos Gomez,juanperez@yahoo.com,3022124830,CC,64099942,desconocido
52883.0,Sofia Torres,luisrojas@hotmail.com,3008055234,CC,,INACTIVO
,Maria Lopez,sofiatorres@yahoo.com,3101737929,CC,39336099,ACTIVO
85499.0,Ana Martinez,,3009884666,TI,57692346,ACTIVO
33221.0,Maria Lopez,marialopez@gmail.com,3026578120,TI,,INACTIVO
,Ana Martinez,carlosgomez@yahoo.com,3111516826,CC,82309447,INACTIVO
88148.0,Luis Rojas,carlosgomez@gmail.com,3028749330,CC,72750204,INACTIVO
61618.0,Ana Martinez,sofiatorres@yahoo.com,3107474211,CE,80720596,desconocido
35017.0,Maria Lopez,carlosgomez@hotmail.com,abc123,CE,68486318,SUSPENDIDO
15576.0,Carlos Gomez,juanperez@gmail.com,3001646837,CC,,ACTIVO
94995.0,Maria Lopez,marialopez@yahoo.com,3002293524,CC,,ACTIVO
92276.0,Carlos Gomez,,3101233614,TI,79571052,SUSPENDIDO
18403.0,Luis Rojas,luisrojas@yahoo.com,3016235677,TI,70523550,ACTIVO
49922.0,Maria Lopez,juanperez@hotmail.com,3006552804,CE,,INACTIVO
64865.0,Luis Rojas,,3118546431,TI,50429887,ACTIVO
59396.0,Luis Rojas,,3108173522,CC,50446138,ACTIVO
61376.0,Maria Lopez,marialopez@yahoo.com,3114771142,CE,,SUSPENDIDO
12983.0,Luis Rojas,anamartinez@gmail.com,abc123,CC,66040170,SUSPENDIDO
,Sofia Torres,anamartinez@hotmail.com,3016890006,CE,82913229,SUSPENDIDO
17277.0,Juan Perez,,3027550770,TI,11370775,ACTIVO
23615.0,Carlos Gomez,juanperez@hotmail.com,abc123,CC,51000093,INACTIVO
34397.0,Carlos Gomez,luisrojas@gmail.com,3015426781,CC,,INACTIVO
95040.0,Carlos Gomez,marialopez@hotmail.com,abc123,CC,20560910,ACTIVO
71648.0,Maria Lopez,anamartinez@gmail.com,3016215059,CE,,ACTIVO
,Sofia Torres,luisrojas@hotmail.com,3017834520,TI,87363663,INACTIVO
61794.0,Carlos Gomez,anamartinez@gmail.com,abc123,TI,42298589,INACTIVO
,Ana Martinez,carlosgomez@hotmail.com,3011202478,CC,76942237,INACTIVO
33901.0,Luis Rojas,,3004668593,TI,53035259,ACTIVO
47089.0,Luis Rojas,luisrojas@gmail.com,abc123,CE,77641400,INACTIVO
73744.0,Maria Lopez,juanperez@gmail.com,abc123,TI,52554901,ACTIVO
71470.0,Carlos Gomez,anamartinez@gmail.com,abc123,CC,65078631,INACTIVO
37819.0,Juan Perez,juanperez@hotmail.com,abc123,TI,45721773,INACTIVO
83515.0,Luis Rojas,luisrojas@gmail.com,3008323830,CE,13005607,desconocido
13095.0,Luis Rojas,,3112053045,TI,95279806,ACTIVO
27160.0,Sofia Torres,anamartinez@hotmail.com,3109347765,CE,,INACTIVO
2807.0,Ana Martinez,luisrojas@gmail.com,abc123,CE,10098204,SUSPENDIDO
77225.0,Carlos Gomez,juanperez@hotmail.com,3007460900,TI,,SUSPENDIDO
15097.0,Juan Perez,luisrojas@gmail.com,3027058482,TI,85571266,desconocido
11816.0,Maria Lopez,anamartinez@gmail.com,3027219263,TI,,INACTIVO
29097.0,Ana Martinez,anamartinez@gmail.com,3113473974,CC,,SUSPENDIDO
41567.0,Maria Lopez,juanperez@gmail.com,abc123,CE,15384588,ACTIVO
91877.0,Luis Rojas,luisrojas@yahoo.com,3002948047,TI,76078533,INACTIVO
54432.0,Carlos Gomez,carlosgomez@gmail.com,abc123,CC,56361687,INACTIVO
18074.0,Ana Martinez,sofiatorres@hotmail.com,abc123,CC,38420415,SUSPENDIDO
,Luis Rojas,marialopez@hotmail.com,3007683017,TI,97065499,INACTIVO
26123.0,Luis Rojas,,3019500433,CC,68382890,ACTIVO
53110.0,Juan Perez,marialopez@yahoo.com,3012195165,TI,,ACTIVO
96409.0,Maria Lopez,juanperez@gmail.com,3118613702,TI,63071152,desconocido
27719.0,Ana Martinez,juanperez@gmail.com,abc123,CE,54375728,SUSPENDIDO
1590.0,Ana Martinez,sofiatorres@hotmail.com,abc123,CE,81808803,INACTIVO
77092.0,Sofia Torres,carlosgomez@hotmail.com,abc123,TI,35657044,SUSPENDIDO
88392.0,Ana Martinez,juanperez@yahoo.com,abc123,CC,66232589,SUSPENDIDO
4482.0,Luis Rojas,luisrojas@hotmail.com,abc123,CC,47989822,SUSPENDIDO
71816.0,Luis Rojas,,3025144646,TI,37745034,SUSPENDIDO
13848.0,Juan Perez,luisrojas@hotmail.com,abc123,TI,56466967,ACTIVO
87706.0,Luis Rojas,juanperez@yahoo.com,3013341652,CE,,SUSPENDIDO
74082.0,Luis Rojas,marialopez@yahoo.com,3017664887,TI,,ACTIVO
76714.0,Carlos Gomez,luisrojas@hotmail.com,3025724321,CC,,INACTIVO
12576.0,Luis Rojas,sofiatorres@gmail.com,3012471821,CE,25416643,desconocido
85265.0,Sofia Torres,sofiatorres@hotmail.com,3108682296,CE,,INACTIVO
81904.0,Sofia Torres,,3023514625,CE,98869682,ACTIVO
56620.0,Carlos Gomez,sofiatorres@yahoo.com,3117444696,TI,,SUSPENDIDO
16354.0,Maria Lopez,marialopez@yahoo.com,3118200512,CC,,ACTIVO
,Sofia Torres,carlosgomez@hotmail.com,3003877746,TI,28240067,INACTIVO
21416.0,Maria Lopez,,3116064066,CC,10120227,SUSPENDIDO
,Sofia Torres,juanperez@hotmail.com,3023989525,TI,32752174,ACTIVO
50248.0,Carlos Gomez,marialopez@yahoo.com,3024495587,CC,,SUSPENDIDO
83471.0,Luis Rojas,,3007676803,CE,64184850,SUSPENDIDO
,Sofia Torres,luisrojas@yahoo.com,3017681643,TI,38034803,SUSPENDIDO
11847.0,Maria Lopez,carlosgomez@gmail.com,3001773235,CE,,INACTIVO
98714.0,Maria Lopez,marialopez@hotmail.com,abc123,CE,74313736,SUSPENDIDO
45832.0,Juan Perez,,3119847024,TI,28091771,INACTIVO
75526.0,Luis Rojas,anamartinez@hotmail.com,3021024178,CE,70199129,SUSPENDIDO
,Maria Lopez,juanperez@hotmail.com,3111521937,CC,89747776,INACTIVO
22705.0,Maria Lopez,juanperez@hotmail.com,abc123,TI,86193318,SUSPENDIDO
99424.0,Sofia Torres,,3012315713,CE,51047867,INACTIVO
97271.0,Carlos Gomez,carlosgomez@yahoo.com,3102088532,TI,70242035,ACTIVO
58103.0,Sofia Torres,anamartinez@yahoo.com,abc123,CC,69198212,SUSPENDIDO
67853.0,Maria Lopez,luisrojas@yahoo.com,3009238512,TI,,ACTIVO
28541.0,Maria Lopez,carlosgomez@hotmail.com,3003244113,TI,,SUSPENDIDO
12736.0,Ana Martinez,carlosgomez@gmail.com,3001051849,CE,,INACTIVO
70745.0,Juan Perez,sofiatorres@hotmail.com,3012420230,CC,,INACTIVO
20402.0,Luis Rojas,anamartinez@yahoo.com,3115755280,CE,27615624,ACTIVO
,Luis Rojas,marialopez@yahoo.com,3003480384,CE,52308384,SUSPENDIDO
,Sofia Torres,carlosgomez@gmail.com,3028218891,CC,94169257,ACTIVO
77182.0,Juan Perez,juanperez@yahoo.com,3006429665,CC,71639962,desconocido
94626.0,Carlos Gomez,sofiatorres@yahoo.com,abc123,CC,15720377,SUSPENDIDO
85222.0,Carlos Gomez,,3103428365,CC,65518943,SUSPENDIDO
70023.0,Ana Martinez,anamartinez@yahoo.com,3112262609,CC,85594105,SUSPENDIDO
23628.0,Carlos Gomez,luisrojas@gmail.com,3024342843,CE,,SUSPENDIDO
,Luis Rojas,luisrojas@yahoo.com,3018757349,CC,37843262,SUSPENDIDO
25768.0,Juan Perez,,3101502520,CC,71690520,INACTIVO
60524.0,Ana Martinez,,3103986031,CC,48074647,ACTIVO
43790.0,Sofia Torres,,3023938828,CC,13539545,INACTIVO
73093.0,Luis Rojas,,3023422452,TI,71755781,ACTIVO
,Carlos Gomez,juanperez@hotmail.com,3115464973,CE,10622351,ACTIVO
23499.0,Luis Rojas,,3013398626,TI,17287357,ACTIVO
82602.0,Carlos Gomez,luisrojas@yahoo.com,abc123,CC,67159208,INACTIVO
,Carlos Gomez,sofiatorres@yahoo.com,3005889626,CC,67455094,ACTIVO
76664.0,Carlos Gomez,sofiatorres@yahoo.com,3104599471,CE,35400102,INACTIVO
13459.0,Carlos Gomez,luisrojas@hotmail.com,3019938115,CC,43216877,desconocido
8779.0,Carlos Gomez,sofiatorres@gmail.com,3017027943,CE,,INACTIVO
561.0,Carlos Gomez,juanperez@hotmail.com,abc123,CC,66408823,ACTIVO
37706.0,Maria Lopez,juanperez@yahoo.com,abc123,TI,34171188,INACTIVO
,Luis Rojas,luisrojas@hotmail.com,3026664326,CE,67598937,INACTIVO
26970.0,Ana Martinez,,3109958818,CC,66181198,ACTIVO
86021.0,Carlos Gomez,anamartinez@hotmail.com,3112984227,CE,,ACTIVO
43118.0,Luis Rojas,carlosgomez@gmail.com,3009378023,CE,37768340,desconocido
,Sofia Torres,anamartinez@hotmail.com,3012816181,CC,76767438,ACTIVO
58998.0,Sofia Torres,sofiatorres@yahoo.com,abc123,CE,78428242,SUSPENDIDO
43607.0,Luis Rojas,marialopez@gmail.com,3013841020,CC,93568707,desconocido
73617.0,Maria Lopez,luisrojas@yahoo.com,3109203956,CE,,INACTIVO
36895.0,Ana Martinez,marialopez@gmail.com,3103329518,CE,,INACTIVO
,Luis Rojas,marialopez@hotmail.com,3001138382,CE,91954124,ACTIVO
94457.0,Sofia Torres,sofiatorres@hotmail.com,abc123,CC,45096021,INACTIVO
74654.0,Ana Martinez,sofiatorres@yahoo.com,abc123,CC,82958950,INACTIVO
6850.0,Sofia Torres,anamartinez@hotmail.com,abc123,CE,50943775,SUSPENDIDO
37443.0,Carlos Gomez,,3004121039,CC,15499489,ACTIVO
86820.0,Ana Martinez,luisrojas@gmail.com,3019875067,TI,12665280,desconocido
38631.0,Maria Lopez,marialopez@yahoo.com,3106962143,CC,29705716,ACTIVO
86432.0,Maria Lopez,sofiatorres@gmail.com,3022499298,CE,53828360,ACTIVO
65584.0,Ana Martinez,,3021830570,CE,42381753,INACTIVO
,Luis Rojas,carlosgomez@hotmail.com,3104055076,CE,28226804,ACTIVO
,Sofia Torres,sofiatorres@yahoo.com,3003592562,CC,23532993,SUSPENDIDO
47704.0,Sofia Torres,anamartinez@hotmail.com,3018846940,TI,,SUSPENDIDO
8809.0,Carlos Gomez,sofiatorres@gmail.com,abc123,CC,62577514,ACTIVO
40704.0,Juan Perez,,3106679404,CC,49081377,SUSPENDIDO
48963.0,Sofia Torres,marialopez@hotmail.com,3104066493,CC,,ACTIVO
,Luis Rojas,carlosgomez@yahoo.com,3023204235,CC,73884816,INACTIVO
12103.0,Carlos Gomez,marialopez@yahoo.com,3025704356,CC,25276975,INACTIVO
11984.0,Carlos Gomez,sofiatorres@yahoo.com,3102346866,TI,,SUSPENDIDO
60259.0,Carlos Gomez,juanperez@gmail.com,3108700685,CE,35905083,ACTIVO
33570.0,Luis Rojas,,3015912551,CE,94025162,SUSPENDIDO
,Sofia Torres,anamartinez@yahoo.com,3022744130,CE,90935923,ACTIVO
8117.0,Sofia Torres,luisrojas@hotmail.com,3022957608,CE,,SUSPENDIDO
92258.0,Ana Martinez,anamartinez@gmail.com,3008438762,CC,,SUSPENDIDO
41952.0,Luis Rojas,anamartinez@hotmail.com,3022575285,CE,,SUSPENDIDO
60467.0,Ana Martinez,carlosgomez@gmail.com,3011218656,TI,69541638,SUSPENDIDO
14470.0,Carlos Gomez,sofiatorres@hotmail.com,3022521408,CE,98470228,ACTIVO
35776.0,Carlos Gomez,marialopez@hotmail.com,3022235933,CE,,SUSPENDIDO
91760.0,Carlos Gomez,marialopez@gmail.com,3028735799,CC,,ACTIVO
8894.0,Luis Rojas,,3101809500,CC,40207653,INACTIVO
64040.0,Maria Lopez,,3102637417,TI,23297239,SUSPENDIDO
50984.0,Juan Perez,marialopez@hotmail.com,3111670193,TI,15058637,INACTIVO
50091.0,Ana Martinez,carlosgomez@yahoo.com,3005137674,TI,,INACTIVO
,Luis Rojas,marialopez@yahoo.com,3007133012,CE,91863007,INACTIVO
69246.0,Sofia Torres,juanperez@gmail.com,3115724328,TI,,ACTIVO
,Juan Perez,carlosgomez@yahoo.com,3011370533,TI,36300992,SUSPENDIDO
70958.0,Carlos Gomez,,3022267161,CE,98046272,INACTIVO
,Juan Perez,carlosgomez@hotmail.com,3018813301,TI,37280368,INACTIVO
88913.0,Maria Lopez,,3115349691,CE,31050254,SUSPENDIDO
97741.0,Sofia Torres,anamartinez@gmail.com,abc123,CE,25743246,ACTIVO
44450.0,Juan Perez,marialopez@gmail.com,3026359416,CE,,SUSPENDIDO
97936.0,Juan Perez,,3002765073,CC,11084582,INACTIVO
,Juan Perez,sofiatorres@hotmail.com,3018643376,CE,46232514,INACTIVO
45675.0,Carlos Gomez,luisrojas@yahoo.com,3028675673,TI,,SUSPENDIDO
51743.0,Maria Lopez,anamartinez@gmail.com,3104785108,TI,,ACTIVO
75640.0,Sofia Torres,sofiatorres@gmail.com,3011496678,CE,,ACTIVO
30650.0,Maria Lopez,,3105118196,CE,70921787,INACTIVO
82015.0,Ana Martinez,luisrojas@yahoo.com,abc123,TI,35154199,SUSPENDIDO
50278.0,Juan Perez,anamartinez@gmail.com,abc123,CC,43449887,ACTIVO
32057.0,Juan Perez,marialopez@gmail.com,abc123,CE,16487631,SUSPENDIDO
75717.0,Maria Lopez,carlosgomez@yahoo.com,abc123,CC,37310441,ACTIVO
42847.0,Sofia Torres,sofiatorres@gmail.com,abc123,TI,75376703,INACTIVO
21964.0,Maria Lopez,anamartinez@hotmail.com,3016295701,CE,,ACTIVO
4292.0,Maria Lopez,,3028943840,TI,74431002,ACTIVO
6123.0,Juan Perez,sofiatorres@yahoo.com,3005504233,CE,44044067,desconocido
89727.0,Carlos Gomez,luisrojas@yahoo.com,3006455759,CC,,ACTIVO
,Juan Perez,sofiatorres@gmail.com,3103059361,TI,24514999,INACTIVO
,Sofia Torres,anamartinez@gmail.com,3002725447,TI,58226915,SUSPENDIDO
69134.0,Sofia Torres,marialopez@hotmail.com,abc123,CE,44210861,ACTIVO
29790.0,Ana Martinez,luisrojas@yahoo.com,abc123,CC,48266579,ACTIVO
,Carlos Gomez,juanperez@hotmail.com,3118834248,TI,94974815,INACTIVO
9220.0,Maria Lopez,marialopez@gmail.com,3119091946,CE,16871789,INACTIVO
4689.0,Luis Rojas,carlosgomez@gmail.com,abc123,TI,26529194,SUSPENDIDO
,Carlos Gomez,marialopez@yahoo.com,3016691387,TI,16489963,SUSPENDIDO
99499.0,Sofia Torres,luisrojas@gmail.com,3027218866,CE,,ACTIVO
25944.0,Luis Rojas,juanperez@gmail.com,3001395465,CE,32812905,desconocido
51687.0,Sofia Torres,sofiatorres@hotmail.com,3002251125,CC,10452715,desconocido
,Ana Martinez,sofiatorres@yahoo.com,3003865265,CE,27532730,SUSPENDIDO
6277.0,Luis Rojas,carlosgomez@hotmail.com,3007721258,CC,,SUSPENDIDO
61794.0,Sofia Torres,juanperez@gmail.com,abc123,CC,75166369,ACTIVO
9519.0,Ana Martinez,marialopez@hotmail.com,3029651729,TI,,INACTIVO
87306.0,Ana Martinez,anamartinez@hotmail.com,3107498930,CC,40701873,INACTIVO
97459.0,Luis Rojas,anamartinez@gmail.com,abc123,CC,40850572,INACTIVO
13058.0,Carlos Gomez,,3105593913,CC,58168239,INACTIVO
988.0,Maria Lopez,juanperez@gmail.com,abc123,TI,94659741,ACTIVO
18738.0,Maria Lopez,luisrojas@hotmail.com,3105611553,TI,65887019,INACTIVO
,Sofia Torres,sofiatorres@hotmail.com,3106635385,CE,15893861,SUSPENDIDO
31580.0,Juan Perez,marialopez@gmail.com,3021666222,TI,,SUSPENDIDO
27370.0,Sofia Torres,,3008535881,CC,45772654,ACTIVO
,Sofia Torres,anamartinez@hotmail.com,3105923645,CE,15241622,INACTIVO
87805.0,Maria Lopez,carlosgomez@gmail.com,abc123,CC,56151960,INACTIVO
,Maria Lopez,anamartinez@gmail.com,3117765999,CE,26936872,ACTIVO
58055.0,Luis Rojas,,3014735192,TI,75025357,SUSPENDIDO
32194.0,Sofia Torres,,3019973053,CC,23206638,SUSPENDIDO
,Luis Rojas,juanperez@yahoo.com,3005570064,CC,55192588,INACTIVO
,Juan Perez,sofiatorres@hotmail.com,3012430151,TI,59192388,INACTIVO
,Ana Martinez,carlosgomez@gmail.com,3108160951,TI,98846524,INACTIVO
25047.0,Ana Martinez,,3011945823,CE,12981825,SUSPENDIDO
46047.0,Juan Perez,marialopez@gmail.com,abc123,CC,60819914,SUSPENDIDO
41688.0,Ana Martinez,carlosgomez@hotmail.com,3021114886,CE,37735689,desconocido
45129.0,Ana Martinez,luisrojas@gmail.com,3114044730,CE,,SUSPENDIDO
41408.0,Juan Perez,juanperez@gmail.com,abc123,TI,98213989,SUSPENDIDO
50112.0,Carlos Gomez,,3021510160,CC,14011677,INACTIVO
40572.0,Juan Perez,,3025665451,CC,64114371,ACTIVO
85982.0,Luis Rojas,juanperez@yahoo.com,abc123,CE,85392831,ACTIVO
40638.0,Maria Lopez,,3103114113,TI,38968814,INACTIVO
37669.0,Luis Rojas,,3018770103,CC,72387187,SUSPENDIDO
22459.0,Carlos Gomez,marialopez@hotmail.com,3109321279,TI,,INACTIVO
69412.0,Maria Lopez,carlosgomez@hotmail.com,3028378079,CE,94179692,desconocido
19214.0,Maria Lopez,luisrojas@hotmail.com,3109074891,CE,,INACTIVO
60698.0,Ana Martinez,marialopez@yahoo.com,3103371231,CE,,ACTIVO
35215.0,Maria Lopez,,3012032321,CE,43027849,SUSPENDIDO
58617.0,Maria Lopez,sofiatorres@hotmail.com,abc123,TI,98083311,SUSPENDIDO
56481.0,Juan Perez,,3021580906,TI,37376780,ACTIVO
54500.0,Carlos Gomez,,3026684242,TI,52744728,INACTIVO
3100.0,Carlos Gomez,,3014667699,CC,76018333,ACTIVO
64592.0,Ana Martinez,carlosgomez@gmail.com,3027087322,CC,,SUSPENDIDO
3086.0,Maria Lopez,sofiatorres@yahoo.com,3115954295,TI,20024689,desconocido
69079.0,Carlos Gomez,,3104667377,CC,85107625,INACTIVO
22872.0,Sofia Torres,sofiatorres@gmail.com,3105388472,CE,,ACTIVO
29155.0,Carlos Gomez,luisrojas@hotmail.com,3016699494,CC,,SUSPENDIDO
46448.0,Carlos Gomez,anamartinez@hotmail.com,abc123,TI,81726569,ACTIVO
17182.0,Juan Perez,juanperez@hotmail.com,3103609189,CC,,SUSPENDIDO
3560.0,Carlos Gomez,anamartinez@gmail.com,abc123,TI,40392644,ACTIVO
,Ana Martinez,carlosgomez@yahoo.com,3107829273,CC,33204396,SUSPENDIDO
36566.0,Maria Lopez,carlosgomez@yahoo.com,3016701621,CC,14761624,desconocido
,Maria Lopez,sofiatorres@yahoo.com,3021759256,CC,79593545,SUSPENDIDO
52555.0,Ana Martinez,juanperez@hotmail.com,3107356218,CC,,INACTIVO
48336.0,Luis Rojas,marialopez@yahoo.com,3028135553,CC,,SUSPENDIDO
28842.0,Luis Rojas,marialopez@hotmail.com,3019355258,CE,25483110,desconocido
86547.0,Maria Lopez,sofiatorres@yahoo.com,3109022439,CE,34324450,desconocido
,Sofia Torres,juanperez@yahoo.com,3105663111,CE,96305807,SUSPENDIDO
99644.0,Maria Lopez,luisrojas@gmail.com,abc123,TI,45719396,ACTIVO
98764.0,Maria Lopez,marialopez@hotmail.com,3005487075,CE,,SUSPENDIDO
47272.0,Luis Rojas,luisrojas@hotmail.com,3009318166,CC,,SUSPENDIDO
72097.0,Carlos Gomez,,3023807219,CC,82582247,SUSPENDIDO
7376.0,Ana Martinez,juanperez@gmail.com,abc123,CE,97018483,SUSPENDIDO
27406.0,Carlos Gomez,anamartinez@yahoo.com,3025320533,TI,98497646,INACTIVO
80548.0,Juan Perez,,3027396571,CC,69591969,ACTIVO
,Luis Rojas,marialopez@yahoo.com,3004742901,CC,91115363,ACTIVO
1845.0,Maria Lopez,,3112770911,CC,44798207,ACTIVO
18028.0,Juan Perez,,3102284093,CC,83384599,INACTIVO
43515.0,Luis Rojas,anamartinez@yahoo.com,3018939973,TI,65991624,INACTIVO
70380.0,Maria Lopez,luisrojas@yahoo.com,3021813028,CE,,INACTIVO
,Maria Lopez,juanperez@hotmail.com,3107072400,TI,68791722,SUSPENDIDO
,Carlos Gomez,luisrojas@yahoo.com,3029599607,TI,93584410,ACTIVO
39886.0,Carlos Gomez,marialopez@gmail.com,3105992944,CE,99660936,SUSPENDIDO
13208.0,Sofia Torres,carlosgomez@gmail.com,abc123,TI,47119717,INACTIVO
79066.0,Luis Rojas,luisrojas@yahoo.com,abc123,TI,46945165,INACTIVO
87135.0,Carlos Gomez,juanperez@yahoo.com,abc123,CE,49621093,INACTIVO
28223.0,Ana Martinez,,3118888575,TI,15328967,SUSPENDIDO
48048.0,Sofia Torres,anamartinez@gmail.com,3113383003,CE,80484910,SUSPENDIDO
25856.0,Ana Martinez,carlosgomez@yahoo.com,3119872454,CC,23581903,desconocido
47994.0,Carlos Gomez,,3102861701,CE,15446319,ACTIVO
32309.0,Maria Lopez,juanperez@gmail.com,3004686840,TI,,INACTIVO
99745.0,Sofia Torres,sofiatorres@yahoo.com,abc123,CC,99286787,INACTIVO
76227.0,Luis Rojas,anamartinez@yahoo.com,abc123,CE,42248406,SUSPENDIDO
49617.0,Sofia Torres,carlosgomez@yahoo.com,3114466778,CE,,ACTIVO
97569.0,Juan Perez,anamartinez@yahoo.com,abc123,CE,18400486,SUSPENDIDO
43531.0,Maria Lopez,carlosgomez@yahoo.com,3019405167,TI,,ACTIVO
25282.0,Maria Lopez,juanperez@yahoo.com,3014846619,CC,,ACTIVO
15851.0,Sofia Torres,carlosgomez@hotmail.com,3023074051,CC,,SUSPENDIDO
97890.0,Sofia Torres,,3017421179,CC,61404534,INACTIVO
50690.0,Ana Martinez,luisrojas@yahoo.com,3004213163,TI,,ACTIVO
36282.0,Maria Lopez,,3102938366,CC,69973471,INACTIVO
21589.0,Carlos Gomez,sofiatorres@yahoo.com,3006723672,CC,80201051,desconocido
29642.0,Carlos Gomez,sofiatorres@yahoo.com,3113023176,CE,,ACTIVO
44335.0,Sofia Torres,marialopez@yahoo.com,abc123,CC,31355133,ACTIVO
67456.0,Juan Perez,marialopez@hotmail.com,abc123,CE,39407890,ACTIVO
29662.0,Sofia Torres,,3007818867,TI,65961377,ACTIVO
,Sofia Torres,marialopez@gmail.com,3115558282,CE,28412590,INACTIVO
11749.0,Maria Lopez,,3001913148,TI,83209071,ACTIVO
95314.0,Luis Rojas,luisrojas@yahoo.com,abc123,TI,16336533,INACTIVO
28159.0,Luis Rojas,sofiatorres@gmail.com,3004799918,CC,54849638,SUSPENDIDO
38112.0,Luis Rojas,,3006955477,TI,75171523,SUSPENDIDO
62714.0,Luis Rojas,,3104010184,TI,74280521,SUSPENDIDO
,Juan Perez,marialopez@hotmail.com,3009909026,TI,76026562,INACTIVO
17199.0,Maria Lopez,carlosgomez@yahoo.com,3119601579,CC,,ACTIVO
89645.0,Maria Lopez,,3014394144,CC,23818452,SUSPENDIDO
27949.0,Maria Lopez,,3115227816,CC,12872807,ACTIVO
10902.0,Ana Martinez,marialopez@gmail.com,abc123,CE,59776796,INACTIVO
1719.0,Maria Lopez,anamartinez@yahoo.com,3112556581,CE,,SUSPENDIDO
1723.0,Maria Lopez,,3112068272,TI,25462333,ACTIVO
54088.0,Sofia Torres,,3101452196,TI,71717565,SUSPENDIDO
,Carlos Gomez,juanperez@gmail.com,3117460835,CC,90685226,SUSPENDIDO
78079.0,Sofia Torres,,3029035174,CE,51793071,INACTIVO
,Carlos Gomez,sofiatorres@gmail.com,3104614920,TI,70358782,ACTIVO
37295.0,Sofia Torres,anamartinez@yahoo.com,3027534677,TI,62833654,ACTIVO
82807.0,Sofia Torres,carlosgomez@gmail.com,abc123,CE,28918552,INACTIVO
40641.0,Ana Martinez,,3105685112,CC,50163356,ACTIVO
77083.0,Juan Perez,sofiatorres@hotmail.com,3118270296,TI,,ACTIVO
56621.0,Maria Lopez,marialopez@hotmail.com,abc123,CC,53177634,SUSPENDIDO
5892.0,Sofia Torres,,3114300583,TI,70084523,SUSPENDIDO
75315.0,Luis Rojas,juanperez@gmail.com,abc123,CC,86626259,SUSPENDIDO
95469.0,Carlos Gomez,anamartinez@hotmail.com,3029896301,CC,,INACTIVO
15384.0,Ana Martinez,carlosgomez@gmail.com,abc123,TI,82002903,INACTIVO
68888.0,Ana Martinez,,3119525179,CE,38218029,ACTIVO
,Luis Rojas,juanperez@gmail.com,3023742590,CE,17894628,SUSPENDIDO
,Luis Rojas,juanperez@yahoo.com,3001531161,CE,42030647,SUSPENDIDO
82792.0,Juan Perez,juanperez@gmail.com,3024974669,CC,80089245,desconocido
31066.0,Carlos Gomez,marialopez@gmail.com,3118587306,CC,88554291,desconocido
,Ana Martinez,marialopez@yahoo.com,3006089408,CE,52003627,ACTIVO
,Ana Martinez,anamartinez@yahoo.com,3119782331,CC,72124210,ACTIVO
12663.0,Maria Lopez,marialopez@yahoo.com,3115424483,CE,,ACTIVO
,Sofia Torres,luisrojas@gmail.com,3009627707,TI,97960847,INACTIVO
37236.0,Maria Lopez,,3023508248,CC,22756188,ACTIVO
77816.0,Luis Rojas,carlosgomez@hotmail.com,3009923296,TI,34169632,desconocido
75772.0,Juan Perez,anamartinez@gmail.com,3004711211,TI,,ACTIVO
71671.0,Maria Lopez,carlosgomez@yahoo.com,abc123,CE,45075619,ACTIVO
24157.0,Carlos Gomez,sofiatorres@yahoo.com,3018597018,CC,,INACTIVO
,Carlos Gomez,sofiatorres@gmail.com,3026963992,CE,61448353,SUSPENDIDO
41713.0,Ana Martinez,,3107921013,CE,66258166,SUSPENDIDO
8388.0,Juan Perez,carlosgomez@gmail.com,3101473184,TI,,SUSPENDIDO
47589.0,Sofia Torres,,3027977390,CC,25292257,INACTIVO
9218.0,Ana Martinez,,3017868000,CE,84824958,ACTIVO
74567.0,Carlos Gomez,,3008093513,TI,74465964,INACTIVO
89159.0,Maria Lopez,luisrojas@yahoo.com,3009519872,CE,,ACTIVO
28829.0,Maria Lopez,carlosgomez@hotmail.com,abc123,TI,16197390,SUSPENDIDO
68871.0,Maria Lopez,marialopez@yahoo.com,abc123,TI,74887466,INACTIVO
,Maria Lopez,sofiatorres@gmail.com,3001442742,CC,81720725,SUSPENDIDO
,Ana Martinez,luisrojas@hotmail.com,3016577967,CC,64832859,SUSPENDIDO
82339.0,Juan Perez,marialopez@hotmail.com,3009893252,CC,,SUSPENDIDO
90115.0,Carlos Gomez,anamartinez@gmail.com,3009608821,CE,,ACTIVO
8674.0,Sofia Torres,,3013088881,TI,14897182,INACTIVO
,Luis Rojas,sofiatorres@hotmail.com,3027337514,CE,97338316,INACTIVO
,Carlos Gomez,luisrojas@gmail.com,3115260789,CC,75508220,INACTIVO
,Maria Lopez,anamartinez@yahoo.com,3007245738,CE,92840649,ACTIVO
3728.0,Juan Perez,luisrojas@yahoo.com,3028411729,CC,,SUSPENDIDO
,Carlos Gomez,sofiatorres@yahoo.com,3011901472,CE,83930177,INACTIVO
6449.0,Carlos Gomez,luisrojas@yahoo.com,3112378159,CE,,SUSPENDIDO
9914.0,Sofia Torres,sofiatorres@yahoo.com,3007863062,CE,,ACTIVO
29982.0,Luis Rojas,luisrojas@hotmail.com,3021379259,TI,71969245,INACTIVO
,Luis Rojas,juanperez@hotmail.com,3028126592,TI,39338566,SUSPENDIDO
88661.0,Ana Martinez,marialopez@hotmail.com,3026209225,TI,,INACTIVO
73470.0,Carlos Gomez,,3018715872,CC,94661264,ACTIVO
,Maria Lopez,carlosgomez@yahoo.com,3001789403,CE,91162420,SUSPENDIDO
87341.0,Maria Lopez,juanperez@yahoo.com,3008664472,CC,14230118,desconocido
3631.0,Luis Rojas,anamartinez@gmail.com,3005575528,TI,61315260,desconocido
60572.0,Ana Martinez,carlosgomez@gmail.com,3115596426,CE,,ACTIVO
30304.0,Carlos Gomez,,3114188055,TI,55183710,INACTIVO
10387.0,Ana Martinez,luisrojas@gmail.com,abc123,TI,57552593,SUSPENDIDO
61000.0,Maria Lopez,sofiatorres@hotmail.com,abc123,TI,12634817,SUSPENDIDO
87092.0,Juan Perez,marialopez@gmail.com,abc123,CE,88212845,INACTIVO
47504.0,Carlos Gomez,,3009224697,CE,14811219,SUSPENDIDO
25811.0,Juan Perez,luisrojas@gmail.com,3001629790,TI,,INACTIVO
64968.0,Luis Rojas,anamartinez@gmail.com,3019023942,CC,,SUSPENDIDO
,Luis Rojas,anamartinez@hotmail.com,3028982790,CE,47882235,ACTIVO
80941.0,Luis Rojas,,3104565059,CC,53099276,ACTIVO
,Sofia Torres,carlosgomez@yahoo.com,3005525036,CE,45798613,ACTIVO
35220.0,Juan Perez,carlosgomez@yahoo.com,abc123,TI,94240216,INACTIVO
15787.0,Luis Rojas,anamartinez@yahoo.com,3001666325,CE,,INACTIVO
71970.0,Carlos Gomez,carlosgomez@yahoo.com,3025566747,TI,,SUSPENDIDO
54110.0,Sofia Torres,carlosgomez@yahoo.com,abc123,CE,15288856,INACTIVO
9922.0,Ana Martinez,anamartinez@yahoo.com,3105668636,TI,88182710,desconocido
46285.0,Maria Lopez,carlosgomez@yahoo.com,abc123,TI,23723475,ACTIVO
60877.0,Luis Rojas,luisrojas@gmail.com,3011404317,TI,,ACTIVO
54543.0,Juan Perez,anamartinez@yahoo.com,3006990304,CC,87294389,INACTIVO
90194.0,Carlos Gomez,juanperez@hotmail.com,abc123,CC,72250413,ACTIVO
16911.0,Luis Rojas,anamartinez@gmail.com,3028351666,TI,87409465,desconocido
83414.0,Sofia Torres,,3116491551,CC,56561610,SUSPENDIDO
,Sofia Torres,juanperez@yahoo.com,3009742573,CC,25493224,ACTIVO
38192.0,Maria Lopez,marialopez@hotmail.com,abc123,CC,38427099,ACTIVO
89915.0,Sofia Torres,marialopez@yahoo.com,3108535520,CE,19559595,INACTIVO
49617.0,Luis Rojas,juanperez@yahoo.com,3116480824,CC,54943550,ACTIVO
9918.0,Ana Martinez,marialopez@gmail.com,3109234664,CE,,INACTIVO
69400.0,Luis Rojas,anamartinez@gmail.com,3022774002,TI,,ACTIVO
1795.0,Carlos Gomez,,3001024082,CC,95145617,SUSPENDIDO
13169.0,Carlos Gomez,sofiatorres@gmail.com,3017738193,CC,,SUSPENDIDO
52567.0,Juan Perez,juanperez@hotmail.com,3021093339,TI,,ACTIVO
23954.0,Carlos Gomez,anamartinez@yahoo.com,3101634329,CC,,ACTIVO
53841.0,Maria Lopez,luisrojas@hotmail.com,3003751409,CE,,INACTIVO
,Sofia Torres,anamartinez@yahoo.com,3005079520,CC,48061668,ACTIVO
87329.0,Ana Martinez,luisrojas@yahoo.com,3103394674,CC,,INACTIVO
84869.0,Carlos Gomez,carlosgomez@gmail.com,abc123,CC,33705327,SUSPENDIDO
80726.0,Ana Martinez,juanperez@yahoo.com,3112931684,TI,,ACTIVO
,Ana Martinez,marialopez@yahoo.com,3018821166,TI,31444890,ACTIVO
10734.0,Juan Perez,marialopez@yahoo.com,abc123,CC,12426758,INACTIVO
20429.0,Sofia Torres,carlosgomez@hotmail.com,abc123,CC,67168401,INACTIVO
35515.0,Carlos Gomez,luisrojas@yahoo.com,3015313366,TI,14012046,desconocido
38637.0,Juan Perez,,3014882671,CC,40952882,INACTIVO
45536.0,Luis Rojas,marialopez@yahoo.com,3118555112,CE,62594154,ACTIVO
42455.0,Carlos Gomez,carlosgomez@hotmail.com,abc123,TI,13967264,INACTIVO
37087.0,Juan Perez,carlosgomez@yahoo.com,3007108126,CE,,SUSPENDIDO
29454.0,Sofia Torres,luisrojas@hotmail.com,abc123,CE,19206706,SUSPENDIDO
60737.0,Luis Rojas,carlosgomez@gmail.com,abc123,TI,85350161,SUSPENDIDO
26650.0,Juan Perez,luisrojas@yahoo.com,3026139568,CC,71230602,ACTIVO
75326.0,Luis Rojas,luisrojas@yahoo.com,abc123,CE,94199475,ACTIVO
14156.0,Sofia Torres,juanperez@hotmail.com,3002237753,CC,,ACTIVO
43976.0,Maria Lopez,,3013091705,CC,61614194,SUSPENDIDO
26590.0,Sofia Torres,marialopez@gmail.com,abc123,CC,33278139,SUSPENDIDO
61809.0,Carlos Gomez,luisrojas@hotmail.com,abc123,CE,50493859,ACTIVO
6135.0,Sofia Torres,,3112981437,CE,11088807,INACTIVO
24157.0,Ana Martinez,,3105213672,TI,55239572,ACTIVO
,Carlos Gomez,marialopez@gmail.com,3014871142,CC,33527851,ACTIVO
15350.0,Ana Martinez,sofiatorres@hotmail.com,abc123,CE,18832089,ACTIVO
98937.0,Carlos Gomez,carlosgomez@gmail.com,abc123,CE,73400035,ACTIVO
78412.0,Juan Perez,,3103698375,CC,46502624,INACTIVO
3519.0,Sofia Torres,marialopez@gmail.com,3011844893,CC,,INACTIVO
,Luis Rojas,luisrojas@hotmail.com,3001546364,TI,67159532,SUSPENDIDO
83548.0,Juan Perez,anamartinez@hotmail.com,abc123,CC,59166216,INACTIVO
35163.0,Carlos Gomez,,3113563217,CC,13914967,INACTIVO
,Sofia Torres,luisrojas@gmail.com,3017991256,TI,73948856,INACTIVO
90821.0,Carlos Gomez,sofiatorres@yahoo.com,3101623223,CE,,INACTIVO
35218.0,Maria Lopez,,3019969732,CC,25095019,SUSPENDIDO
50584.0,Luis Rojas,sofiatorres@yahoo.com,3105118302,TI,76758344,INACTIVO
63690.0,Ana Martinez,carlosgomez@hotmail.com,abc123,CE,65758474,INACTIVO
,Carlos Gomez,juanperez@yahoo.com,3013042353,CE,41263666,INACTIVO
49543.0,Ana Martinez,,3011113908,TI,33269015,ACTIVO
42057.0,Luis Rojas,,3113474434,CE,29486970,ACTIVO
67878.0,Luis Rojas,luisrojas@yahoo.com,3101917702,TI,92824671,INACTIVO
1200.0,Luis Rojas,,3029493520,TI,18566810,ACTIVO
31179.0,Juan Perez,juanperez@gmail.com,abc123,CC,17537512,INACTIVO
,Juan Perez,sofiatorres@yahoo.com,3116846233,CC,20567930,ACTIVO
54349.0,Carlos Gomez,,3007523247,TI,40877569,ACTIVO
47825.0,Ana Martinez,juanperez@gmail.com,3108461361,CE,41161027,desconocido
,Carlos Gomez,luisrojas@yahoo.com,3116366584,TI,59519234,INACTIVO
33047.0,Maria Lopez,,3005493218,TI,59305809,ACTIVO
38736.0,Sofia Torres,anamartinez@yahoo.com,3019981436,CE,,ACTIVO
10282.0,Carlos Gomez,,3112749734,CC,44537206,ACTIVO
73618.0,Luis Rojas,juanperez@yahoo.com,3105257928,TI,,SUSPENDIDO
76671.0,Maria Lopez,,3006967091,CC,68641448,INACTIVO
42808.0,Carlos Gomez,,3008318436,CE,48387817,SUSPENDIDO
78511.0,Juan Perez,luisrojas@gmail.com,3001193812,CE,,ACTIVO
36773.0,Maria Lopez,juanperez@hotmail.com,abc123,TI,59081750,INACTIVO
97073.0,Carlos Gomez,,3107943447,CE,73597360,ACTIVO
54106.0,Ana Martinez,marialopez@gmail.com,3105184473,CC,,INACTIVO
65137.0,Carlos Gomez,,3006188779,TI,37709677,ACTIVO
,Carlos Gomez,sofiatorres@yahoo.com,3116689944,CC,57673398,SUSPENDIDO
,Luis Rojas,sofiatorres@gmail.com,3028016493,TI,86168966,INACTIVO
2045.0,Maria Lopez,,3116588646,TI,93702569,ACTIVO
80686.0,Ana Martinez,marialopez@yahoo.com,abc123,CC,73441058,SUSPENDIDO
31968.0,Carlos Gomez,juanperez@yahoo.com,3102597614,CE,,INACTIVO
,Juan Perez,marialopez@yahoo.com,3017148353,TI,92715873,SUSPENDIDO
92227.0,Carlos Gomez,sofiatorres@hotmail.com,3022628758,TI,,SUSPENDIDO
48656.0,Luis Rojas,,3114699811,CE,80697608,SUSPENDIDO
,Juan Perez,marialopez@yahoo.com,3117909452,CE,37228811,SUSPENDIDO
85791.0,Sofia Torres,sofiatorres@gmail.com,3119608424,CE,,ACTIVO
17024.0,Luis Rojas,juanperez@gmail.com,3018242382,CC,94347104,desconocido
57563.0,Luis Rojas,,3022769306,TI,52849136,INACTIVO
7738.0,Juan Perez,luisrojas@gmail.com,3017944068,CC,69804473,desconocido
61644.0,Maria Lopez,marialopez@gmail.com,3003021235,CE,15009054,ACTIVO
23685.0,Maria Lopez,,3109829138,CC,95983285,ACTIVO
47846.0,Maria Lopez,,3117353713,CC,41435269,SUSPENDIDO
80809.0,Sofia Torres,juanperez@yahoo.com,abc123,CC,36511073,ACTIVO
17717.0,Sofia Torres,,3029102142,TI,23271145,ACTIVO
11786.0,Luis Rojas,carlosgomez@yahoo.com,abc123,CE,52859170,SUSPENDIDO
53400.0,Carlos Gomez,,3012344337,TI,14738348,INACTIVO
62082.0,Sofia Torres,carlosgomez@yahoo.com,3025126049,CE,,INACTIVO
,Maria Lopez,marialopez@yahoo.com,3108632944,CC,51285909,INACTIVO
55599.0,Carlos Gomez,,3008935904,TI,66063139,SUSPENDIDO
49031.0,Carlos Gomez,,3006605360,TI,43917939,INACTIVO
30923.0,Ana Martinez,,3013612404,CE,50898242,INACTIVO
25182.0,Sofia Torres,sofiatorres@yahoo.com,3116276408,TI,,SUSPENDIDO
71587.0,Sofia Torres,,3118959790,CC,46893972,INACTIVO
53926.0,Sofia Torres,,3106131641,TI,86890298,INACTIVO
,Maria Lopez,luisrojas@gmail.com,3005999800,TI,60160935,ACTIVO
,Maria Lopez,marialopez@hotmail.com,3101610942,TI,10175677,SUSPENDIDO
,Ana Martinez,anamartinez@yahoo.com,3116470025,TI,29313670,INACTIVO
40172.0,Ana Martinez,,3001449282,CE,10753975,ACTIVO
,Carlos Gomez,luisrojas@hotmail.com,3018961465,TI,34823248,SUSPENDIDO
5448.0,Sofia Torres,marialopez@gmail.com,3105299137,TI,,INACTIVO
52253.0,Maria Lopez,carlosgomez@gmail.com,3015938637,CC,33981331,desconocido
36424.0,Carlos Gomez,sofiatorres@gmail.com,abc123,CC,90124217,INACTIVO
,Carlos Gomez,juanperez@yahoo.com,3006648702,TI,46823324,ACTIVO
,Maria Lopez,marialopez@hotmail.com,3111589853,CE,21967079,SUSPENDIDO
,Sofia Torres,carlosgomez@hotmail.com,3107719029,CC,40988247,ACTIVO
20086.0,Ana Martinez,juanperez@yahoo.com,3029797221,CE,73712909,SUSPENDIDO
87901.0,Maria Lopez,marialopez@hotmail.com,3025245453,CE,52391345,ACTIVO
26621.0,Sofia Torres,juanperez@hotmail.com,abc123,CC,89507259,INACTIVO
,Ana Martinez,anamartinez@gmail.com,3022943992,CC,35005909,INACTIVO
95951.0,Luis Rojas,juanperez@gmail.com,abc123,TI,70764542,SUSPENDIDO
92134.0,Carlos Gomez,carlosgomez@hotmail.com,abc123,TI,11547856,ACTIVO
13697.0,Ana Martinez,marialopez@hotmail.com,3013442008,CC,11559486,SUSPENDIDO
87259.0,Maria Lopez,marialopez@yahoo.com,3007460371,TI,82610254,desconocido
891.0,Luis Rojas,luisrojas@hotmail.com,3021022646,CC,,ACTIVO
38933.0,Sofia Torres,luisrojas@gmail.com,3101984897,CC,,INACTIVO
31089.0,Juan Perez,,3026035620,CE,46627043,INACTIVO
23173.0,Juan Perez,anamartinez@gmail.com,3028898665,TI,21876600,desconocido
31519.0,Juan Perez,marialopez@hotmail.com,3006324248,CE,,SUSPENDIDO
,Sofia Torres,luisrojas@hotmail.com,3004981780,CE,28287290,ACTIVO
73597.0,Luis Rojas,luisrojas@gmail.com,3101356215,TI,64724260,SUSPENDIDO
10951.0,Luis Rojas,anamartinez@gmail.com,abc123,CE,96910444,INACTIVO
45952.0,Ana Martinez,luisrojas@gmail.com,3028560378,TI,74258540,INACTIVO
99179.0,Juan Perez,luisrojas@gmail.com,abc123,TI,83465657,SUSPENDIDO
,Maria Lopez,sofiatorres@gmail.com,3113020919,TI,58528311,SUSPENDIDO
,Maria Lopez,luisrojas@yahoo.com,3112271772,TI,11625355,INACTIVO
25636.0,Maria Lopez,anamartinez@yahoo.com,3109916707,TI,86416943,desconocido
3495.0,Sofia Torres,,3013428659,TI,97352600,INACTIVO
71820.0,Juan Perez,,3019472257,CC,16152819,SUSPENDIDO
48868.0,Juan Perez,juanperez@hotmail.com,abc123,CE,21371506,SUSPENDIDO
8788.0,Maria Lopez,,3023610723,CC,81794189,INACTIVO
,Sofia Torres,sofiatorres@yahoo.com,3117457638,CC,75155985,SUSPENDIDO
17364.0,Sofia Torres,,3106552098,CC,53918583,INACTIVO
,Sofia Torres,anamartinez@gmail.com,3023419870,CC,65979841,ACTIVO
94644.0,Ana Martinez,marialopez@gmail.com,3104985937,CC,46691963,desconocido
39423.0,Luis Rojas,luisrojas@gmail.com,abc123,TI,61360128,INACTIVO
52090.0,Sofia Torres,juanperez@hotmail.com,abc123,CC,81720307,INACTIVO
25160.0,Ana Martinez,juanperez@gmail.com,abc123,CE,96185871,ACTIVO
26527.0,Maria Lopez,carlosgomez@hotmail.com,abc123,TI,74777630,SUSPENDIDO
41318.0,Luis Rojas,anamartinez@yahoo.com,3006590713,CC,,INACTIVO
1427.0,Juan Perez,,3022292238,CC,47465505,INACTIVO
56471.0,Ana Martinez,marialopez@yahoo.com,3105143667,CE,,ACTIVO
38614.0,Luis Rojas,juanperez@yahoo.com,3024406623,CC,82101728,ACTIVO
16899.0,Maria Lopez,carlosgomez@hotmail.com,3026800466,TI,31217030,INACTIVO
12706.0,Maria Lopez,sofiatorres@yahoo.com,3026185932,CC,,ACTIVO
9526.0,Maria Lopez,,3111646768,TI,11060618,ACTIVO
79912.0,Luis Rojas,luisrojas@gmail.com,3026726073,CC,,SUSPENDIDO
60720.0,Carlos Gomez,luisrojas@hotmail.com,abc123,CE,63176404,SUSPENDIDO
35200.0,Sofia Torres,,3105192526,TI,94906009,ACTIVO
85709.0,Carlos Gomez,,3026096548,CE,69163010,INACTIVO
8660.0,Ana Martinez,anamartinez@yahoo.com,abc123,CE,94927249,SUSPENDIDO
38821.0,Luis Rojas,anamartinez@gmail.com,abc123,CC,12823971,INACTIVO
82985.0,Luis Rojas,,3013876803,CC,94453301,INACTIVO
27369.0,Ana Martinez,,3015590036,TI,55194170,SUSPENDIDO
44440.0,Carlos Gomez,juanperez@yahoo.com,3108895577,CE,,ACTIVO
20486.0,Sofia Torres,juanperez@yahoo.com,3025852825,TI,41269623,INACTIVO
4640.0,Ana Martinez,marialopez@gmail.com,3002077657,CE,23658149,SUSPENDIDO
20030.0,Carlos Gomez,marialopez@gmail.com,3111605889,TI,87063007,desconocido
88578.0,Ana Martinez,carlosgomez@hotmail.com,abc123,CE,32561975,INACTIVO
50649.0,Juan Perez,luisrojas@yahoo.com,3108003091,TI,,ACTIVO
74478.0,Sofia Torres,sofiatorres@yahoo.com,abc123,CE,85031891,INACTIVO
73820.0,Maria Lopez,luisrojas@gmail.com,3006278089,CE,,ACTIVO
37222.0,Maria Lopez,sofiatorres@yahoo.com,3108115560,TI,,ACTIVO
71244.0,Carlos Gomez,juanperez@hotmail.com,3003670843,CE,99461837,desconocido
,Juan Perez,anamartinez@hotmail.com,3005537145,CE,18221252,SUSPENDIDO
15333.0,Ana Martinez,luisrojas@hotmail.com,3026368011,CC,23072226,desconocido
62084.0,Maria Lopez,luisrojas@gmail.com,abc123,CC,14138076,ACTIVO
95314.0,Juan Perez,carlosgomez@gmail.com,3011217484,CC,47866502,ACTIVO
92151.0,Luis Rojas,luisrojas@yahoo.com,abc123,TI,83769980,SUSPENDIDO
,Luis Rojas,luisrojas@hotmail.com,3005618594,CC,57100986,SUSPENDIDO
48343.0,Juan Perez,carlosgomez@gmail.com,3112257680,CE,,ACTIVO
37713.0,Luis Rojas,marialopez@hotmail.com,abc123,TI,13363174,INACTIVO
10172.0,Ana Martinez,juanperez@yahoo.com,3025875796,CC,57970501,ACTIVO
2707.0,Sofia Torres,sofiatorres@yahoo.com,3006263601,CE,94327340,desconocido
81978.0,Maria Lopez,,3025370783,CE,68347968,INACTIVO
61673.0,Sofia Torres,luisrojas@yahoo.com,3005188371,CE,,ACTIVO
31585.0,Ana Martinez,sofiatorres@hotmail.com,3102130216,TI,,SUSPENDIDO
74869.0,Luis Rojas,juanperez@yahoo.com,abc123,CC,93455446,ACTIVO
33358.0,Maria Lopez,,3016231105,CC,32600958,ACTIVO
,Juan Perez,luisrojas@gmail.com,3011079344,CC,50220562,ACTIVO
30065.0,Ana Martinez,carlosgomez@gmail.com,3002837352,TI,10496457,desconocido
97411.0,Carlos Gomez,carlosgomez@gmail.com,3018039910,CC,,SUSPENDIDO
31312.0,Maria Lopez,marialopez@gmail.com,3016579171,CC,,SUSPENDIDO
,Juan Perez,luisrojas@yahoo.com,3104664118,CE,20253774,SUSPENDIDO
19192.0,Maria Lopez,,3018520440,CC,57908531,INACTIVO
78460.0,Luis Rojas,sofiatorres@gmail.com,3115140672,CC,,SUSPENDIDO
95260.0,Maria Lopez,luisrojas@gmail.com,abc123,CE,10932478,INACTIVO
38921.0,Ana Martinez,,3117655668,CE,55618259,ACTIVO
51479.0,Juan Perez,carlosgomez@yahoo.com,3103022694,TI,55601191,INACTIVO
95348.0,Ana Martinez,luisrojas@yahoo.com,3004353330,CE,,ACTIVO
22810.0,Maria Lopez,carlosgomez@gmail.com,3017543848,CC,95258928,SUSPENDIDO
63145.0,Luis Rojas,sofiatorres@gmail.com,3107821705,CC,,INACTIVO
91618.0,Juan Perez,,3102841551,CE,75890188,SUSPENDIDO
99218.0,Maria Lopez,sofiatorres@yahoo.com,3119665714,CC,,ACTIVO
,Carlos Gomez,juanperez@yahoo.com,3113427572,CC,36098978,INACTIVO
64605.0,Maria Lopez,sofiatorres@yahoo.com,3001202848,CE,,INACTIVO
54516.0,Luis Rojas,juanperez@hotmail.com,3026384725,CE,,ACTIVO
48915.0,Luis Rojas,,3026414623,CE,76589991,SUSPENDIDO
,Sofia Torres,luisrojas@yahoo.com,3028351633,TI,98263831,INACTIVO
,Luis Rojas,luisrojas@yahoo.com,3116742237,CC,18092455,ACTIVO
62250.0,Carlos Gomez,,3116783128,CC,36253650,ACTIVO
11466.0,Maria Lopez,,3113024221,CC,81839247,ACTIVO
,Juan Perez,carlosgomez@gmail.com,3116046945,CE,81363066,INACTIVO
,Sofia Torres,anamartinez@yahoo.com,3111128114,CE,27043955,ACTIVO
36381.0,Sofia Torres,juanperez@yahoo.com,3023340889,CE,,SUSPENDIDO
30500.0,Maria Lopez,sofiatorres@yahoo.com,3108488427,CC,71017562,SUSPENDIDO
47289.0,Ana Martinez,anamartinez@gmail.com,3007043989,CC,33283583,desconocido
,Maria Lopez,marialopez@hotmail.com,3109395958,CC,74994387,SUSPENDIDO
1484.0,Sofia Torres,marialopez@gmail.com,3103419929,CE,,ACTIVO
49062.0,Juan Perez,carlosgomez@yahoo.com,3017302439,TI,35368676,SUSPENDIDO
53228.0,Carlos Gomez,marialopez@hotmail.com,abc123,CC,23319122,ACTIVO
60414.0,Carlos Gomez,carlosgomez@yahoo.com,3011792748,TI,,INACTIVO
15201.0,Sofia Torres,sofiatorres@gmail.com,abc123,CC,90142445,SUSPENDIDO
57772.0,Ana Martinez,,3013715364,TI,45127495,INACTIVO
63687.0,Ana Martinez,carlosgomez@hotmail.com,abc123,TI,92421701,INACTIVO
71473.0,Maria Lopez,,3119031775,TI,23168431,INACTIVO
93001.0,Luis Rojas,anamartinez@hotmail.com,3007796041,TI,,ACTIVO
,Sofia Torres,juanperez@hotmail.com,3022036623,CC,47875110,SUSPENDIDO
42191.0,Ana Martinez,sofiatorres@gmail.com,3019768201,CC,,SUSPENDIDO
66434.0,Ana Martinez,carlosgomez@hotmail.com,3109088517,CC,,SUSPENDIDO
,Juan Perez,juanperez@hotmail.com,3021713495,TI,58616690,SUSPENDIDO
6386.0,Carlos Gomez,carlosgomez@hotmail.com,3002397410,CE,,ACTIVO
,Maria Lopez,marialopez@gmail.com,3003088689,CC,38930774,ACTIVO
8425.0,Carlos Gomez,sofiatorres@gmail.com,3028753692,TI,,ACTIVO
79213.0,Luis Rojas,carlosgomez@yahoo.com,3016424141,TI,,SUSPENDIDO
22187.0,Juan Perez,anamartinez@gmail.com,3112690408,CC,,SUSPENDIDO
,Sofia Torres,juanperez@yahoo.com,3103916269,CC,89501209,INACTIVO
58046.0,Maria Lopez,,3006015699,CE,88410027,ACTIVO
91460.0,Luis Rojas,,3002539804,CC,86138388,SUSPENDIDO
1280.0,Juan Perez,luisrojas@hotmail.com,3106359107,CC,,INACTIVO
73613.0,Juan Perez,,3014878809,TI,80814132,ACTIVO
33800.0,Ana Martinez,luisrojas@gmail.com,3023382876,TI,,SUSPENDIDO
39049.0,Ana Martinez,luisrojas@hotmail.com,3111981191,TI,,ACTIVO
91166.0,Sofia Torres,,3016908010,CE,73967504,ACTIVO
1206.0,Sofia Torres,sofiatorres@hotmail.com,3008773806,TI,,ACTIVO
,Luis Rojas,juanperez@hotmail.com,3007853575,TI,19376875,ACTIVO
,Luis Rojas,juanperez@hotmail.com,3105800551,TI,25149658,ACTIVO
40221.0,Carlos Gomez,carlosgomez@yahoo.com,3003789078,CE,,SUSPENDIDO
55457.0,Maria Lopez,,3002826996,CC,97424294,SUSPENDIDO
53222.0,Maria Lopez,anamartinez@yahoo.com,3112456576,CC,,SUSPENDIDO
,Maria Lopez,luisrojas@gmail.com,3118813184,TI,77017709,SUSPENDIDO
41572.0,Carlos Gomez,carlosgomez@yahoo.com,3011656011,CE,,SUSPENDIDO
,Juan Perez,sofiatorres@gmail.com,3022987088,CC,44518018,SUSPENDIDO
61537.0,Maria Lopez,marialopez@yahoo.com,abc123,CE,15201916,SUSPENDIDO
81967.0,Sofia Torres,juanperez@yahoo.com,3102864181,CE,53947221,INACTIVO
63060.0,Luis Rojas,,3027414709,CE,39849075,INACTIVO
3073.0,Sofia Torres,,3018958437,CC,22378072,ACTIVO
76964.0,Luis Rojas,juanperez@yahoo.com,abc123,TI,60176875,ACTIVO
16442.0,Ana Martinez,marialopez@hotmail.com,3117883257,CE,61538636,INACTIVO
61834.0,Ana Martinez,juanperez@gmail.com,abc123,TI,56564432,INACTIVO
,Carlos Gomez,marialopez@gmail.com,3111429826,TI,93645748,INACTIVO
47038.0,Carlos Gomez,anamartinez@yahoo.com,abc123,TI,45170247,INACTIVO
10488.0,Carlos Gomez,carlosgomez@gmail.com,abc123,CE,78201476,INACTIVO
6842.0,Luis Rojas,juanperez@hotmail.com,3024139151,CE,,SUSPENDIDO
67692.0,Ana Martinez,,3005948478,TI,64953158,SUSPENDIDO
62280.0,Ana Martinez,anamartinez@yahoo.com,3004846160,CC,,INACTIVO
,Sofia Torres,anamartinez@yahoo.com,3004152663,CE,28519587,INACTIVO
62576.0,Ana Martinez,,3115204235,CE,89325698,INACTIVO
12307.0,Maria Lopez,luisrojas@gmail.com,3021920433,TI,,ACTIVO
2258.0,Luis Rojas,juanperez@yahoo.com,abc123,CC,76913060,ACTIVO
988.0,Juan Perez,sofiatorres@yahoo.com,3116851002,CC,44833599,desconocido
41469.0,Sofia Torres,carlosgomez@hotmail.com,abc123,CC,84276215,SUSPENDIDO
48360.0,Juan Perez,anamartinez@gmail.com,abc123,CE,59096309,INACTIVO
,Ana Martinez,juanperez@gmail.com,3011494133,CC,76495322,ACTIVO
42925.0,Carlos Gomez,luisrojas@hotmail.com,abc123,CE,92815564,ACTIVO
90212.0,Sofia Torres,marialopez@yahoo.com,abc123,CC,52588193,INACTIVO
74568.0,Ana Martinez,carlosgomez@gmail.com,abc123,CC,24592490,INACTIVO
3033.0,Sofia Torres,marialopez@hotmail.com,abc123,TI,90605873,ACTIVO
,Carlos Gomez,anamartinez@yahoo.com,3119445351,CE,90074115,ACTIVO
1650.0,Sofia Torres,marialopez@hotmail.com,3012743940,CC,,ACTIVO
75608.0,Carlos Gomez,marialopez@hotmail.com,abc123,CC,80524552,ACTIVO
,Juan Perez,luisrojas@gmail.com,3017185894,CE,28191649,ACTIVO
20398.0,Juan Perez,marialopez@hotmail.com,3027553478,CE,,ACTIVO
74344.0,Ana Martinez,juanperez@hotmail.com,3026829656,TI,33913508,ACTIVO
,Ana Martinez,anamartinez@yahoo.com,3102014845,CC,13451237,SUSPENDIDO
97733.0,Ana Martinez,sofiatorres@yahoo.com,3026895753,TI,19335178,desconocido
23984.0,Juan Perez,marialopez@gmail.com,abc123,CC,37051313,INACTIVO
896.0,Luis Rojas,sofiatorres@yahoo.com,3006350802,TI,56869126,desconocido
85415.0,Carlos Gomez,,3105754792,CC,44316182,SUSPENDIDO
21745.0,Carlos Gomez,sofiatorres@gmail.com,3022937508,CC,22977228,INACTIVO
50109.0,Sofia Torres,marialopez@yahoo.com,3105029551,CE,,SUSPENDIDO
74286.0,Ana Martinez,,3117645520,CC,56576329,INACTIVO
,Ana Martinez,anamartinez@hotmail.com,3006619218,TI,61837158,SUSPENDIDO
6038.0,Sofia Torres,juanperez@gmail.com,3019154516,CC,62169946,desconocido
19231.0,Sofia Torres,,3024362949,CC,91086029,ACTIVO
6080.0,Ana Martinez,sofiatorres@gmail.com,abc123,CE,97492123,SUSPENDIDO
,Luis Rojas,carlosgomez@hotmail.com,3001531966,CE,48942941,INACTIVO
38474.0,Ana Martinez,carlosgomez@yahoo.com,3021380271,TI,,INACTIVO
77885.0,Ana Martinez,,3022481414,TI,24899010,ACTIVO
,Ana Martinez,marialopez@gmail.com,3009702921,CC,54242889,ACTIVO
,Carlos Gomez,luisrojas@gmail.com,3022629826,CC,14300052,ACTIVO
47145.0,Carlos Gomez,,3021370526,CC,84052073,ACTIVO
52587.0,Maria Lopez,sofiatorres@hotmail.com,abc123,CC,11217570,INACTIVO
,Ana Martinez,marialopez@gmail.com,3011829548,CE,12337437,SUSPENDIDO
80215.0,Luis Rojas,anamartinez@gmail.com,3029770629,CC,36881753,INACTIVO
97173.0,Juan Perez,sofiatorres@hotmail.com,3007980514,TI,16931403,desconocido
25908.0,Maria Lopez,marialopez@gmail.com,3018384265,CC,,INACTIVO
88346.0,Maria Lopez,,3025900298,TI,67846833,ACTIVO
91567.0,Ana Martinez,,3107598971,TI,11046143,INACTIVO
92573.0,Juan Perez,anamartinez@yahoo.com,abc123,TI,45085469,INACTIVO
8556.0,Juan Perez,luisrojas@hotmail.com,abc123,CE,94383231,INACTIVO
53311.0,Carlos Gomez,luisrojas@yahoo.com,3003116688,CC,59479979,ACTIVO
86437.0,Juan Perez,juanperez@gmail.com,abc123,TI,45355755,INACTIVO
30318.0,Maria Lopez,,3013634996,TI,96992271,ACTIVO
52151.0,Carlos Gomez,luisrojas@yahoo.com,3007268513,CE,,INACTIVO
29178.0,Luis Rojas,marialopez@hotmail.com,abc123,TI,82214685,SUSPENDIDO
50685.0,Ana Martinez,luisrojas@hotmail.com,abc123,CC,90728959,ACTIVO
1281.0,Ana Martinez,,3015623678,TI,12698717,SUSPENDIDO
5285.0,Luis Rojas,luisrojas@yahoo.com,3027250250,CC,86061521,desconocido
44111.0,Maria Lopez,,3003432553,CE,25236060,SUSPENDIDO
73926.0,Luis Rojas,juanperez@gmail.com,3008505316,TI,81151739,ACTIVO
4393.0,Luis Rojas,sofiatorres@yahoo.com,3003094801,CC,91072194,desconocido
,Luis Rojas,sofiatorres@hotmail.com,3001906241,CE,27735841,SUSPENDIDO
,Sofia Torres,juanperez@yahoo.com,3025914616,CC,65791573,INACTIVO
28048.0,Sofia Torres,sofiatorres@gmail.com,3019389842,CE,42060902,ACTIVO
,Maria Lopez,anamartinez@hotmail.com,3001360774,CC,89825662,SUSPENDIDO
28065.0,Sofia Torres,luisrojas@yahoo.com,abc123,TI,53099884,SUSPENDIDO
95207.0,Maria Lopez,sofiatorres@hotmail.com,abc123,CE,53675417,ACTIVO
55925.0,Carlos Gomez,,3012891631,CC,50225000,SUSPENDIDO
85991.0,Ana Martinez,anamartinez@hotmail.com,3111877851,CE,,SUSPENDIDO
84727.0,Luis Rojas,marialopez@gmail.com,abc123,CC,88615385,INACTIVO
44566.0,Maria Lopez,,3106141876,CC,67000446,INACTIVO
,Luis Rojas,juanperez@yahoo.com,3112847322,TI,37519418,ACTIVO
99389.0,Ana Martinez,carlosgomez@gmail.com,3115447842,CC,75210454,INACTIVO
55187.0,Maria Lopez,juanperez@gmail.com,3018042965,TI,,SUSPENDIDO
,Sofia Torres,anamartinez@hotmail.com,3026668701,CE,14331334,INACTIVO
21200.0,Luis Rojas,,3116030879,CC,45081862,SUSPENDIDO
17816.0,Luis Rojas,marialopez@hotmail.com,3026971868,CC,34690420,ACTIVO
12528.0,Luis Rojas,carlosgomez@yahoo.com,3013224570,CE,,SUSPENDIDO
13013.0,Luis Rojas,marialopez@hotmail.com,abc123,CE,69958802,ACTIVO
76019.0,Juan Perez,,3016107563,CE,60709245,INACTIVO
19539.0,Juan Perez,sofiatorres@yahoo.com,3104080549,CE,,ACTIVO
70184.0,Ana Martinez,,3119514498,TI,94730499,INACTIVO
,Sofia Torres,anamartinez@yahoo.com,3107192433,CE,42412181,ACTIVO
41655.0,Ana Martinez,luisrojas@gmail.com,3107340684,TI,37823566,SUSPENDIDO
82577.0,Ana Martinez,sofiatorres@hotmail.com,abc123,TI,81041614,ACTIVO
,Carlos Gomez,juanperez@hotmail.com,3004818795,CC,14924716,SUSPENDIDO
97023.0,Maria Lopez,juanperez@gmail.com,3017455687,CC,,INACTIVO
40848.0,Luis Rojas,juanperez@gmail.com,3023872858,TI,40101885,desconocido
65889.0,Carlos Gomez,luisrojas@hotmail.com,3024739062,CE,62539274,INACTIVO
34511.0,Carlos Gomez,,3109611578,TI,54104800,INACTIVO
79078.0,Maria Lopez,carlosgomez@gmail.com,3111393837,CE,87805521,desconocido
,Sofia Torres,juanperez@gmail.com,3107510186,CE,88659251,ACTIVO
91367.0,Carlos Gomez,juanperez@gmail.com,3101815772,CE,55758633,desconocido
81378.0,Sofia Torres,luisrojas@hotmail.com,abc123,CC,12175752,INACTIVO
63861.0,Maria Lopez,,3019227140,CC,42171156,ACTIVO
3909.0,Carlos Gomez,marialopez@yahoo.com,3101054080,CC,,ACTIVO
35369.0,Juan Perez,,3006585335,CE,69317999,INACTIVO
63898.0,Carlos Gomez,sofiatorres@yahoo.com,3111818494,TI,,ACTIVO
77201.0,Carlos Gomez,juanperez@hotmail.com,3106417622,CE,,SUSPENDIDO
12457.0,Luis Rojas,luisrojas@hotmail.com,abc123,CE,29246848,SUSPENDIDO
4465.0,Ana Martinez,carlosgomez@yahoo.com,abc123,CC,35643826,ACTIVO
8612.0,Maria Lopez,marialopez@gmail.com,3013851268,TI,,ACTIVO
,Luis Rojas,anamartinez@yahoo.com,3021059725,CC,56919505,INACTIVO
47929.0,Carlos Gomez,anamartinez@yahoo.com,3116467165,TI,,ACTIVO
95240.0,Ana Martinez,anamartinez@hotmail.com,3003174716,CC,52812221,ACTIVO
,Juan Perez,marialopez@yahoo.com,3011197490,CE,45923674,SUSPENDIDO
,Maria Lopez,juanperez@gmail.com,3118732668,CE,42746315,INACTIVO
74081.0,Carlos Gomez,marialopez@hotmail.com,abc123,CE,81033438,ACTIVO
74010.0,Sofia Torres,sofiatorres@yahoo.com,abc123,CC,46050358,INACTIVO
72871.0,Maria Lopez,anamartinez@yahoo.com,3115453628,TI,69289665,desconocido
30646.0,Luis Rojas,,3006123896,CC,66610300,SUSPENDIDO
12480.0,Sofia Torres,marialopez@gmail.com,3117878661,CE,84945450,desconocido
96382.0,Ana Martinez,juanperez@yahoo.com,3016004399,CC,65044095,ACTIVO
27730.0,Maria Lopez,,3004817479,CC,44614933,INACTIVO
,Luis Rojas,luisrojas@gmail.com,3005157995,TI,59997112,INACTIVO
67970.0,Juan Perez,marialopez@hotmail.com,3001483462,CE,90795240,desconocido
47604.0,Maria Lopez,luisrojas@yahoo.com,3118826160,CE,27681387,SUSPENDIDO
31853.0,Ana Martinez,sofiatorres@yahoo.com,3106787607,TI,81439338,INACTIVO
86548.0,Ana Martinez,sofiatorres@hotmail.com,3015191136,CC,93263643,SUSPENDIDO
24394.0,Sofia Torres,,3106433759,TI,87134650,ACTIVO
2369.0,Maria Lopez,,3111059635,CC,37652850,INACTIVO
68523.0,Ana Martinez,luisrojas@yahoo.com,3022432038,TI,,ACTIVO
1217.0,Sofia Torres,sofiatorres@hotmail.com,3001180223,CC,91705644,desconocido
,Maria Lopez,marialopez@yahoo.com,3108127181,TI,45993590,ACTIVO
87131.0,Carlos Gomez,juanperez@gmail.com,3108484792,CE,,SUSPENDIDO
,Luis Rojas,sofiatorres@hotmail.com,3012424181,TI,63106938,INACTIVO
,Maria Lopez,luisrojas@hotmail.com,3107486056,TI,42402577,ACTIVO
76155.0,Sofia Torres,anamartinez@hotmail.com,3008240759,CE,70137540,INACTIVO
27306.0,Sofia Torres,marialopez@yahoo.com,3026689602,CE,,SUSPENDIDO
,Sofia Torres,anamartinez@yahoo.com,3029286098,TI,76031969,INACTIVO
22982.0,Luis Rojas,anamartinez@hotmail.com,3004304148,TI,,INACTIVO
92875.0,Sofia Torres,juanperez@yahoo.com,3021231933,CC,,SUSPENDIDO
92516.0,Carlos Gomez,,3006597196,TI,96060752,ACTIVO
,Ana Martinez,sofiatorres@hotmail.com,3028486783,CC,54081624,ACTIVO
83611.0,Luis Rojas,juanperez@gmail.com,3023010277,TI,,ACTIVO
,Maria Lopez,carlosgomez@yahoo.com,3011616189,CE,30668036,INACTIVO
39068.0,Sofia Torres,,3004623302,CC,64772711,ACTIVO
57445.0,Luis Rojas,anamartinez@yahoo.com,3017618777,TI,,ACTIVO
2801.0,Carlos Gomez,,3004102825,TI,96914342,SUSPENDIDO
,Ana Martinez,carlosgomez@hotmail.com,3021360237,CC,61602803,SUSPENDIDO
51343.0,Luis Rojas,,3112770134,CC,56168182,ACTIVO
,Sofia Torres,luisrojas@hotmail.com,3016498806,CE,49958242,INACTIVO
80797.0,Juan Perez,marialopez@gmail.com,3107344430,CC,88220924,desconocido
,Carlos Gomez,juanperez@hotmail.com,3101351605,CE,30455977,SUSPENDIDO
48332.0,Ana Martinez,sofiatorres@hotmail.com,3009156346,TI,,SUSPENDIDO
96948.0,Juan Perez,carlosgomez@gmail.com,abc123,CC,73645621,INACTIVO
33908.0,Juan Perez,luisrojas@hotmail.com,3009326715,TI,,SUSPENDIDO
8146.0,Luis Rojas,,3112771037,CC,25801217,INACTIVO
11021.0,Sofia Torres,carlosgomez@yahoo.com,abc123,CE,27924780,SUSPENDIDO
32449.0,Maria Lopez,juanperez@yahoo.com,3023975957,TI,,SUSPENDIDO
78548.0,Ana Martinez,sofiatorres@yahoo.com,abc123,TI,22089546,INACTIVO
27086.0,Luis Rojas,,3105775247,CC,65996764,SUSPENDIDO
,Ana Martinez,luisrojas@yahoo.com,3012161411,CE,19813083,SUSPENDIDO
71124.0,Luis Rojas,carlosgomez@yahoo.com,3024554164,CC,55384621,ACTIVO
84046.0,Juan Perez,,3022594248,CE,85733358,ACTIVO
29410.0,Carlos Gomez,anamartinez@gmail.com,3009543185,TI,30429651,ACTIVO
,Luis Rojas,marialopez@yahoo.com,3103505439,TI,80518679,SUSPENDIDO
2257.0,Ana Martinez,juanperez@hotmail.com,3118149524,CC,63079404,desconocido
28699.0,Juan Perez,carlosgomez@gmail.com,3024881334,CC,61393841,INACTIVO
29227.0,Carlos Gomez,,3003865086,CC,61695136,SUSPENDIDO
87448.0,Carlos Gomez,juanperez@gmail.com,3112331848,CE,,INACTIVO
33320.0,Juan Perez,luisrojas@yahoo.com,abc123,CE,60925654,ACTIVO
56402.0,Ana Martinez,juanperez@gmail.com,3101723599,CE,,ACTIVO
98690.0,Ana Martinez,anamartinez@hotmail.com,abc123,CE,38849661,ACTIVO
17819.0,Carlos Gomez,juanperez@gmail.com,abc123,CE,60789620,ACTIVO
42527.0,Luis Rojas,carlosgomez@yahoo.com,3019027865,TI,,SUSPENDIDO
21837.0,Juan Perez,juanperez@yahoo.com,3111177435,TI,79265602,ACTIVO
,Ana Martinez,marialopez@yahoo.com,3106162459,TI,59563033,ACTIVO
48965.0,Maria Lopez,marialopez@gmail.com,3009877643,CC,64613760,desconocido
53457.0,Luis Rojas,anamartinez@hotmail.com,abc123,TI,57783589,INACTIVO
76732.0,Sofia Torres,anamartinez@gmail.com,3016588381,TI,,SUSPENDIDO
36990.0,Juan Perez,,3106089434,CE,47309973,INACTIVO
6673.0,Luis Rojas,sofiatorres@hotmail.com,3007897221,CC,54886186,ACTIVO
22294.0,Sofia Torres,marialopez@hotmail.com,3021778609,CE,53752477,ACTIVO
93347.0,Luis Rojas,sofiatorres@gmail.com,3007331808,CC,,INACTIVO
2280.0,Juan Perez,luisrojas@yahoo.com,3105937300,CC,,ACTIVO
88483.0,Sofia Torres,anamartinez@gmail.com,abc123,TI,17938840,SUSPENDIDO
54148.0,Luis Rojas,juanperez@hotmail.com,3006905544,CC,46889976,desconocido
94340.0,Juan Perez,anamartinez@gmail.com,3001213081,CE,70642257,SUSPENDIDO
48721.0,Carlos Gomez,carlosgomez@gmail.com,abc123,CC,86592280,ACTIVO
9290.0,Juan Perez,,3026065913,TI,12438977,INACTIVO
4177.0,Luis Rojas,marialopez@hotmail.com,3012018062,CE,,ACTIVO
35674.0,Carlos Gomez,juanperez@gmail.com,3015171427,TI,,SUSPENDIDO
79224.0,Maria Lopez,juanperez@gmail.com,3025237187,TI,34215823,desconocido
17704.0,Carlos Gomez,juanperez@gmail.com,3011561666,CE,,SUSPENDIDO
95120.0,Carlos Gomez,carlosgomez@gmail.com,3007280103,CC,,SUSPENDIDO
6607.0,Luis Rojas,marialopez@gmail.com,abc123,CC,45888757,SUSPENDIDO
93410.0,Sofia Torres,sofiatorres@hotmail.com,3018210392,CE,42995472,desconocido
33101.0,Carlos Gomez,sofiatorres@hotmail.com,abc123,TI,55057637,ACTIVO
,Juan Perez,juanperez@gmail.com,3118277577,CC,93924203,INACTIVO
,Ana Martinez,luisrojas@gmail.com,3022618027,TI,35418846,INACTIVO
5985.0,Carlos Gomez,luisrojas@yahoo.com,3002539957,CC,,ACTIVO
76191.0,Sofia Torres,,3025501139,CC,18305323,ACTIVO
37764.0,Sofia Torres,luisrojas@hotmail.com,abc123,TI,86085960,ACTIVO
91704.0,Luis Rojas,,3116284419,TI,73147092,INACTIVO
,Luis Rojas,juanperez@gmail.com,3013585912,CE,34125356,SUSPENDIDO
58596.0,Sofia Torres,luisrojas@gmail.com,abc123,TI,82136271,SUSPENDIDO
83916.0,Luis Rojas,marialopez@hotmail.com,3119412890,CE,70884859,INACTIVO
,Juan Perez,juanperez@yahoo.com,3107732672,CE,29368721,ACTIVO
,Carlos Gomez,carlosgomez@yahoo.com,3011510176,TI,92000085,INACTIVO
69287.0,Luis Rojas,,3002353412,CC,45431857,SUSPENDIDO
21137.0,Maria Lopez,juanperez@gmail.com,3022037263,TI,,INACTIVO
15538.0,Juan Perez,marialopez@yahoo.com,abc123,CE,22908863,INACTIVO
85518.0,Luis Rojas,luisrojas@yahoo.com,3015475715,CC,,SUSPENDIDO
85203.0,Carlos Gomez,anamartinez@gmail.com,3109550277,CE,26525592,desconocido
28395.0,Ana Martinez,sofiatorres@gmail.com,3105944623,TI,98241393,INACTIVO
,Luis Rojas,anamartinez@yahoo.com,3028562069,CE,87186102,ACTIVO
62506.0,Maria Lopez,marialopez@gmail.com,3117223694,CE,,ACTIVO
37009.0,Sofia Torres,luisrojas@hotmail.com,3005541411,CC,,INACTIVO
99834.0,Luis Rojas,,3101107328,TI,99146737,ACTIVO
,Juan Perez,luisrojas@gmail.com,3101357460,CC,15396271,ACTIVO
33464.0,Maria Lopez,,3001018172,TI,73209297,INACTIVO
,Carlos Gomez,luisrojas@gmail.com,3011786997,TI,14436269,SUSPENDIDO
87019.0,Sofia Torres,marialopez@yahoo.com,3101126807,CC,54334627,ACTIVO
56541.0,Ana Martinez,,3027612514,CE,72026594,ACTIVO
54957.0,Sofia Torres,anamartinez@hotmail.com,3108691596,TI,87901216,desconocido
27596.0,Luis Rojas,juanperez@hotmail.com,3113516693,CE,,SUSPENDIDO
93377.0,Carlos Gomez,,3107775024,CE,13611477,SUSPENDIDO
,Carlos Gomez,carlosgomez@yahoo.com,3022521519,CC,48660520,SUSPENDIDO
,Luis Rojas,luisrojas@yahoo.com,3025467267,TI,88134616,ACTIVO
72439.0,Juan Perez,,3111498231,CC,72578437,ACTIVO
86698.0,Ana Martinez,,3014870478,CC,72728587,ACTIVO
89848.0,Ana Martinez,carlosgomez@hotmail.com,abc123,TI,16837830,SUSPENDIDO
42393.0,Maria Lopez,,3006343226,TI,80707461,INACTIVO
63837.0,Luis Rojas,sofiatorres@gmail.com,3011453678,TI,,ACTIVO
,Maria Lopez,carlosgomez@gmail.com,3013799701,TI,93232858,INACTIVO
63829.0,Juan Perez,marialopez@hotmail.com,abc123,CC,76267264,INACTIVO
2681.0,Sofia Torres,marialopez@hotmail.com,3024027541,CC,,SUSPENDIDO
,Sofia Torres,juanperez@gmail.com,3112930008,CC,71328168,ACTIVO
42637.0,Ana Martinez,juanperez@yahoo.com,3029466220,CC,,SUSPENDIDO
14456.0,Carlos Gomez,,3105017475,CC,19887836,SUSPENDIDO
77629.0,Maria Lopez,carlosgomez@gmail.com,abc123,CE,57277257,SUSPENDIDO
71615.0,Luis Rojas,luisrojas@hotmail.com,3011763411,CC,,SUSPENDIDO
79490.0,Sofia Torres,anamartinez@yahoo.com,3015314228,CC,94310882,ACTIVO
93075.0,Ana Martinez,sofiatorres@hotmail.com,3108003710,CE,,SUSPENDIDO
,Sofia Torres,sofiatorres@gmail.com,3024448121,TI,59965141,SUSPENDIDO
20976.0,Carlos Gomez,carlosgomez@gmail.com,3107136883,CE,,ACTIVO
59478.0,Luis Rojas,marialopez@gmail.com,3028320922,CE,65188409,ACTIVO
,Juan Perez,luisrojas@hotmail.com,3013186539,CC,79652038,INACTIVO
82335.0,Sofia Torres,marialopez@gmail.com,3112004968,CC,,SUSPENDIDO
92504.0,Sofia Torres,anamartinez@yahoo.com,3108372831,CC,23341619,desconocido
,Sofia Torres,juanperez@yahoo.com,3001083746,CE,25722395,SUSPENDIDO
29147.0,Carlos Gomez,sofiatorres@gmail.com,3018983479,CE,,INACTIVO
66512.0,Luis Rojas,,3028706960,TI,74253728,ACTIVO
77829.0,Sofia Torres,carlosgomez@gmail.com,3014881777,TI,,ACTIVO
71143.0,Luis Rojas,sofiatorres@yahoo.com,abc123,CC,20398103,ACTIVO
98975.0,Maria Lopez,anamartinez@gmail.com,3113895017,CC,,ACTIVO
72750.0,Carlos Gomez,,3018812135,CE,81021620,ACTIVO
80797.0,Sofia Torres,,3113351264,TI,87865968,SUSPENDIDO
4274.0,Juan Perez,,3004971258,TI,27738498,INACTIVO
48370.0,Ana Martinez,sofiatorres@hotmail.com,abc123,CC,61152736,SUSPENDIDO
22529.0,Sofia Torres,marialopez@hotmail.com,3001198794,CC,,SUSPENDIDO
21953.0,Luis Rojas,juanperez@yahoo.com,3006360708,CE,,ACTIVO
70307.0,Carlos Gomez,sofiatorres@hotmail.com,3027956451,CC,45960328,desconocido
66433.0,Ana Martinez,anamartinez@hotmail.com,3016677183,CC,,SUSPENDIDO
42455.0,Sofia Torres,luisrojas@gmail.com,3028836924,TI,,SUSPENDIDO
,Luis Rojas,carlosgomez@yahoo.com,3016947847,TI,40439977,SUSPENDIDO
95892.0,Juan Perez,juanperez@hotmail.com,3102564012,CC,,INACTIVO
31125.0,Carlos Gomez,luisrojas@hotmail.com,3014242474,CC,,ACTIVO
11063.0,Juan Perez,sofiatorres@gmail.com,3116304777,TI,69811121,desconocido
7283.0,Maria Lopez,marialopez@hotmail.com,3024375984,CE,16816582,ACTIVO
40544.0,Carlos Gomez,anamartinez@gmail.com,3006238097,TI,95445399,desconocido
86393.0,Maria Lopez,carlosgomez@yahoo.com,3021417230,TI,54960723,SUSPENDIDO
,Ana Martinez,sofiatorres@hotmail.com,3019445990,TI,62928518,ACTIVO
61393.0,Maria Lopez,anamartinez@gmail.com,3024358723,CC,,INACTIVO
45367.0,Sofia Torres,juanperez@gmail.com,3109872862,TI,24366050,desconocido
17947.0,Luis Rojas,sofiatorres@hotmail.com,abc123,CE,32055910,SUSPENDIDO
58215.0,Sofia Torres,marialopez@hotmail.com,abc123,TI,85190029,ACTIVO
,Juan Perez,carlosgomez@yahoo.com,3118808635,CC,80981922,SUSPENDIDO
48973.0,Sofia Torres,luisrojas@hotmail.com,abc123,CC,37931734,ACTIVO
33454.0,Ana Martinez,luisrojas@gmail.com,3101423682,CE,,INACTIVO
4593.0,Luis Rojas,marialopez@gmail.com,3025569322,CE,,INACTIVO
,Sofia Torres,juanperez@gmail.com,3006204626,CC,60450405,ACTIVO
62098.0,Juan Perez,luisrojas@gmail.com,3113114854,CC,,ACTIVO
,Luis Rojas,anamartinez@yahoo.com,3003737751,TI,97118170,INACTIVO
89802.0,Ana Martinez,anamartinez@yahoo.com,3114500542,CE,,SUSPENDIDO
60527.0,Juan Perez,sofiatorres@hotmail.com,3023449183,CC,,SUSPENDIDO
80533.0,Ana Martinez,juanperez@yahoo.com,3002841077,CC,49642404,INACTIVO
25138.0,Luis Rojas,marialopez@gmail.com,3013782118,CC,27191851,INACTIVO
,Carlos Gomez,carlosgomez@hotmail.com,3107994793,CC,16588150,ACTIVO
,Luis Rojas,anamartinez@yahoo.com,3018955351,TI,33493356,INACTIVO
,Maria Lopez,juanperez@yahoo.com,3021834315,TI,17158945,INACTIVO
54378.0,Juan Perez,marialopez@hotmail.com,3016078591,CE,,ACTIVO
13156.0,Maria Lopez,luisrojas@hotmail.com,3022476938,TI,88663921,ACTIVO
94751.0,Ana Martinez,,3014787481,TI,76160647,SUSPENDIDO
23967.0,Sofia Torres,,3112927393,TI,95328523,SUSPENDIDO
85798.0,Luis Rojas,anamartinez@yahoo.com,3117973867,CC,,INACTIVO
6820.0,Carlos Gomez,anamartinez@gmail.com,abc123,TI,79234275,SUSPENDIDO
,Carlos Gomez,juanperez@hotmail.com,3018512577,CE,65369872,INACTIVO
29892.0,Maria Lopez,,3104762863,CE,74482452,INACTIVO
29748.0,Carlos Gomez,,3101334594,CC,39481748,INACTIVO
91792.0,Luis Rojas,,3024684009,CC,54525178,INACTIVO
,Carlos Gomez,marialopez@gmail.com,3113224245,CE,53353731,SUSPENDIDO
5248.0,Sofia Torres,carlosgomez@hotmail.com,3026744583,TI,,ACTIVO
93425.0,Juan Perez,marialopez@yahoo.com,abc123,CE,50935987,SUSPENDIDO
5202.0,Sofia Torres,,3116403679,CE,98506332,ACTIVO
30287.0,Carlos Gomez,anamartinez@hotmail.com,abc123,CE,36971409,ACTIVO
21059.0,Maria Lopez,anamartinez@yahoo.com,abc123,CC,61799468,ACTIVO
,Luis Rojas,juanperez@yahoo.com,3118335280,TI,74922539,INACTIVO
88337.0,Sofia Torres,luisrojas@gmail.com,3012449323,CE,,ACTIVO
54975.0,Sofia Torres,marialopez@yahoo.com,abc123,CE,71860460,INACTIVO
10659.0,Sofia Torres,luisrojas@gmail.com,3102860610,CE,93659555,desconocido
29420.0,Ana Martinez,marialopez@hotmail.com,3102592757,CE,,INACTIVO
50572.0,Carlos Gomez,sofiatorres@yahoo.com,abc123,TI,94298790,SUSPENDIDO
70453.0,Sofia Torres,carlosgomez@yahoo.com,3113856138,TI,33363460,desconocido
,Maria Lopez,marialopez@gmail.com,3101124168,CC,56047634,SUSPENDIDO
87629.0,Carlos Gomez,luisrojas@gmail.com,abc123,TI,53011979,SUSPENDIDO
99903.0,Ana Martinez,marialopez@hotmail.com,3024005726,TI,65286416,desconocido
37089.0,Sofia Torres,,3024632736,TI,83454461,ACTIVO
,Maria Lopez,anamartinez@hotmail.com,3005922094,CC,75928034,SUSPENDIDO
82177.0,Sofia Torres,carlosgomez@gmail.com,abc123,CC,81037415,INACTIVO
22559.0,Ana Martinez,luisrojas@hotmail.com,3114667224,CC,91337336,desconocido
96744.0,Maria Lopez,,3005979069,CE,75756831,ACTIVO
59563.0,Juan Perez,sofiatorres@hotmail.com,3022760277,CC,36607680,INACTIVO
90089.0,Carlos Gomez,sofiatorres@gmail.com,abc123,CC,39028304,INACTIVO
60534.0,Luis Rojas,,3025928405,TI,70981983,INACTIVO
82594.0,Ana Martinez,anamartinez@yahoo.com,3015252554,TI,,ACTIVO
85238.0,Maria Lopez,,3018172633,CE,52267582,ACTIVO
98534.0,Carlos Gomez,,3102703477,CE,70035110,INACTIVO
38823.0,Carlos Gomez,,3019374911,CE,81935240,INACTIVO
,Carlos Gomez,sofiatorres@yahoo.com,3104870539,TI,67962351,SUSPENDIDO
50747.0,Maria Lopez,,3109881978,CE,48578848,INACTIVO
19925.0,Sofia Torres,sofiatorres@gmail.com,3024589391,CE,,INACTIVO
14947.0,Carlos Gomez,,3115559841,TI,61286774,INACTIVO
64928.0,Luis Rojas,,3119574940,TI,28697980,ACTIVO
82664.0,Sofia Torres,marialopez@hotmail.com,abc123,CE,16376351,SUSPENDIDO
65205.0,Sofia Torres,juanperez@hotmail.com,3109391357,CC,,INACTIVO
85088.0,Luis Rojas,marialopez@yahoo.com,3113818754,TI,87458325,desconocido
43659.0,Luis Rojas,carlosgomez@hotmail.com,3007627910,CC,,SUSPENDIDO
,Maria Lopez,juanperez@yahoo.com,3017935664,CE,78155410,SUSPENDIDO
89263.0,Juan Perez,sofiatorres@hotmail.com,3011291276,TI,,INACTIVO
,Carlos Gomez,juanperez@yahoo.com,3004404879,TI,22893548,INACTIVO
35918.0,Luis Rojas,luisrojas@gmail.com,3019853897,CC,69353358,INACTIVO
33018.0,Carlos Gomez,,3012033883,CE,50898495,SUSPENDIDO
95712.0,Juan Perez,carlosgomez@yahoo.com,3026792190,TI,,ACTIVO
39794.0,Sofia Torres,marialopez@yahoo.com,abc123,CC,11333787,ACTIVO
14341.0,Ana Martinez,,3118633860,TI,87560576,SUSPENDIDO
91658.0,Ana Martinez,sofiatorres@gmail.com,3027634799,CC,,ACTIVO
99366.0,Ana Martinez,sofiatorres@yahoo.com,3112131616,CC,,SUSPENDIDO
30870.0,Sofia Torres,carlosgomez@hotmail.com,abc123,CE,43291871,INACTIVO
,Carlos Gomez,carlosgomez@hotmail.com,3023335758,CC,93387848,INACTIVO
72393.0,Juan Perez,anamartinez@hotmail.com,3109605259,CE,,ACTIVO
19088.0,Ana Martinez,luisrojas@gmail.com,3015569655,TI,39487510,desconocido
66506.0,Sofia Torres,,3014518230,CE,37479759,INACTIVO
36504.0,Sofia Torres,carlosgomez@hotmail.com,3118422751,CE,99110431,INACTIVO
12250.0,Carlos Gomez,carlosgomez@hotmail.com,3005399155,TI,26424898,INACTIVO
5032.0,Carlos Gomez,luisrojas@hotmail.com,3008464543,CC,,SUSPENDIDO
9781.0,Ana Martinez,,3101597126,TI,90392114,INACTIVO
62225.0,Ana Martinez,,3117429835,TI,25931728,ACTIVO
69983.0,Ana Martinez,,3015990072,CC,26845571,ACTIVO
17076.0,Carlos Gomez,juanperez@yahoo.com,3007922861,CE,55676602,SUSPENDIDO
13883.0,Sofia Torres,anamartinez@hotmail.com,3019900564,CE,47833582,ACTIVO
28679.0,Carlos Gomez,,3114804182,CC,67205243,INACTIVO
,Ana Martinez,juanperez@hotmail.com,3113555442,CC,95692302,SUSPENDIDO
,Maria Lopez,juanperez@gmail.com,3028112660,TI,93539492,SUSPENDIDO
26119.0,Carlos Gomez,,3114563331,TI,21818309,SUSPENDIDO
,Maria Lopez,juanperez@yahoo.com,3102731741,CE,79987547,SUSPENDIDO
12013.0,Ana Martinez,luisrojas@yahoo.com,3013729918,CC,92059959,SUSPENDIDO
,Juan Perez,anamartinez@yahoo.com,3113345651,CC,52136155,ACTIVO
93468.0,Sofia Torres,luisrojas@gmail.com,3023386799,CE,,SUSPENDIDO
89545.0,Maria Lopez,luisrojas@yahoo.com,3025118918,TI,,ACTIVO
76326.0,Ana Martinez,,3003408615,TI,68455102,INACTIVO
71430.0,Sofia Torres,sofiatorres@yahoo.com,abc123,CE,76332053,ACTIVO
33807.0,Sofia Torres,carlosgomez@gmail.com,3116900238,CC,74603556,SUSPENDIDO
,Ana Martinez,carlosgomez@hotmail.com,3011605982,TI,70512967,INACTIVO
23708.0,Juan Perez,sofiatorres@hotmail.com,3117890303,TI,63652899,INACTIVO
77935.0,Ana Martinez,juanperez@hotmail.com,abc123,TI,52898892,SUSPENDIDO
,Carlos Gomez,marialopez@gmail.com,3007007942,CE,29499906,INACTIVO
99028.0,Carlos Gomez,sofiatorres@gmail.com,abc123,TI,54422437,INACTIVO
,Sofia Torres,anamartinez@yahoo.com,3023805527,CC,72707188,SUSPENDIDO
,Maria Lopez,luisrojas@hotmail.com,3107505010,CE,27868337,INACTIVO
,Juan Perez,marialopez@yahoo.com,3116416968,TI,14661109,INACTIVO
15190.0,Luis Rojas,marialopez@gmail.com,3014746680,CC,74500124,INACTIVO
14995.0,Ana Martinez,,3007515481,CC,64588708,ACTIVO
45373.0,Sofia Torres,luisrojas@gmail.com,abc123,TI,56463977,INACTIVO
,Juan Perez,anamartinez@gmail.com,3023964903,CE,11002150,SUSPENDIDO
51722.0,Carlos Gomez,sofiatorres@gmail.com,abc123,CE,14589508,SUSPENDIDO
37448.0,Sofia Torres,,3101457293,CC,78349444,ACTIVO
57848.0,Luis Rojas,luisrojas@yahoo.com,3115673529,TI,93985099,SUSPENDIDO
2675.0,Maria Lopez,juanperez@yahoo.com,abc123,CE,29107760,INACTIVO
34307.0,Juan Perez,,3103530289,TI,30098797,INACTIVO
93627.0,Sofia Torres,marialopez@gmail.com,3018993934,CC,,INACTIVO
81246.0,Maria Lopez,carlosgomez@gmail.com,abc123,TI,73687222,INACTIVO
73710.0,Sofia Torres,luisrojas@yahoo.com,abc123,CC,80689743,ACTIVO
,Sofia Torres,anamartinez@gmail.com,3004217919,CE,64805050,SUSPENDIDO
34215.0,Ana Martinez,anamartinez@yahoo.com,abc123,CC,27316659,ACTIVO
47219.0,Maria Lopez,luisrojas@gmail.com,3021460577,CC,42239112,INACTIVO
89595.0,Carlos Gomez,carlosgomez@gmail.com,3022112510,CC,,ACTIVO
,Sofia Torres,carlosgomez@yahoo.com,3012603708,TI,50149606,SUSPENDIDO
40635.0,Carlos Gomez,anamartinez@hotmail.com,3118282411,CE,,INACTIVO
94225.0,Juan Perez,luisrojas@yahoo.com,3005783703,TI,97746378,ACTIVO
75272.0,Sofia Torres,marialopez@hotmail.com,3107199307,CC,,SUSPENDIDO
19716.0,Luis Rojas,,3009564429,TI,12148465,SUSPENDIDO
7617.0,Juan Perez,anamartinez@yahoo.com,3104006240,CC,,SUSPENDIDO
,Luis Rojas,carlosgomez@gmail.com,3107059332,TI,70855056,ACTIVO
,Juan Perez,anamartinez@gmail.com,3023222290,CC,79470125,INACTIVO
6619.0,Maria Lopez,anamartinez@hotmail.com,abc123,TI,57442538,SUSPENDIDO
6825.0,Ana Martinez,luisrojas@gmail.com,3022498474,CE,,SUSPENDIDO
59920.0,Juan Perez,sofiatorres@hotmail.com,3017201550,CC,,INACTIVO
65265.0,Sofia Torres,sofiatorres@gmail.com,3119791687,CE,31290496,desconocido
35202.0,Juan Perez,luisrojas@gmail.com,3116433920,TI,99997023,desconocido
23732.0,Maria Lopez,anamartinez@hotmail.com,3001188014,TI,82663976,desconocido
42279.0,Maria Lopez,marialopez@gmail.com,3019819437,TI,61319651,desconocido
92617.0,Luis Rojas,anamartinez@hotmail.com,abc123,TI,74627861,INACTIVO
42484.0,Juan Perez,luisrojas@hotmail.com,abc123,TI,37827882,SUSPENDIDO
5164.0,Luis Rojas,carlosgomez@gmail.com,3023275749,CC,,INACTIVO
67097.0,Carlos Gomez,anamartinez@gmail.com,3119094959,TI,53904909,INACTIVO
,Luis Rojas,luisrojas@gmail.com,3002306931,CC,20226103,ACTIVO
50732.0,Luis Rojas,marialopez@hotmail.com,3116853959,TI,,INACTIVO
49572.0,Sofia Torres,luisrojas@yahoo.com,3106214391,CC,36545710,INACTIVO
,Juan Perez,juanperez@yahoo.com,3007482561,CE,50536554,SUSPENDIDO
9382.0,Maria Lopez,carlosgomez@hotmail.com,3002256781,CC,50401398,INACTIVO
59196.0,Maria Lopez,,3118902449,CE,22104924,SUSPENDIDO
65134.0,Ana Martinez,anamartinez@gmail.com,abc123,CC,30104521,SUSPENDIDO
53975.0,Luis Rojas,sofiatorres@hotmail.com,abc123,TI,13153928,ACTIVO
90853.0,Carlos Gomez,luisrojas@hotmail.com,abc123,TI,43252305,SUSPENDIDO
,Maria Lopez,sofiatorres@hotmail.com,3117474118,CE,39979013,ACTIVO
,Ana Martinez,sofiatorres@hotmail.com,3026126644,CE,99817936,INACTIVO
,Ana Martinez,juanperez@hotmail.com,3023743813,CE,27436514,SUSPENDIDO
11413.0,Luis Rojas,marialopez@hotmail.com,3107964875,TI,,INACTIVO
75735.0,Maria Lopez,luisrojas@gmail.com,3115975936,CE,11036592,desconocido
,Ana Martinez,sofiatorres@hotmail.com,3107309817,TI,87824888,SUSPENDIDO
71203.0,Maria Lopez,,3019919039,CC,68554104,SUSPENDIDO
17711.0,Luis Rojas,juanperez@gmail.com,3027076300,TI,,INACTIVO
16377.0,Sofia Torres,,3007119546,CE,81815020,ACTIVO
14485.0,Maria Lopez,luisrojas@gmail.com,abc123,TI,54432360,INACTIVO
31007.0,Sofia Torres,marialopez@gmail.com,3117408215,CC,,SUSPENDIDO
76082.0,Luis Rojas,anamartinez@hotmail.com,abc123,CE,56557602,INACTIVO
4478.0,Carlos Gomez,anamartinez@gmail.com,abc123,TI,58741724,ACTIVO
13543.0,Juan Perez,juanperez@yahoo.com,abc123,CE,16998682,ACTIVO
,Ana Martinez,anamartinez@yahoo.com,3021638011,CE,89954671,ACTIVO
95001.0,Luis Rojas,juanperez@yahoo.com,3004567715,TI,82327743,ACTIVO
76519.0,Maria Lopez,marialopez@gmail.com,3029151311,CC,28555816,SUSPENDIDO
17417.0,Juan Perez,anamartinez@hotmail.com,3108132882,CC,,SUSPENDIDO
9066.0,Maria Lopez,juanperez@hotmail.com,abc123,CE,81908429,INACTIVO
49617.0,Luis Rojas,marialopez@hotmail.com,3111687109,CC,,SUSPENDIDO
12252.0,Juan Perez,marialopez@hotmail.com,3004443683,CE,27507058,desconocido
59375.0,Luis Rojas,anamartinez@yahoo.com,3017727112,CC,23026111,ACTIVO
3810.0,Carlos Gomez,marialopez@yahoo.com,3114875966,CC,80532609,SUSPENDIDO
,Ana Martinez,luisrojas@hotmail.com,3027840189,CC,84595191,INACTIVO
12394.0,Sofia Torres,sofiatorres@gmail.com,abc123,CC,72443866,INACTIVO
70450.0,Juan Perez,marialopez@hotmail.com,3008719491,TI,,INACTIVO
59116.0,Sofia Torres,anamartinez@hotmail.com,abc123,TI,29820727,INACTIVO
95321.0,Luis Rojas,,3113625208,CE,79364232,INACTIVO
60325.0,Ana Martinez,sofiatorres@hotmail.com,abc123,CE,15264170,ACTIVO
90680.0,Maria Lopez,marialopez@gmail.com,3119863527,TI,66399501,SUSPENDIDO
2810.0,Sofia Torres,,3016764014,CC,70519666,INACTIVO
42655.0,Ana Martinez,,3019836823,CE,71392643,INACTIVO
20484.0,Sofia Torres,sofiatorres@yahoo.com,abc123,TI,58192216,SUSPENDIDO
46745.0,Maria Lopez,,3003874872,CE,73706905,SUSPENDIDO
,Maria Lopez,anamartinez@yahoo.com,3104404040,CC,75326956,INACTIVO
53574.0,Ana Martinez,,3103946184,CC,54778951,ACTIVO
,Sofia Torres,anamartinez@yahoo.com,3116402957,TI,43740184,SUSPENDIDO
62799.0,Juan Perez,juanperez@hotmail.com,3013577522,TI,,ACTIVO
42020.0,Carlos Gomez,,3101366842,CE,60987207,INACTIVO
,Maria Lopez,carlosgomez@hotmail.com,3028539663,TI,70273889,SUSPENDIDO
46620.0,Luis Rojas,carlosgomez@hotmail.com,3015823910,CE,98806300,desconocido
44876.0,Carlos Gomez,carlosgomez@gmail.com,3018591196,CE,76148010,SUSPENDIDO
73996.0,Juan Perez,carlosgomez@gmail.com,3016184164,CE,91758233,desconocido
59363.0,Carlos Gomez,sofiatorres@yahoo.com,abc123,TI,85099922,ACTIVO
19777.0,Ana Martinez,carlosgomez@hotmail.com,abc123,TI,84436999,SUSPENDIDO
45977.0,Luis Rojas,,3019311890,CE,23161842,SUSPENDIDO
4283.0,Sofia Torres,,3008355645,CC,38900353,ACTIVO
36921.0,Carlos Gomez,,3008792463,CC,31443809,INACTIVO
24101.0,Luis Rojas,luisrojas@gmail.com,3023864468,CC,,ACTIVO
21187.0,Luis Rojas,,3104429438,TI,68263033,SUSPENDIDO
34052.0,Juan Perez,,3001388232,CE,62877576,ACTIVO
82012.0,Maria Lopez,juanperez@yahoo.com,3018201780,TI,73443965,ACTIVO
70429.0,Ana Martinez,luisrojas@hotmail.com,abc123,TI,80370088,ACTIVO
59524.0,Luis Rojas,sofiatorres@gmail.com,3002201079,CC,80885209,desconocido
9235.0,Luis Rojas,marialopez@gmail.com,abc123,CE,58862939,INACTIVO
43452.0,Carlos Gomez,carlosgomez@hotmail.com,abc123,TI,54322878,INACTIVO
91319.0,Ana Martinez,,3026149887,TI,96751828,INACTIVO
97920.0,Luis Rojas,anamartinez@hotmail.com,3023046735,CE,12094715,ACTIVO
41066.0,Ana Martinez,anamartinez@gmail.com,3007103381,CC,,SUSPENDIDO
39044.0,Maria Lopez,anamartinez@yahoo.com,abc123,TI,67902949,ACTIVO
,Carlos Gomez,carlosgomez@gmail.com,3016885369,TI,41710192,INACTIVO
11103.0,Maria Lopez,,3106702065,TI,91492957,INACTIVO
51464.0,Sofia Torres,sofiatorres@yahoo.com,3014137009,TI,,INACTIVO
,Carlos Gomez,luisrojas@hotmail.com,3005357670,CE,25156036,ACTIVO
83514.0,Sofia Torres,marialopez@gmail.com,3022247679,CE,,ACTIVO
74949.0,Luis Rojas,sofiatorres@hotmail.com,3023384415,CC,26151662,INACTIVO
29975.0,Sofia Torres,,3004424509,CC,16648504,SUSPENDIDO
18791.0,Ana Martinez,juanperez@gmail.com,abc123,CC,23907571,ACTIVO
56306.0,Luis Rojas,anamartinez@yahoo.com,3117439000,TI,,SUSPENDIDO
32670.0,Maria Lopez,,3104084936,TI,88054508,ACTIVO
88560.0,Luis Rojas,marialopez@gmail.com,3107049419,CC,12427430,ACTIVO
96331.0,Maria Lopez,sofiatorres@hotmail.com,3019242708,CE,89750842,desconocido
74973.0,Sofia Torres,sofiatorres@yahoo.com,abc123,TI,46369981,ACTIVO
19117.0,Ana Martinez,sofiatorres@yahoo.com,3027712701,CE,24214550,desconocido
,Luis Rojas,carlosgomez@gmail.com,3007230221,TI,14148748,ACTIVO
,Maria Lopez,marialopez@gmail.com,3006427218,TI,58371566,SUSPENDIDO
56333.0,Sofia Torres,luisrojas@yahoo.com,3111014961,CE,,SUSPENDIDO
4679.0,Sofia Torres,sofiatorres@hotmail.com,3112766052,CE,,SUSPENDIDO
,Juan Perez,luisrojas@gmail.com,3113307642,CC,84640126,ACTIVO
65991.0,Ana Martinez,carlosgomez@gmail.com,abc123,CE,91203051,ACTIVO
14178.0,Juan Perez,carlosgomez@gmail.com,abc123,CC,59262168,INACTIVO
9370.0,Carlos Gomez,,3114810236,CC,83936426,SUSPENDIDO
25799.0,Carlos Gomez,juanperez@hotmail.com,3008839350,CE,61326179,SUSPENDIDO
22362.0,Juan Perez,carlosgomez@yahoo.com,abc123,CE,74676052,SUSPENDIDO
25256.0,Sofia Torres,marialopez@yahoo.com,3105348578,TI,,SUSPENDIDO
82589.0,Ana Martinez,sofiatorres@hotmail.com,3012452249,CE,23948355,INACTIVO
,Maria Lopez,sofiatorres@hotmail.com,3106883900,CC,44681808,INACTIVO
69398.0,Sofia Torres,marialopez@hotmail.com,3118944262,CE,,INACTIVO
49838.0,Juan Perez,anamartinez@yahoo.com,abc123,CC,80309953,INACTIVO
85295.0,Juan Perez,luisrojas@gmail.com,3117541890,CC,,SUSPENDIDO
99472.0,Juan Perez,luisrojas@hotmail.com,abc123,CC,30652613,ACTIVO
43600.0,Luis Rojas,,3008048641,CE,30752488,INACTIVO
25463.0,Sofia Torres,,3006819059,TI,76765379,SUSPENDIDO
22816.0,Juan Perez,,3006777912,TI,78381142,ACTIVO
47340.0,Ana Martinez,marialopez@yahoo.com,3118396706,TI,92633199,ACTIVO
,Sofia Torres,marialopez@yahoo.com,3111880736,TI,87039183,ACTIVO
,Maria Lopez,sofiatorres@yahoo.com,3112811622,TI,99411880,SUSPENDIDO
,Maria Lopez,juanperez@hotmail.com,3112118892,CE,13671618,INACTIVO
13515.0,Maria Lopez,anamartinez@yahoo.com,3104008341,TI,,ACTIVO
69027.0,Ana Martinez,marialopez@gmail.com,abc123,TI,96165837,SUSPENDIDO
67070.0,Carlos Gomez,luisrojas@gmail.com,3103392853,CC,,ACTIVO
,Juan Perez,luisrojas@hotmail.com,3107327767,CE,42200727,SUSPENDIDO
,Maria Lopez,anamartinez@hotmail.com,3013817112,CC,18630501,SUSPENDIDO
98574.0,Carlos Gomez,juanperez@yahoo.com,abc123,TI,79718203,INACTIVO
28920.0,Carlos Gomez,juanperez@yahoo.com,abc123,TI,59891025,SUSPENDIDO
,Juan Perez,sofiatorres@gmail.com,3104554490,CC,43514089,INACTIVO
14102.0,Carlos Gomez,anamartinez@gmail.com,3019219015,CC,,SUSPENDIDO
81733.0,Carlos Gomez,luisrojas@hotmail.com,3017637705,CC,,INACTIVO
55834.0,Luis Rojas,luisrojas@gmail.com,3112082481,CC,48545974,desconocido
92628.0,Ana Martinez,marialopez@yahoo.com,3105498750,CE,,SUSPENDIDO
,Carlos Gomez,sofiatorres@hotmail.com,3002498597,CE,40163207,INACTIVO
83289.0,Juan Perez,anamartinez@gmail.com,abc123,CE,21534968,INACTIVO
60940.0,Sofia Torres,,3008544315,CC,13495841,INACTIVO
95454.0,Juan Perez,luisrojas@yahoo.com,3014725454,CE,,ACTIVO
40538.0,Luis Rojas,juanperez@hotmail.com,abc123,CE,54160901,SUSPENDIDO
8390.0,Luis Rojas,,3028468952,CE,11197119,INACTIVO
4809.0,Juan Perez,,3007705614,TI,15506001,SUSPENDIDO
69437.0,Sofia Torres,,3117550402,CC,89979690,SUSPENDIDO
98571.0,Ana Martinez,,3011394757,TI,84852507,ACTIVO
34370.0,Ana Martinez,carlosgomez@hotmail.com,3008792999,CC,,INACTIVO
73151.0,Juan Perez,carlosgomez@gmail.com,3028563296,TI,90776786,desconocido
40115.0,Ana Martinez,,3114241267,CE,78897114,SUSPENDIDO
,Ana Martinez,anamartinez@yahoo.com,3113285815,CC,20235658,ACTIVO
80680.0,Maria Lopez,luisrojas@hotmail.com,abc123,CE,93711852,INACTIVO
67560.0,Ana Martinez,marialopez@hotmail.com,abc123,CE,60734414,INACTIVO
54855.0,Luis Rojas,marialopez@yahoo.com,abc123,TI,97690633,INACTIVO
64924.0,Carlos Gomez,marialopez@hotmail.com,abc123,CC,79933959,SUSPENDIDO
13047.0,Carlos Gomez,,3019495869,CC,77168352,INACTIVO
88809.0,Sofia Torres,juanperez@yahoo.com,3023515290,TI,17781994,desconocido
83179.0,Juan Perez,,3019299936,TI,83011291,SUSPENDIDO
87216.0,Sofia Torres,juanperez@hotmail.com,3113138148,TI,,ACTIVO
36336.0,Juan Perez,,3001634649,CE,72462997,ACTIVO
16495.0,Carlos Gomez,,3116383413,CC,76748056,ACTIVO
73942.0,Luis Rojas,marialopez@hotmail.com,3109296249,CE,,SUSPENDIDO
37888.0,Ana Martinez,marialopez@hotmail.com,abc123,CC,80885598,ACTIVO
33295.0,Ana Martinez,,3015318051,CE,37338130,ACTIVO
,Maria Lopez,juanperez@hotmail.com,3027866968,TI,14057735,INACTIVO
27564.0,Sofia Torres,luisrojas@yahoo.com,abc123,CC,83224336,INACTIVO
10908.0,Luis Rojas,luisrojas@hotmail.com,3015439831,CE,19692817,desconocido
52417.0,Carlos Gomez,anamartinez@gmail.com,3114299594,CC,81126868,desconocido
78273.0,Maria Lopez,juanperez@yahoo.com,abc123,CC,69320377,INACTIVO
85977.0,Ana Martinez,,3013505341,TI,62647747,ACTIVO
2524.0,Maria Lopez,luisrojas@yahoo.com,3026442295,TI,,ACTIVO
96965.0,Maria Lopez,anamartinez@gmail.com,abc123,CC,18455678,SUSPENDIDO
85436.0,Carlos Gomez,anamartinez@hotmail.com,3118469717,CE,25831174,SUSPENDIDO
61406.0,Sofia Torres,juanperez@yahoo.com,abc123,TI,59479239,SUSPENDIDO
68090.0,Maria Lopez,anamartinez@yahoo.com,3116691515,CE,43297193,INACTIVO
,Maria Lopez,luisrojas@yahoo.com,3021111909,CE,68412802,ACTIVO
59455.0,Carlos Gomez,marialopez@yahoo.com,3102860009,CC,79558101,desconocido
37538.0,Ana Martinez,juanperez@hotmail.com,3017677675,CC,33645715,desconocido
37048.0,Carlos Gomez,carlosgomez@hotmail.com,3028713809,TI,53440231,INACTIVO
18432.0,Carlos Gomez,anamartinez@gmail.com,abc123,CC,58593704,SUSPENDIDO
65866.0,Sofia Torres,,3108530822,TI,71194104,SUSPENDIDO
29331.0,Juan Perez,marialopez@hotmail.com,3023371800,CC,51310190,ACTIVO
,Sofia Torres,carlosgomez@yahoo.com,3006824144,CC,39463025,SUSPENDIDO
32277.0,Ana Martinez,sofiatorres@yahoo.com,3013289939,TI,91982427,desconocido
47588.0,Luis Rojas,juanperez@yahoo.com,3119401303,CE,,ACTIVO
64865.0,Luis Rojas,marialopez@gmail.com,abc123,TI,20160649,INACTIVO
39000.0,Maria Lopez,juanperez@gmail.com,abc123,CE,60043403,INACTIVO
91243.0,Sofia Torres,anamartinez@yahoo.com,3108979705,CE,43523495,INACTIVO
28539.0,Carlos Gomez,juanperez@gmail.com,abc123,CC,29758969,ACTIVO
,Maria Lopez,sofiatorres@gmail.com,3115681571,CC,57891935,SUSPENDIDO
,Sofia Torres,marialopez@yahoo.com,3016225000,TI,91649799,INACTIVO
7400.0,Carlos Gomez,luisrojas@hotmail.com,3109082295,CE,63065769,desconocido
46859.0,Maria Lopez,,3003436429,CE,78994220,ACTIVO
61528.0,Ana Martinez,anamartinez@hotmail.com,3107027849,TI,,ACTIVO
60284.0,Luis Rojas,luisrojas@yahoo.com,abc123,CE,45896451,ACTIVO
,Ana Martinez,carlosgomez@hotmail.com,3019986163,CC,23467399,SUSPENDIDO
75652.0,Maria Lopez,juanperez@yahoo.com,3101894120,TI,60203461,SUSPENDIDO
5390.0,Juan Perez,,3116784856,TI,15447523,INACTIVO
45673.0,Luis Rojas,marialopez@gmail.com,abc123,CC,73795355,ACTIVO
69781.0,Luis Rojas,anamartinez@gmail.com,3106138517,CE,64495756,desconocido
37119.0,Ana Martinez,,3021242145,CE,79004491,SUSPENDIDO
69067.0,Juan Perez,marialopez@hotmail.com,3103542464,CC,,INACTIVO
76254.0,Luis Rojas,juanperez@yahoo.com,3008122496,TI,,SUSPENDIDO
,Juan Perez,sofiatorres@gmail.com,3119122031,CE,92901553,SUSPENDIDO
33873.0,Luis Rojas,juanperez@gmail.com,abc123,CE,58131253,SUSPENDIDO
19584.0,Juan Perez,,3103704830,CE,53920208,INACTIVO
80184.0,Juan Perez,,3106028330,TI,15385198,INACTIVO
10344.0,Maria Lopez,juanperez@yahoo.com,3027538331,CE,,ACTIVO
82136.0,Maria Lopez,carlosgomez@hotmail.com,3001756220,CC,61887037,desconocido
,Juan Perez,sofiatorres@hotmail.com,3018137832,TI,19463100,SUSPENDIDO
6952.0,Juan Perez,sofiatorres@yahoo.com,3119446382,CC,32994411,desconocido
62714.0,Luis Rojas,,3112138113,CE,18686610,SUSPENDIDO
95362.0,Ana Martinez,anamartinez@gmail.com,abc123,TI,61318929,SUSPENDIDO
20626.0,Juan Perez,,3116362846,CC,91447120,SUSPENDIDO
20820.0,Ana Martinez,anamartinez@gmail.com,3108251314,TI,,ACTIVO
93791.0,Carlos Gomez,juanperez@gmail.com,3108436618,TI,50607536,SUSPENDIDO
16543.0,Sofia Torres,luisrojas@gmail.com,3115675465,CE,,SUSPENDIDO
,Maria Lopez,marialopez@yahoo.com,3118467397,TI,46515157,SUSPENDIDO
28993.0,Maria Lopez,sofiatorres@hotmail.com,abc123,CC,97579125,SUSPENDIDO
6432.0,Luis Rojas,,3115586697,CE,37174700,SUSPENDIDO
99868.0,Juan Perez,juanperez@gmail.com,abc123,CC,17503541,INACTIVO
,Luis Rojas,luisrojas@yahoo.com,3029963157,CC,21671124,SUSPENDIDO
60006.0,Maria Lopez,sofiatorres@hotmail.com,3009769503,TI,,ACTIVO
,Luis Rojas,marialopez@gmail.com,3104964644,TI,17874955,ACTIVO
10443.0,Ana Martinez,luisrojas@yahoo.com,abc123,TI,66820750,INACTIVO
27321.0,Juan Perez,carlosgomez@yahoo.com,3008257266,CC,16356338,INACTIVO
15412.0,Luis Rojas,carlosgomez@gmail.com,3019357991,CE,,ACTIVO
36602.0,Sofia Torres,luisrojas@hotmail.com,3023576631,CC,,SUSPENDIDO
5109.0,Maria Lopez,,3015876955,CE,99604762,ACTIVO
60372.0,Luis Rojas,juanperez@gmail.com,3023395229,CE,48999382,SUSPENDIDO
48937.0,Maria Lopez,,3114371893,TI,50335005,ACTIVO
47698.0,Sofia Torres,anamartinez@yahoo.com,3009241565,CE,,SUSPENDIDO
,Juan Perez,anamartinez@hotmail.com,3006208478,TI,87879374,INACTIVO
49933.0,Maria Lopez,marialopez@yahoo.com,abc123,CE,30811995,SUSPENDIDO
,Sofia Torres,sofiatorres@hotmail.com,3119820701,CE,12786804,SUSPENDIDO
70160.0,Maria Lopez,sofiatorres@yahoo.com,3027507876,CE,35597865,desconocido
77682.0,Carlos Gomez,,3018908499,CE,65100799,ACTIVO
19925.0,Juan Perez,,3108592614,TI,32524210,ACTIVO
13410.0,Sofia Torres,,3103101154,CC,75670207,SUSPENDIDO
82503.0,Sofia Torres,juanperez@yahoo.com,abc123,CE,10981012,ACTIVO
45217.0,Carlos Gomez,marialopez@hotmail.com,3016603370,CC,95411275,desconocido
65159.0,Luis Rojas,anamartinez@gmail.com,abc123,CE,62906666,SUSPENDIDO
47862.0,Juan Perez,carlosgomez@gmail.com,abc123,CC,12575118,ACTIVO
31196.0,Sofia Torres,luisrojas@yahoo.com,3012935784,TI,,SUSPENDIDO
4361.0,Juan Perez,luisrojas@yahoo.com,abc123,CE,36722210,ACTIVO
70769.0,Maria Lopez,juanperez@gmail.com,3017757226,CE,,ACTIVO
27128.0,Luis Rojas,marialopez@gmail.com,3102475941,CC,73925242,ACTIVO
7434.0,Juan Perez,carlosgomez@yahoo.com,3013818820,CC,,SUSPENDIDO
72372.0,Carlos Gomez,sofiatorres@yahoo.com,3105712505,TI,,SUSPENDIDO
43772.0,Carlos Gomez,,3011495223,TI,12732604,ACTIVO
98513.0,Ana Martinez,juanperez@gmail.com,3022404415,CE,,INACTIVO
92141.0,Juan Perez,,3018899767,CC,46962187,INACTIVO
41663.0,Maria Lopez,juanperez@hotmail.com,3016094969,CE,34493246,desconocido
66313.0,Carlos Gomez,carlosgomez@gmail.com,abc123,TI,49444155,ACTIVO
26478.0,Sofia Torres,carlosgomez@gmail.com,3013005144,TI,,ACTIVO
,Ana Martinez,anamartinez@gmail.com,3011463687,CE,94582077,SUSPENDIDO
,Luis Rojas,marialopez@yahoo.com,3119586382,TI,33895204,ACTIVO
30174.0,Ana Martinez,,3002573962,TI,76763053,INACTIVO
,Juan Perez,luisrojas@yahoo.com,3005687766,CC,88446729,INACTIVO
,Maria Lopez,carlosgomez@hotmail.com,3007680350,TI,44235102,SUSPENDIDO
39910.0,Ana Martinez,anamartinez@yahoo.com,3018501962,CE,17930803,desconocido
66304.0,Maria Lopez,,3022908464,CE,24428630,INACTIVO
,Carlos Gomez,carlosgomez@hotmail.com,3107570427,CC,29194871,INACTIVO
91385.0,Maria Lopez,,3102496473,CE,72805084,SUSPENDIDO
23564.0,Maria Lopez,sofiatorres@yahoo.com,3029494607,CC,,ACTIVO
,Juan Perez,sofiatorres@yahoo.com,3008507079,TI,28636622,ACTIVO
79937.0,Juan Perez,luisrojas@hotmail.com,abc123,TI,29211609,SUSPENDIDO
77537.0,Maria Lopez,anamartinez@yahoo.com,abc123,CC,64877391,ACTIVO
56566.0,Carlos Gomez,luisrojas@yahoo.com,3011035808,CE,,ACTIVO
84341.0,Luis Rojas,marialopez@yahoo.com,abc123,CC,85510105,SUSPENDIDO
16191.0,Luis Rojas,luisrojas@yahoo.com,abc123,CC,93489435,ACTIVO
96798.0,Ana Martinez,luisrojas@gmail.com,abc123,CE,81292149,ACTIVO
95160.0,Carlos Gomez,marialopez@yahoo.com,3009732179,TI,,INACTIVO
4504.0,Juan Perez,sofiatorres@hotmail.com,3009135425,TI,,ACTIVO
9295.0,Carlos Gomez,luisrojas@gmail.com,3008436078,CE,,ACTIVO
33253.0,Sofia Torres,,3012394841,CC,43872141,SUSPENDIDO
25110.0,Ana Martinez,,3115573974,CE,38882979,ACTIVO
48169.0,Luis Rojas,marialopez@hotmail.com,abc123,TI,89733605,SUSPENDIDO
67291.0,Ana Martinez,carlosgomez@yahoo.com,3008463659,CC,,ACTIVO
75663.0,Maria Lopez,,3006921540,TI,10077779,SUSPENDIDO
73657.0,Luis Rojas,sofiatorres@hotmail.com,3018530877,TI,,INACTIVO
84594.0,Carlos Gomez,marialopez@yahoo.com,3104018802,TI,84652144,desconocido
53354.0,Sofia Torres,marialopez@gmail.com,3109114619,TI,,SUSPENDIDO
90999.0,Carlos Gomez,sofiatorres@gmail.com,3021903540,CC,45954002,SUSPENDIDO
66893.0,Sofia Torres,sofiatorres@yahoo.com,abc123,CC,26857380,SUSPENDIDO
17847.0,Carlos Gomez,carlosgomez@gmail.com,abc123,CE,18772069,SUSPENDIDO
67586.0,Sofia Torres,,3107260750,TI,19365469,ACTIVO
58959.0,Carlos Gomez,marialopez@gmail.com,3113216496,TI,,INACTIVO
,Ana Martinez,sofiatorres@hotmail.com,3006603408,CC,72685139,ACTIVO
24086.0,Maria Lopez,sofiatorres@yahoo.com,abc123,CC,45203744,INACTIVO
77163.0,Sofia Torres,sofiatorres@gmail.com,3109723261,TI,,INACTIVO
,Carlos Gomez,marialopez@yahoo.com,3113932045,TI,63677147,INACTIVO
11842.0,Maria Lopez,marialopez@yahoo.com,3118133764,TI,,SUSPENDIDO
84255.0,Juan Perez,marialopez@hotmail.com,3116544304,CC,13870788,INACTIVO
,Carlos Gomez,carlosgomez@yahoo.com,3114849437,CC,17678401,ACTIVO
19385.0,Juan Perez,luisrojas@gmail.com,3012814627,CC,37279642,SUSPENDIDO
25513.0,Luis Rojas,sofiatorres@yahoo.com,3017421335,TI,74751089,desconocido
,Ana Martinez,juanperez@hotmail.com,3104815804,CC,82750792,INACTIVO
27986.0,Luis Rojas,carlosgomez@yahoo.com,3106491209,TI,,INACTIVO
11386.0,Luis Rojas,marialopez@yahoo.com,abc123,CE,82568805,SUSPENDIDO
78864.0,Carlos Gomez,luisrojas@gmail.com,abc123,CE,77804004,ACTIVO
41213.0,Maria Lopez,,3008303867,CC,65278345,SUSPENDIDO
,Ana Martinez,marialopez@yahoo.com,3018523750,TI,54059908,INACTIVO
,Carlos Gomez,sofiatorres@gmail.com,3017020924,CE,59983022,INACTIVO
4324.0,Juan Perez,,3023214712,CE,70714103,SUSPENDIDO
,Sofia Torres,anamartinez@gmail.com,3025970913,CE,49653650,INACTIVO
32489.0,Sofia Torres,,3026927655,CE,41984399,INACTIVO
24601.0,Luis Rojas,anamartinez@hotmail.com,3021862390,CE,66761276,desconocido
28531.0,Luis Rojas,carlosgomez@hotmail.com,3109942790,CC,72150189,desconocido
18348.0,Carlos Gomez,sofiatorres@hotmail.com,3104961507,CE,,ACTIVO
,Luis Rojas,sofiatorres@gmail.com,3105671495,CC,82143164,ACTIVO
50198.0,Carlos Gomez,juanperez@gmail.com,3029547605,CC,,INACTIVO
6140.0,Luis Rojas,sofiatorres@gmail.com,abc123,TI,98243959,ACTIVO
3576.0,Carlos Gomez,juanperez@hotmail.com,abc123,CE,70350224,ACTIVO
95987.0,Carlos Gomez,juanperez@gmail.com,abc123,TI,27404041,SUSPENDIDO
,Carlos Gomez,marialopez@hotmail.com,3105519113,CC,38442810,ACTIVO
37973.0,Carlos Gomez,carlosgomez@hotmail.com,abc123,CE,36369798,SUSPENDIDO
,Maria Lopez,marialopez@gmail.com,3018002655,TI,49315030,SUSPENDIDO
29111.0,Ana Martinez,carlosgomez@gmail.com,abc123,CC,96582647,ACTIVO
85595.0,Maria Lopez,juanperez@yahoo.com,3019831375,TI,78998154,ACTIVO
57795.0,Sofia Torres,juanperez@yahoo.com,abc123,CC,12605659,INACTIVO
13197.0,Sofia Torres,carlosgomez@yahoo.com,abc123,CC,26704185,INACTIVO
,Carlos Gomez,anamartinez@yahoo.com,3002439077,TI,37282689,INACTIVO
25527.0,Sofia Torres,anamartinez@gmail.com,abc123,TI,68609452,ACTIVO
20127.0,Luis Rojas,,3015965974,TI,38147804,INACTIVO
19383.0,Ana Martinez,,3028684385,TI,88255164,INACTIVO
97406.0,Maria Lopez,luisrojas@gmail.com,3101076416,TI,45234606,ACTIVO
15498.0,Carlos Gomez,sofiatorres@yahoo.com,abc123,CE,63994713,ACTIVO
,Luis Rojas,luisrojas@hotmail.com,3102704439,CC,22620314,INACTIVO
51813.0,Luis Rojas,carlosgomez@hotmail.com,3019670694,CC,67864164,desconocido
,Luis Rojas,carlosgomez@yahoo.com,3013443847,CE,37429217,SUSPENDIDO
15302.0,Luis Rojas,sofiatorres@hotmail.com,3024314589,CE,61631222,desconocido
45607.0,Ana Martinez,,3015050901,TI,80483772,SUSPENDIDO
46154.0,Ana Martinez,carlosgomez@yahoo.com,abc123,TI,23769948,INACTIVO
78141.0,Juan Perez,sofiatorres@yahoo.com,3018263193,TI,,SUSPENDIDO
,Maria Lopez,anamartinez@gmail.com,3104960866,CE,78113553,ACTIVO
204.0,Luis Rojas,,3004389051,TI,15601231,INACTIVO
20842.0,Ana Martinez,anamartinez@yahoo.com,3103295625,TI,40988721,ACTIVO
39533.0,Luis Rojas,juanperez@yahoo.com,3021748006,CC,88771470,INACTIVO
84072.0,Luis Rojas,juanperez@yahoo.com,3015933955,TI,45597204,desconocido
14488.0,Ana Martinez,carlosgomez@hotmail.com,3108728311,TI,72693746,desconocido
82116.0,Carlos Gomez,marialopez@gmail.com,3115783910,CE,,SUSPENDIDO
80584.0,Juan Perez,,3111513665,CC,13159520,ACTIVO
68407.0,Maria Lopez,sofiatorres@hotmail.com,3106815619,CE,28621323,desconocido
13308.0,Ana Martinez,marialopez@gmail.com,3016495971,CC,,INACTIVO
2876.0,Maria Lopez,carlosgomez@yahoo.com,abc123,CE,33028373,INACTIVO
75459.0,Carlos Gomez,,3118586168,CC,45308728,SUSPENDIDO
15930.0,Sofia Torres,carlosgomez@yahoo.com,abc123,CE,48791070,SUSPENDIDO
84140.0,Ana Martinez,luisrojas@yahoo.com,3112160618,TI,,INACTIVO
80055.0,Maria Lopez,luisrojas@gmail.com,abc123,CE,76017506,SUSPENDIDO
65011.0,Luis Rojas,carlosgomez@yahoo.com,3103699912,CC,96890197,desconocido
8758.0,Ana Martinez,juanperez@yahoo.com,3013067679,CC,,ACTIVO
69137.0,Maria Lopez,juanperez@yahoo.com,abc123,CE,39513102,INACTIVO
,Juan Perez,carlosgomez@hotmail.com,3004978179,CE,69054419,ACTIVO
21268.0,Carlos Gomez,,3003202499,CC,48932184,SUSPENDIDO
,Maria Lopez,sofiatorres@gmail.com,3113049837,CC,84566943,ACTIVO
84974.0,Sofia Torres,,3015938908,CE,96844532,SUSPENDIDO
9951.0,Juan Perez,anamartinez@gmail.com,3104981147,CC,,INACTIVO
,Maria Lopez,luisrojas@hotmail.com,3116795821,TI,85078629,ACTIVO
92975.0,Maria Lopez,,3012732067,CE,59309797,INACTIVO
,Carlos Gomez,juanperez@yahoo.com,3025598902,TI,99051685,INACTIVO
,Carlos Gomez,marialopez@hotmail.com,3108825673,CE,84218752,ACTIVO
63386.0,Ana Martinez,anamartinez@gmail.com,3104333319,TI,,INACTIVO
,Maria Lopez,sofiatorres@yahoo.com,3029218496,CE,13399374,SUSPENDIDO
,Carlos Gomez,luisrojas@yahoo.com,3023119092,CE,81824400,ACTIVO
64064.0,Juan Perez,sofiatorres@yahoo.com,abc123,CE,26876372,INACTIVO
37546.0,Luis Rojas,luisrojas@hotmail.com,3104491533,TI,,SUSPENDIDO
40870.0,Ana Martinez,,3102539868,TI,98221482,ACTIVO
76339.0,Ana Martinez,anamartinez@hotmail.com,abc123,TI,85816716,ACTIVO
93866.0,Juan Perez,luisrojas@hotmail.com,3104909577,CE,92941299,desconocido
24428.0,Carlos Gomez,juanperez@gmail.com,abc123,CC,19162899,ACTIVO
53350.0,Juan Perez,,3008412640,TI,65935346,SUSPENDIDO
4284.0,Luis Rojas,marialopez@yahoo.com,abc123,CC,32597637,ACTIVO
92841.0,Luis Rojas,,3011939858,CC,63031674,SUSPENDIDO
69175.0,Ana Martinez,luisrojas@gmail.com,3115893946,CE,82003134,SUSPENDIDO
70031.0,Juan Perez,,3009543094,CE,88639452,SUSPENDIDO
96875.0,Luis Rojas,sofiatorres@yahoo.com,3117518333,CE,55814329,desconocido
97268.0,Ana Martinez,sofiatorres@gmail.com,abc123,TI,34516544,INACTIVO
39834.0,Sofia Torres,,3102580872,CE,35987952,ACTIVO
87953.0,Ana Martinez,sofiatorres@hotmail.com,abc123,CC,90630182,SUSPENDIDO
21511.0,Juan Perez,sofiatorres@gmail.com,3109632295,CC,96479793,desconocido
82957.0,Carlos Gomez,juanperez@yahoo.com,3101792580,TI,,ACTIVO
90527.0,Sofia Torres,marialopez@gmail.com,3023998246,TI,,SUSPENDIDO
98403.0,Sofia Torres,,3003410245,CE,97581721,ACTIVO
53979.0,Ana Martinez,carlosgomez@gmail.com,abc123,TI,59264767,INACTIVO
8407.0,Sofia Torres,carlosgomez@gmail.com,abc123,TI,80953651,INACTIVO
58725.0,Luis Rojas,anamartinez@hotmail.com,3009519343,CC,,INACTIVO
67492.0,Luis Rojas,,3003317058,TI,61227808,ACTIVO
25032.0,Juan Perez,sofiatorres@gmail.com,abc123,CE,89438202,SUSPENDIDO
18245.0,Maria Lopez,carlosgomez@yahoo.com,3111597187,TI,,INACTIVO
71834.0,Ana Martinez,,3029686041,TI,65245103,SUSPENDIDO
,Juan Perez,juanperez@hotmail.com,3016544762,CC,66001626,ACTIVO
67341.0,Ana Martinez,marialopez@hotmail.com,3118638115,CC,91817824,desconocido
38098.0,Maria Lopez,luisrojas@gmail.com,3002754094,TI,97317422,desconocido
48876.0,Carlos Gomez,marialopez@gmail.com,3104800329,CC,,ACTIVO
33289.0,Juan Perez,juanperez@hotmail.com,3005596691,CC,,SUSPENDIDO
45050.0,Maria Lopez,juanperez@hotmail.com,abc123,TI,63534349,INACTIVO
38062.0,Ana Martinez,luisrojas@yahoo.com,3008052802,CC,56581218,desconocido
74929.0,Ana Martinez,marialopez@gmail.com,3017185350,CE,32132095,ACTIVO
,Carlos Gomez,luisrojas@yahoo.com,3009465403,CE,32729429,SUSPENDIDO
64009.0,Sofia Torres,sofiatorres@hotmail.com,abc123,CC,81904719,ACTIVO
63288.0,Luis Rojas,juanperez@gmail.com,3007383794,CE,59170075,ACTIVO
96932.0,Juan Perez,marialopez@gmail.com,3018648075,CC,,INACTIVO
40470.0,Juan Perez,sofiatorres@gmail.com,3018158900,CC,,SUSPENDIDO
4552.0,Sofia Torres,sofiatorres@yahoo.com,3024294897,CC,34242162,desconocido
62592.0,Sofia Torres,sofiatorres@hotmail.com,abc123,TI,99792912,SUSPENDIDO
14711.0,Luis Rojas,carlosgomez@gmail.com,abc123,CC,23404152,ACTIVO
11191.0,Maria Lopez,marialopez@yahoo.com,abc123,CE,32124311,SUSPENDIDO
,Maria Lopez,juanperez@hotmail.com,3114615564,CE,47412031,ACTIVO
,Carlos Gomez,marialopez@gmail.com,3028326250,TI,83245156,SUSPENDIDO
66179.0,Maria Lopez,sofiatorres@hotmail.com,3027549733,CE,40934373,desconocido
,Carlos Gomez,luisrojas@yahoo.com,3023417751,CE,15156388,SUSPENDIDO
73122.0,Ana Martinez,juanperez@gmail.com,3024897731,CE,,INACTIVO
43194.0,Luis Rojas,sofiatorres@gmail.com,abc123,CC,50394763,INACTIVO
19709.0,Sofia Torres,carlosgomez@yahoo.com,3107903837,TI,,SUSPENDIDO
40902.0,Luis Rojas,luisrojas@yahoo.com,abc123,CE,34163364,SUSPENDIDO
14049.0,Juan Perez,anamartinez@gmail.com,3115360204,CE,,ACTIVO
66363.0,Juan Perez,,3009309629,CE,55629016,ACTIVO
62184.0,Luis Rojas,anamartinez@yahoo.com,3027814434,CE,,INACTIVO
66528.0,Carlos Gomez,luisrojas@yahoo.com,3001913860,CE,80277580,desconocido
81615.0,Ana Martinez,anamartinez@gmail.com,3027390823,CE,86913597,desconocido
,Juan Perez,luisrojas@yahoo.com,3117513569,CC,29434954,INACTIVO
37786.0,Maria Lopez,sofiatorres@gmail.com,abc123,CE,96329843,SUSPENDIDO
89548.0,Sofia Torres,luisrojas@yahoo.com,3117613934,CE,55975955,ACTIVO
31697.0,Carlos Gomez,,3015333965,CC,59780831,SUSPENDIDO
,Maria Lopez,marialopez@yahoo.com,3105204488,CE,23833916,SUSPENDIDO
,Maria Lopez,carlosgomez@hotmail.com,3109855594,CE,32542292,ACTIVO
43028.0,Sofia Torres,juanperez@hotmail.com,3104702878,CE,,INACTIVO
66042.0,Sofia Torres,sofiatorres@yahoo.com,3021830269,CE,,ACTIVO
43440.0,Sofia Torres,luisrojas@gmail.com,3102635750,CE,,ACTIVO
27908.0,Luis Rojas,anamartinez@yahoo.com,3019890292,TI,17659938,SUSPENDIDO
,Maria Lopez,carlosgomez@gmail.com,3008722924,CE,80454745,INACTIVO
8257.0,Luis Rojas,sofiatorres@yahoo.com,abc123,TI,14034788,INACTIVO
87816.0,Ana Martinez,sofiatorres@hotmail.com,3118672828,CC,,INACTIVO
86260.0,Luis Rojas,carlosgomez@gmail.com,3025477188,CC,64693204,INACTIVO
,Juan Perez,carlosgomez@yahoo.com,3006310682,CC,22137428,INACTIVO
56779.0,Juan Perez,marialopez@yahoo.com,abc123,TI,37805293,ACTIVO
26533.0,Carlos Gomez,marialopez@gmail.com,abc123,CC,39856484,SUSPENDIDO
41196.0,Juan Perez,juanperez@hotmail.com,3008895790,CE,,INACTIVO
44960.0,Ana Martinez,,3109146528,CE,56932563,ACTIVO
45192.0,Sofia Torres,sofiatorres@yahoo.com,3015913799,TI,42701806,desconocido
75473.0,Carlos Gomez,,3005878574,TI,10672460,INACTIVO
29770.0,Sofia Torres,,3019052347,CE,70829131,INACTIVO
,Carlos Gomez,sofiatorres@yahoo.com,3027941055,CC,63037287,SUSPENDIDO
88547.0,Sofia Torres,anamartinez@yahoo.com,abc123,CC,67083669,SUSPENDIDO
13298.0,Ana Martinez,marialopez@yahoo.com,3019650737,CE,58426514,desconocido
2929.0,Carlos Gomez,,3021518127,CE,36168217,INACTIVO
1134.0,Luis Rojas,anamartinez@yahoo.com,abc123,CE,75709971,INACTIVO
43755.0,Luis Rojas,carlosgomez@yahoo.com,3025369845,CE,54579464,desconocido
22108.0,Maria Lopez,anamartinez@yahoo.com,3004487601,CE,,SUSPENDIDO
93517.0,Luis Rojas,sofiatorres@gmail.com,3114080022,CE,,SUSPENDIDO
28195.0,Ana Martinez,,3108075070,CC,94064280,SUSPENDIDO
,Carlos Gomez,anamartinez@hotmail.com,3002446843,CE,22485424,ACTIVO
59518.0,Ana Martinez,sofiatorres@gmail.com,3119862528,CC,,INACTIVO
37825.0,Luis Rojas,luisrojas@yahoo.com,3008313980,CC,99362551,desconocido
76402.0,Maria Lopez,carlosgomez@yahoo.com,3114818300,CC,,SUSPENDIDO
47018.0,Ana Martinez,,3024665218,CC,65320924,ACTIVO
7414.0,Maria Lopez,marialopez@hotmail.com,3009881298,TI,,INACTIVO
43187.0,Ana Martinez,anamartinez@gmail.com,abc123,CC,14662390,SUSPENDIDO
82159.0,Ana Martinez,,3112501683,CE,20525104,ACTIVO
30994.0,Carlos Gomez,luisrojas@yahoo.com,3115394637,CC,,ACTIVO
1591.0,Juan Perez,carlosgomez@gmail.com,abc123,CE,11681686,SUSPENDIDO
29624.0,Juan Perez,sofiatorres@gmail.com,abc123,CC,21279635,ACTIVO
,Luis Rojas,juanperez@yahoo.com,3101191591,CE,54461044,ACTIVO
,Ana Martinez,anamartinez@yahoo.com,3016992141,CC,91715313,ACTIVO
63667.0,Maria Lopez,luisrojas@gmail.com,abc123,CE,65674744,INACTIVO
98044.0,Carlos Gomez,sofiatorres@yahoo.com,abc123,CC,86472756,ACTIVO
85353.0,Juan Perez,luisrojas@yahoo.com,3105399448,CC,,ACTIVO
47986.0,Carlos Gomez,anamartinez@gmail.com,abc123,CC,92611254,ACTIVO
50178.0,Carlos Gomez,carlosgomez@gmail.com,3026465422,CE,98479144,desconocido
,Juan Perez,luisrojas@hotmail.com,3003726543,CE,51035223,INACTIVO
75149.0,Juan Perez,,3012158073,TI,58428696,ACTIVO
41491.0,Sofia Torres,marialopez@gmail.com,3107819369,TI,,SUSPENDIDO
87522.0,Sofia Torres,,3109983845,TI,77675246,INACTIVO
91549.0,Luis Rojas,juanperez@gmail.com,3022586885,TI,51545438,desconocido
,Sofia Torres,sofiatorres@hotmail.com,3024635533,CE,96267298,INACTIVO
97644.0,Maria Lopez,carlosgomez@hotmail.com,3018674062,CE,66273380,desconocido
61625.0,Luis Rojas,carlosgomez@yahoo.com,3113162505,TI,46204799,SUSPENDIDO
,Ana Martinez,sofiatorres@hotmail.com,3117456676,TI,70392961,INACTIVO
55773.0,Sofia Torres,anamartinez@hotmail.com,abc123,TI,90182235,SUSPENDIDO
50812.0,Ana Martinez,juanperez@hotmail.com,abc123,CC,88836651,INACTIVO
,Ana Martinez,anamartinez@hotmail.com,3012283593,CC,43580099,ACTIVO
4934.0,Ana Martinez,carlosgomez@hotmail.com,abc123,CC,61823411,ACTIVO
10756.0,Juan Perez,,3001076515,TI,14124690,SUSPENDIDO
91354.0,Luis Rojas,carlosgomez@yahoo.com,3019625738,CE,40811749,desconocido
54665.0,Luis Rojas,,3001299204,CE,49318760,ACTIVO
89901.0,Juan Perez,,3025014085,TI,43989653,ACTIVO
9345.0,Ana Martinez,marialopez@yahoo.com,3026012258,TI,,INACTIVO
24079.0,Sofia Torres,sofiatorres@hotmail.com,abc123,CE,70674903,INACTIVO
74803.0,Sofia Torres,marialopez@hotmail.com,abc123,CE,49528291,SUSPENDIDO
91796.0,Sofia Torres,,3023157369,CE,15809819,ACTIVO
,Sofia Torres,anamartinez@yahoo.com,3029536453,CC,36860461,ACTIVO
92444.0,Luis Rojas,anamartinez@hotmail.com,3021752317,CE,29144318,SUSPENDIDO
71860.0,Carlos Gomez,anamartinez@hotmail.com,3004506925,CE,,ACTIVO
14944.0,Juan Perez,luisrojas@hotmail.com,3111238825,TI,67917921,desconocido
86174.0,Juan Perez,luisrojas@hotmail.com,3025463881,CC,83541972,INACTIVO
,Ana Martinez,luisrojas@gmail.com,3004450389,CC,86150473,ACTIVO
,Sofia Torres,juanperez@hotmail.com,3025507976,CC,42801437,SUSPENDIDO
,Ana Martinez,anamartinez@yahoo.com,3015853007,CE,45587854,ACTIVO
,Maria Lopez,carlosgomez@yahoo.com,3025409857,TI,78538247,ACTIVO
84949.0,Ana Martinez,luisrojas@yahoo.com,3009750832,CC,32290967,desconocido
22045.0,Maria Lopez,sofiatorres@gmail.com,3111510787,CC,,SUSPENDIDO
46956.0,Carlos Gomez,marialopez@hotmail.com,abc123,CC,82791187,INACTIVO
,Juan Perez,anamartinez@hotmail.com,3021385274,TI,91129690,SUSPENDIDO
,Ana Martinez,anamartinez@gmail.com,3112511595,TI,61190297,INACTIVO
,Maria Lopez,juanperez@gmail.com,3119202976,CC,31449901,SUSPENDIDO
57091.0,Ana Martinez,,3118909326,CE,65882444,ACTIVO
58953.0,Maria Lopez,,3025278741,CC,85195430,ACTIVO
23825.0,Luis Rojas,juanperez@yahoo.com,3101416154,TI,,INACTIVO
79794.0,Sofia Torres,luisrojas@gmail.com,3029611969,CC,46679468,INACTIVO
58370.0,Ana Martinez,,3028985641,CE,55757790,ACTIVO
28954.0,Sofia Torres,marialopez@yahoo.com,3016976703,TI,,ACTIVO
15893.0,Ana Martinez,juanperez@hotmail.com,3108611966,CE,,ACTIVO
57992.0,Carlos Gomez,anamartinez@hotmail.com,3029567306,TI,75890966,desconocido
63096.0,Carlos Gomez,sofiatorres@gmail.com,3116269488,CC,,SUSPENDIDO
89790.0,Maria Lopez,juanperez@gmail.com,3104931163,CE,,INACTIVO
70773.0,Ana Martinez,,3119765792,TI,79009075,INACTIVO
,Maria Lopez,sofiatorres@hotmail.com,3012308784,CE,34298620,INACTIVO
79098.0,Juan Perez,carlosgomez@yahoo.com,abc123,TI,22914964,ACTIVO
80184.0,Juan Perez,,3014829623,CE,98018004,INACTIVO
,Maria Lopez,sofiatorres@hotmail.com,3119752245,CC,31698363,INACTIVO
45597.0,Juan Perez,marialopez@hotmail.com,3028037597,TI,,INACTIVO
95219.0,Ana Martinez,carlosgomez@yahoo.com,3007526707,TI,,INACTIVO
45316.0,Sofia Torres,,3011869798,CE,22840473,SUSPENDIDO
48228.0,Maria Lopez,sofiatorres@yahoo.com,abc123,TI,28754559,SUSPENDIDO
78776.0,Maria Lopez,sofiatorres@yahoo.com,3007815588,CE,,INACTIVO
64182.0,Sofia Torres,carlosgomez@gmail.com,3113113762,TI,88759809,desconocido
43208.0,Ana Martinez,carlosgomez@gmail.com,3112470590,CC,,INACTIVO
77738.0,Ana Martinez,,3117531683,CC,27097053,INACTIVO
31381.0,Carlos Gomez,carlosgomez@yahoo.com,3106518297,CC,10854202,SUSPENDIDO
95599.0,Maria Lopez,,3012188477,CC,92701824,ACTIVO
31025.0,Ana Martinez,luisrojas@gmail.com,3025048870,TI,49812219,desconocido
27492.0,Juan Perez,,3002100137,CE,52551075,ACTIVO
,Carlos Gomez,luisrojas@hotmail.com,3108395859,TI,27840393,SUSPENDIDO
76481.0,Maria Lopez,,3001912579,TI,32206920,INACTIVO
42974.0,Maria Lopez,anamartinez@yahoo.com,3107835637,TI,,SUSPENDIDO
65475.0,Sofia Torres,anamartinez@yahoo.com,3102309880,CC,55842457,desconocido
,Ana Martinez,marialopez@hotmail.com,3027340614,CE,56832575,ACTIVO
47292.0,Carlos Gomez,,3113357919,CE,20951938,ACTIVO
,Sofia Torres,sofiatorres@yahoo.com,3011230697,CE,66043672,ACTIVO
45194.0,Juan Perez,anamartinez@hotmail.com,abc123,CE,53140795,SUSPENDIDO
75884.0,Juan Perez,marialopez@yahoo.com,3012796198,CC,56950197,desconocido
42230.0,Maria Lopez,juanperez@gmail.com,abc123,CE,81271778,ACTIVO
64658.0,Sofia Torres,marialopez@yahoo.com,abc123,CC,42782532,ACTIVO
,Luis Rojas,juanperez@gmail.com,3026265937,TI,53961278,INACTIVO
,Sofia Torres,luisrojas@hotmail.com,3108077463,CC,36682225,INACTIVO
97921.0,Juan Perez,anamartinez@gmail.com,3024705196,CC,,SUSPENDIDO
,Carlos Gomez,luisrojas@yahoo.com,3014466920,CE,99402202,ACTIVO
18527.0,Maria Lopez,anamartinez@gmail.com,3108776532,TI,,SUSPENDIDO
60686.0,Carlos Gomez,,3105268298,CE,69352745,SUSPENDIDO
70782.0,Carlos Gomez,marialopez@yahoo.com,abc123,TI,39405040,ACTIVO
34272.0,Carlos Gomez,anamartinez@hotmail.com,abc123,CC,95347739,INACTIVO
,Ana Martinez,anamartinez@yahoo.com,3112919263,CC,21570807,INACTIVO
80821.0,Juan Perez,,3021126864,CE,75265622,INACTIVO
,Ana Martinez,juanperez@hotmail.com,3005680719,CC,34178431,ACTIVO
77841.0,Carlos Gomez,juanperez@hotmail.com,abc123,TI,17811762,ACTIVO
,Juan Perez,sofiatorres@gmail.com,3014280179,CC,84528041,ACTIVO
85042.0,Juan Perez,,3026796019,TI,70993032,ACTIVO
7832.0,Ana Martinez,luisrojas@yahoo.com,abc123,CC,23886715,INACTIVO
77298.0,Sofia Torres,anamartinez@yahoo.com,3013366839,CE,,SUSPENDIDO
35407.0,Carlos Gomez,juanperez@gmail.com,3112774247,TI,,INACTIVO
60.0,Sofia Torres,marialopez@hotmail.com,3118649016,CE,,SUSPENDIDO
20874.0,Sofia Torres,juanperez@yahoo.com,abc123,CC,96585018,SUSPENDIDO
10341.0,Ana Martinez,marialopez@hotmail.com,3028019526,CC,94243770,ACTIVO
45793.0,Maria Lopez,,3008759731,TI,79256727,ACTIVO
53885.0,Juan Perez,,3024167884,CC,54891106,ACTIVO
24608.0,Sofia Torres,carlosgomez@yahoo.com,3024755607,CE,72665499,desconocido
49555.0,Juan Perez,,3109774202,CE,26379899,ACTIVO
,Juan Perez,anamartinez@yahoo.com,3001716473,TI,10847684,SUSPENDIDO
,Luis Rojas,anamartinez@hotmail.com,3023020919,CE,56164884,ACTIVO
9018.0,Ana Martinez,,3101017192,CC,24985814,ACTIVO
,Sofia Torres,carlosgomez@gmail.com,3013235356,CC,41615587,ACTIVO
,Juan Perez,marialopez@yahoo.com,3111499201,CC,29566381,INACTIVO
18855.0,Carlos Gomez,,3013259361,CC,83349263,INACTIVO
24441.0,Maria Lopez,luisrojas@gmail.com,3008547916,CC,74120263,INACTIVO
80373.0,Ana Martinez,carlosgomez@hotmail.com,abc123,CE,90386142,SUSPENDIDO
3819.0,Maria Lopez,anamartinez@yahoo.com,3104214683,CC,,INACTIVO
69699.0,Carlos Gomez,carlosgomez@gmail.com,3026202564,TI,,INACTIVO
,Luis Rojas,luisrojas@hotmail.com,3105215365,CC,42085199,SUSPENDIDO
,Sofia Torres,sofiatorres@yahoo.com,3116425153,CC,36875548,INACTIVO
,Ana Martinez,juanperez@yahoo.com,3022373517,CC,32883524,INACTIVO
62214.0,Sofia Torres,carlosgomez@yahoo.com,3015261192,CC,80782403,ACTIVO
75806.0,Sofia Torres,anamartinez@hotmail.com,3004681207,CC,75545445,SUSPENDIDO
11801.0,Ana Martinez,,3102953096,TI,53990698,ACTIVO
26712.0,Carlos Gomez,juanperez@gmail.com,3022020023,CE,,INACTIVO
8937.0,Sofia Torres,,3016819329,TI,56937459,INACTIVO
21625.0,Carlos Gomez,sofiatorres@hotmail.com,3029409651,CE,50487247,ACTIVO
,Ana Martinez,marialopez@yahoo.com,3005179386,TI,42568751,INACTIVO
76730.0,Carlos Gomez,,3024124109,CE,30323936,SUSPENDIDO
,Juan Perez,sofiatorres@hotmail.com,3115760395,CE,31966749,ACTIVO
99161.0,Maria Lopez,marialopez@hotmail.com,3026792717,CC,57461229,desconocido
43094.0,Juan Perez,marialopez@hotmail.com,abc123,CC,50520553,ACTIVO
28071.0,Luis Rojas,marialopez@gmail.com,3005360717,CC,,SUSPENDIDO
18125.0,Luis Rojas,luisrojas@hotmail.com,abc123,CE,79614513,INACTIVO
19914.0,Maria Lopez,anamartinez@gmail.com,abc123,TI,62869781,INACTIVO
45050.0,Carlos Gomez,luisrojas@yahoo.com,abc123,TI,73568000,SUSPENDIDO
32976.0,Juan Perez,,3024640296,CE,56115078,ACTIVO
38730.0,Sofia Torres,,3027166720,CC,83067549,INACTIVO
33216.0,Sofia Torres,marialopez@hotmail.com,3108800660,CC,,SUSPENDIDO
70091.0,Ana Martinez,luisrojas@yahoo.com,3008798058,TI,67504164,desconocido
70333.0,Juan Perez,marialopez@hotmail.com,3104373766,CE,,SUSPENDIDO
90711.0,Carlos Gomez,luisrojas@hotmail.com,3009299326,CC,84620170,desconocido
20260.0,Sofia Torres,juanperez@yahoo.com,3104293175,TI,57834682,INACTIVO
27694.0,Maria Lopez,juanperez@gmail.com,3015782458,TI,98688865,desconocido
46924.0,Juan Perez,sofiatorres@gmail.com,3108866740,CE,35494465,desconocido
1586.0,Ana Martinez,luisrojas@yahoo.com,abc123,TI,86925165,SUSPENDIDO
,Sofia Torres,marialopez@hotmail.com,3024027607,CE,80584834,ACTIVO
26365.0,Sofia Torres,luisrojas@gmail.com,3101022011,CE,54196044,desconocido
55467.0,Luis Rojas,sofiatorres@hotmail.com,abc123,TI,63758224,ACTIVO
,Juan Perez,anamartinez@gmail.com,3016451194,CC,34357689,ACTIVO
24418.0,Sofia Torres,juanperez@hotmail.com,3001264872,TI,46371280,ACTIVO
49295.0,Carlos Gomez,marialopez@hotmail.com,3018506858,TI,,SUSPENDIDO
21253.0,Carlos Gomez,,3118886335,TI,31497247,INACTIVO
24988.0,Sofia Torres,anamartinez@hotmail.com,abc123,CC,28141962,INACTIVO
95068.0,Maria Lopez,carlosgomez@yahoo.com,3103580588,TI,65090081,SUSPENDIDO
24016.0,Maria Lopez,anamartinez@yahoo.com,3107755198,CE,,INACTIVO
31265.0,Carlos Gomez,anamartinez@yahoo.com,abc123,CE,50906214,ACTIVO
32283.0,Maria Lopez,carlosgomez@gmail.com,3007921411,CE,12586693,INACTIVO
60441.0,Luis Rojas,,3028261278,TI,12715139,ACTIVO
51336.0,Maria Lopez,luisrojas@yahoo.com,3027658354,CC,67036234,desconocido
79235.0,Maria Lopez,luisrojas@hotmail.com,3001854599,TI,,SUSPENDIDO
26709.0,Ana Martinez,,3119331779,CE,43911814,INACTIVO
68595.0,Juan Perez,juanperez@yahoo.com,3006118863,CC,36643840,desconocido
36717.0,Carlos Gomez,,3007190151,TI,58459953,INACTIVO
,Maria Lopez,juanperez@yahoo.com,3119179107,CC,37395961,INACTIVO
23183.0,Sofia Torres,anamartinez@hotmail.com,3103004604,TI,,ACTIVO
,Maria Lopez,marialopez@hotmail.com,3013437264,TI,65735175,ACTIVO
15932.0,Ana Martinez,anamartinez@yahoo.com,abc123,CC,71345401,INACTIVO
20363.0,Carlos Gomez,luisrojas@hotmail.com,3016745998,CC,68485712,desconocido
49180.0,Sofia Torres,marialopez@yahoo.com,3019506270,TI,50411993,desconocido
40054.0,Ana Martinez,anamartinez@hotmail.com,3013850140,CE,74074250,ACTIVO
67901.0,Maria Lopez,juanperez@yahoo.com,3117775239,CE,,SUSPENDIDO
46559.0,Sofia Torres,,3115702673,CC,65335346,SUSPENDIDO
85785.0,Luis Rojas,,3109857096,TI,58912886,ACTIVO
91214.0,Sofia Torres,,3018018551,CC,41606804,INACTIVO
82843.0,Sofia Torres,marialopez@gmail.com,abc123,TI,96441400,INACTIVO
79358.0,Luis Rojas,carlosgomez@hotmail.com,3026367109,TI,,SUSPENDIDO
44010.0,Juan Perez,juanperez@yahoo.com,3119034351,TI,63282191,ACTIVO
80507.0,Maria Lopez,,3112700217,TI,83666222,SUSPENDIDO
,Ana Martinez,marialopez@gmail.com,3103749864,CE,81942807,INACTIVO
,Maria Lopez,luisrojas@yahoo.com,3009435216,TI,73006806,ACTIVO
32671.0,Ana Martinez,anamartinez@hotmail.com,abc123,CE,38409781,SUSPENDIDO
45113.0,Carlos Gomez,luisrojas@hotmail.com,abc123,TI,66163935,INACTIVO
43943.0,Juan Perez,,3103504463,CE,12655178,SUSPENDIDO
63520.0,Juan Perez,,3006545374,TI,48655968,SUSPENDIDO
,Carlos Gomez,carlosgomez@yahoo.com,3019038638,CE,94353361,INACTIVO
55624.0,Luis Rojas,juanperez@hotmail.com,3015602750,CC,,SUSPENDIDO
,Juan Perez,sofiatorres@yahoo.com,3117580979,CE,41083227,SUSPENDIDO
73038.0,Sofia Torres,,3112312189,CE,38241588,SUSPENDIDO
91195.0,Sofia Torres,carlosgomez@hotmail.com,3118036779,CC,91604596,desconocido
59789.0,Carlos Gomez,,3003058814,CC,62672963,SUSPENDIDO
12943.0,Ana Martinez,,3022402708,CC,20855452,SUSPENDIDO
32750.0,Sofia Torres,,3004027610,TI,70260057,ACTIVO
47178.0,Juan Perez,sofiatorres@hotmail.com,abc123,TI,78441444,ACTIVO
65154.0,Maria Lopez,juanperez@yahoo.com,3104092505,CC,,INACTIVO
74516.0,Sofia Torres,luisrojas@yahoo.com,abc123,CC,49512007,SUSPENDIDO
64663.0,Carlos Gomez,luisrojas@hotmail.com,3102114089,TI,,ACTIVO
3286.0,Carlos Gomez,luisrojas@gmail.com,3114938654,CC,18048230,desconocido
33201.0,Ana Martinez,marialopez@hotmail.com,3003491308,CC,,SUSPENDIDO
55959.0,Sofia Torres,,3107032157,CE,40031736,ACTIVO
52870.0,Sofia Torres,,3026492017,CE,24689913,INACTIVO
92118.0,Ana Martinez,marialopez@gmail.com,abc123,CE,48944386,ACTIVO
20221.0,Maria Lopez,carlosgomez@yahoo.com,3114571942,CE,,INACTIVO
81358.0,Sofia Torres,juanperez@yahoo.com,3106777250,CE,56126364,ACTIVO
53884.0,Carlos Gomez,,3101025098,CC,74589814,INACTIVO
64914.0,Luis Rojas,,3117679028,CE,58551014,INACTIVO
,Ana Martinez,marialopez@yahoo.com,3003053867,CE,75704671,ACTIVO
81025.0,Juan Perez,,3105845061,TI,69322746,INACTIVO
85182.0,Luis Rojas,carlosgomez@gmail.com,3016751249,TI,47091774,desconocido
24731.0,Sofia Torres,anamartinez@hotmail.com,3117241834,TI,18673878,SUSPENDIDO
47480.0,Juan Perez,marialopez@gmail.com,3103177908,TI,82016301,desconocido
10244.0,Juan Perez,marialopez@yahoo.com,3113856397,TI,43960477,INACTIVO
9791.0,Ana Martinez,juanperez@hotmail.com,3115712973,CE,72769084,desconocido
42549.0,Juan Perez,anamartinez@gmail.com,3019982819,TI,79845041,INACTIVO
56055.0,Ana Martinez,luisrojas@gmail.com,3107078727,TI,,ACTIVO
17.0,Sofia Torres,anamartinez@gmail.com,3101217267,CE,16007722,desconocido
49520.0,Carlos Gomez,juanperez@gmail.com,3024460272,TI,67899675,desconocido
34408.0,Luis Rojas,,3026975308,TI,84904975,ACTIVO
65690.0,Luis Rojas,anamartinez@gmail.com,abc123,CC,50031327,INACTIVO
27328.0,Luis Rojas,anamartinez@hotmail.com,3116157579,CE,78441605,ACTIVO
58102.0,Ana Martinez,,3103511595,CE,89947833,ACTIVO
16966.0,Ana Martinez,sofiatorres@yahoo.com,3118485918,CC,,INACTIVO
91843.0,Juan Perez,anamartinez@gmail.com,3027627355,CC,22649191,desconocido
57251.0,Luis Rojas,marialopez@gmail.com,abc123,TI,51016269,INACTIVO
78859.0,Carlos Gomez,,3104315430,TI,43864511,SUSPENDIDO
79080.0,Carlos Gomez,juanperez@yahoo.com,3115566573,CC,,ACTIVO
7841.0,Luis Rojas,marialopez@hotmail.com,abc123,CC,12209647,ACTIVO
41447.0,Sofia Torres,marialopez@hotmail.com,3103166585,CC,67826345,SUSPENDIDO
2486.0,Maria Lopez,,3022598971,CE,17702790,ACTIVO
84287.0,Maria Lopez,juanperez@yahoo.com,abc123,CC,17068633,INACTIVO
88976.0,Luis Rojas,marialopez@gmail.com,3115385125,TI,,ACTIVO
51233.0,Luis Rojas,luisrojas@yahoo.com,abc123,CC,41166933,INACTIVO
,Maria Lopez,anamartinez@hotmail.com,3111228569,CC,39833108,ACTIVO
49600.0,Ana Martinez,marialopez@hotmail.com,abc123,CE,99717225,INACTIVO
50327.0,Ana Martinez,anamartinez@yahoo.com,3105798184,CC,93696937,ACTIVO
29375.0,Ana Martinez,marialopez@gmail.com,3026364049,CC,81814311,desconocido
,Carlos Gomez,sofiatorres@gmail.com,3018705167,CC,26080477,SUSPENDIDO
,Sofia Torres,anamartinez@hotmail.com,3102248706,CE,19841471,INACTIVO
,Luis Rojas,juanperez@yahoo.com,3114529906,CE,87627248,SUSPENDIDO
,Ana Martinez,luisrojas@hotmail.com,3104068355,CE,55479602,SUSPENDIDO
,Ana Martinez,carlosgomez@hotmail.com,3105408077,CC,33617055,ACTIVO
65816.0,Luis Rojas,juanperez@hotmail.com,3006227298,CE,58574954,SUSPENDIDO
,Sofia Torres,luisrojas@yahoo.com,3009597287,CE,75345522,INACTIVO
46270.0,Carlos Gomez,,3105263875,CE,41921723,SUSPENDIDO
40215.0,Carlos Gomez,marialopez@gmail.com,3111415393,CE,56699661,ACTIVO
,Luis Rojas,juanperez@gmail.com,3106007404,CE,12178010,INACTIVO
,Sofia Torres,juanperez@yahoo.com,3016574628,TI,31667505,ACTIVO
13537.0,Maria Lopez,,3001955528,CC,90524149,SUSPENDIDO
33079.0,Maria Lopez,marialopez@gmail.com,abc123,CE,52258768,SUSPENDIDO
62418.0,Maria Lopez,sofiatorres@gmail.com,abc123,TI,61712805,ACTIVO
80791.0,Luis Rojas,juanperez@hotmail.com,abc123,CC,68740969,SUSPENDIDO
,Maria Lopez,sofiatorres@gmail.com,3014224526,CE,31168094,INACTIVO
,Sofia Torres,carlosgomez@gmail.com,3016483296,CC,42587589,SUSPENDIDO
,Luis Rojas,luisrojas@yahoo.com,3004671996,TI,22979098,INACTIVO
86843.0,Luis Rojas,anamartinez@gmail.com,abc123,CE,11907984,ACTIVO
24181.0,Juan Perez,juanperez@gmail.com,3028170842,CC,32197493,INACTIVO
2713.0,Ana Martinez,juanperez@hotmail.com,abc123,CC,54080434,INACTIVO
81700.0,Luis Rojas,anamartinez@hotmail.com,3101923777,CE,,ACTIVO
74290.0,Carlos Gomez,,3025262601,CE,91476522,ACTIVO
76581.0,Ana Martinez,marialopez@yahoo.com,3101939516,TI,,ACTIVO
67663.0,Maria Lopez,juanperez@hotmail.com,3021022108,TI,46357367,INACTIVO
28991.0,Maria Lopez,marialopez@yahoo.com,3005847256,TI,,ACTIVO
,Carlos Gomez,juanperez@gmail.com,3108110987,CE,11604394,SUSPENDIDO
4575.0,Luis Rojas,,3007414239,TI,17512861,INACTIVO
9091.0,Sofia Torres,,3015450727,CC,42294593,ACTIVO
71550.0,Sofia Torres,carlosgomez@hotmail.com,3007615671,CC,,ACTIVO
87162.0,Juan Perez,juanperez@yahoo.com,3104185477,CC,,ACTIVO
,Carlos Gomez,marialopez@hotmail.com,3103885559,TI,87742340,INACTIVO
23058.0,Ana Martinez,marialopez@yahoo.com,abc123,CC,10382268,SUSPENDIDO
7497.0,Luis Rojas,luisrojas@hotmail.com,abc123,TI,94243042,ACTIVO
,Sofia Torres,marialopez@hotmail.com,3001179783,CE,22536501,ACTIVO
56419.0,Carlos Gomez,,3015611209,TI,49023533,ACTIVO
,Luis Rojas,juanperez@gmail.com,3025375550,CC,84782883,ACTIVO
71038.0,Sofia Torres,,3114237766,TI,64586739,ACTIVO
7445.0,Juan Perez,juanperez@gmail.com,abc123,TI,95602808,ACTIVO
4136.0,Juan Perez,carlosgomez@hotmail.com,3014595972,TI,,SUSPENDIDO
83940.0,Luis Rojas,luisrojas@hotmail.com,3025743932,CC,18238611,desconocido
31376.0,Carlos Gomez,,3021702817,CE,78259728,SUSPENDIDO
52349.0,Luis Rojas,,3001420933,CE,89724981,SUSPENDIDO
13671.0,Carlos Gomez,anamartinez@yahoo.com,3022163843,CE,,SUSPENDIDO
56431.0,Luis Rojas,anamartinez@yahoo.com,abc123,TI,32822533,ACTIVO
16521.0,Ana Martinez,juanperez@yahoo.com,3103581678,TI,,ACTIVO
82263.0,Maria Lopez,carlosgomez@gmail.com,3023734907,CE,39280795,ACTIVO
23435.0,Luis Rojas,sofiatorres@hotmail.com,3113864496,CC,,ACTIVO
,Sofia Torres,luisrojas@hotmail.com,3117013476,CC,51518674,INACTIVO
4821.0,Juan Perez,marialopez@hotmail.com,3006539575,CE,,SUSPENDIDO
,Juan Perez,luisrojas@yahoo.com,3009738501,CC,37674995,SUSPENDIDO
47253.0,Carlos Gomez,carlosgomez@gmail.com,3119394573,TI,,SUSPENDIDO
,Sofia Torres,marialopez@yahoo.com,3002781654,CC,91938969,INACTIVO
50933.0,Sofia Torres,luisrojas@yahoo.com,abc123,TI,56381145,INACTIVO
,Maria Lopez,sofiatorres@hotmail.com,3107836090,TI,51577645,SUSPENDIDO
86805.0,Carlos Gomez,anamartinez@hotmail.com,abc123,CE,78460402,ACTIVO
82721.0,Maria Lopez,luisrojas@hotmail.com,abc123,CC,92790441,INACTIVO
85965.0,Ana Martinez,carlosgomez@hotmail.com,3023886618,TI,67194758,ACTIVO
,Juan Perez,marialopez@hotmail.com,3012764025,CC,55222234,SUSPENDIDO
,Luis Rojas,marialopez@gmail.com,3006663063,CC,95233468,SUSPENDIDO
28032.0,Carlos Gomez,sofiatorres@hotmail.com,3107534876,CC,,ACTIVO
98012.0,Carlos Gomez,marialopez@gmail.com,abc123,CE,36080535,ACTIVO
62641.0,Maria Lopez,anamartinez@yahoo.com,3022444733,TI,80230996,desconocido
,Carlos Gomez,anamartinez@yahoo.com,3017948487,CE,15978471,INACTIVO
23367.0,Juan Perez,,3104087314,CC,61739340,SUSPENDIDO
48849.0,Ana Martinez,carlosgomez@gmail.com,3111265338,TI,,ACTIVO
82093.0,Carlos Gomez,luisrojas@hotmail.com,3013604123,CC,35394671,desconocido
87069.0,Juan Perez,juanperez@gmail.com,3101043013,CC,22275814,desconocido
13933.0,Maria Lopez,marialopez@gmail.com,3009935379,TI,,INACTIVO
33911.0,Ana Martinez,carlosgomez@gmail.com,3119022622,CC,48618682,desconocido
50565.0,Maria Lopez,,3001582721,CE,96816586,ACTIVO
16107.0,Juan Perez,luisrojas@yahoo.com,3116608757,TI,11289740,ACTIVO
10519.0,Juan Perez,sofiatorres@yahoo.com,3021702098,CC,54058284,SUSPENDIDO
45817.0,Sofia Torres,carlosgomez@yahoo.com,abc123,CC,25900676,SUSPENDIDO
64392.0,Sofia Torres,anamartinez@yahoo.com,3025585857,CE,67816181,desconocido
65721.0,Ana Martinez,luisrojas@yahoo.com,3105420037,TI,,SUSPENDIDO
,Ana Martinez,sofiatorres@hotmail.com,3006072838,CC,81641274,ACTIVO
57880.0,Ana Martinez,anamartinez@gmail.com,abc123,CC,95098726,SUSPENDIDO
,Maria Lopez,anamartinez@gmail.com,3016590844,CC,84593447,SUSPENDIDO
80264.0,Luis Rojas,marialopez@yahoo.com,3022910049,TI,41750440,ACTIVO
3833.0,Sofia Torres,luisrojas@hotmail.com,3023697989,CE,88189931,desconocido
30841.0,Maria Lopez,juanperez@yahoo.com,abc123,TI,30220835,ACTIVO
42678.0,Juan Perez,juanperez@gmail.com,3101173100,CC,44281360,desconocido
74018.0,Juan Perez,carlosgomez@hotmail.com,3012303694,TI,16885447,INACTIVO
83481.0,Ana Martinez,anamartinez@hotmail.com,3001965946,CC,,SUSPENDIDO
,Ana Martinez,sofiatorres@gmail.com,3005056393,CE,20142089,ACTIVO
,Sofia Torres,marialopez@yahoo.com,3002509016,CC,83481476,ACTIVO
19391.0,Carlos Gomez,sofiatorres@yahoo.com,3111308306,TI,53432435,desconocido
79011.0,Ana Martinez,,3109266273,TI,89462617,SUSPENDIDO
77332.0,Carlos Gomez,sofiatorres@yahoo.com,3013878965,CE,,ACTIVO
37470.0,Sofia Torres,sofiatorres@yahoo.com,abc123,TI,76225451,ACTIVO
43111.0,Luis Rojas,,3119522297,CC,41153220,ACTIVO
5008.0,Sofia Torres,anamartinez@gmail.com,3012354829,CE,,SUSPENDIDO
17273.0,Sofia Torres,luisrojas@gmail.com,3116562814,CE,,SUSPENDIDO
24114.0,Juan Perez,,3004401868,CC,27578275,SUSPENDIDO
22088.0,Juan Perez,,3119414331,TI,40238609,SUSPENDIDO
,Sofia Torres,carlosgomez@hotmail.com,3104658077,CC,35092654,SUSPENDIDO
7178.0,Maria Lopez,juanperez@gmail.com,3013705663,CC,,INACTIVO
65772.0,Ana Martinez,juanperez@hotmail.com,3025608534,TI,,ACTIVO
56144.0,Maria Lopez,,3113272807,CC,75281560,ACTIVO
63621.0,Sofia Torres,sofiatorres@yahoo.com,abc123,TI,55574750,SUSPENDIDO
,Ana Martinez,luisrojas@gmail.com,3024566013,CE,29165692,INACTIVO
41961.0,Carlos Gomez,juanperez@yahoo.com,3119837260,TI,68715869,INACTIVO
,Sofia Torres,anamartinez@hotmail.com,3023667559,TI,44182629,SUSPENDIDO
64456.0,Luis Rojas,anamartinez@gmail.com,abc123,CE,11166513,INACTIVO
73263.0,Carlos Gomez,marialopez@gmail.com,3009687575,CE,98750549,desconocido
47774.0,Carlos Gomez,sofiatorres@yahoo.com,abc123,CC,59151683,INACTIVO
9644.0,Juan Perez,luisrojas@yahoo.com,3116009779,CC,,SUSPENDIDO
95210.0,Luis Rojas,luisrojas@hotmail.com,3109184570,CE,42595303,desconocido
48464.0,Luis Rojas,juanperez@gmail.com,3004244169,TI,,ACTIVO
31858.0,Sofia Torres,anamartinez@hotmail.com,3011115618,CC,,ACTIVO
51987.0,Carlos Gomez,,3021181061,CC,71968483,ACTIVO
96355.0,Maria Lopez,,3107685702,CC,20965932,ACTIVO
96616.0,Ana Martinez,juanperez@yahoo.com,3011258494,CE,54760495,ACTIVO
32957.0,Luis Rojas,,3004799273,TI,30039647,INACTIVO
13963.0,Juan Perez,carlosgomez@yahoo.com,3001513382,TI,56072246,desconocido
37961.0,Ana Martinez,marialopez@yahoo.com,abc123,CC,23437551,ACTIVO
,Juan Perez,luisrojas@gmail.com,3024984209,TI,68523422,INACTIVO
81044.0,Sofia Torres,juanperez@gmail.com,3119526531,CC,73653043,SUSPENDIDO
32537.0,Sofia Torres,sofiatorres@hotmail.com,3101687214,CE,78027473,desconocido
,Luis Rojas,sofiatorres@yahoo.com,3023424467,TI,17887409,ACTIVO
,Ana Martinez,carlosgomez@hotmail.com,3025549388,CE,46726767,SUSPENDIDO
,Juan Perez,carlosgomez@hotmail.com,3104443016,CE,65439311,SUSPENDIDO
59379.0,Juan Perez,luisrojas@gmail.com,3003794501,CC,,SUSPENDIDO
98435.0,Sofia Torres,anamartinez@hotmail.com,3003312974,TI,,ACTIVO
77505.0,Carlos Gomez,luisrojas@yahoo.com,3025549369,CC,,INACTIVO
48367.0,Sofia Torres,,3009559919,CC,82946147,SUSPENDIDO
17933.0,Carlos Gomez,carlosgomez@gmail.com,abc123,CE,46504530,SUSPENDIDO
,Juan Perez,marialopez@gmail.com,3001510701,TI,58904297,SUSPENDIDO
55120.0,Luis Rojas,sofiatorres@hotmail.com,3019845074,CC,72024287,SUSPENDIDO
,Juan Perez,juanperez@hotmail.com,3108082195,TI,14827834,SUSPENDIDO
98552.0,Luis Rojas,carlosgomez@gmail.com,3119220372,CC,,INACTIVO
83417.0,Sofia Torres,anamartinez@yahoo.com,3015055056,TI,77324678,INACTIVO
45890.0,Carlos Gomez,sofiatorres@gmail.com,3017820117,TI,14250439,ACTIVO
,Ana Martinez,marialopez@hotmail.com,3001306199,CC,56382425,SUSPENDIDO
36549.0,Sofia Torres,marialopez@yahoo.com,3113740323,CE,,INACTIVO
19275.0,Juan Perez,sofiatorres@hotmail.com,abc123,TI,73916989,SUSPENDIDO
,Carlos Gomez,carlosgomez@yahoo.com,3024561571,TI,21931092,INACTIVO
60861.0,Carlos Gomez,,3108521618,TI,42290096,SUSPENDIDO
47516.0,Ana Martinez,,3006372762,CC,96006327,SUSPENDIDO
,Luis Rojas,luisrojas@hotmail.com,3108101188,CC,22979429,ACTIVO
77455.0,Sofia Torres,juanperez@gmail.com,abc123,TI,25247869,INACTIVO
74161.0,Sofia Torres,carlosgomez@yahoo.com,3025623925,CC,88178832,SUSPENDIDO
4749.0,Maria Lopez,,3003734075,CE,88819486,SUSPENDIDO
30870.0,Sofia Torres,,3019579397,CC,19374279,INACTIVO
12395.0,Luis Rojas,juanperez@yahoo.com,3012149139,TI,,SUSPENDIDO
35513.0,Sofia Torres,sofiatorres@hotmail.com,3101992518,CC,,INACTIVO
8082.0,Ana Martinez,marialopez@hotmail.com,3107290893,CC,64578548,desconocido
,Maria Lopez,sofiatorres@yahoo.com,3016370285,CE,82469670,INACTIVO
59768.0,Sofia Torres,carlosgomez@gmail.com,abc123,CE,30451983,ACTIVO
,Juan Perez,anamartinez@gmail.com,3008493652,TI,78491277,SUSPENDIDO
9590.0,Carlos Gomez,,3022918385,CE,51088492,SUSPENDIDO
16107.0,Luis Rojas,sofiatorres@hotmail.com,3007525650,CC,49952138,desconocido
19893.0,Luis Rojas,marialopez@hotmail.com,3006689554,CC,76372480,desconocido
77867.0,Luis Rojas,anamartinez@yahoo.com,3015342423,TI,42249098,ACTIVO
78008.0,Maria Lopez,,3114366113,TI,95972658,ACTIVO
63477.0,Maria Lopez,juanperez@gmail.com,3103795099,CC,,SUSPENDIDO
22158.0,Maria Lopez,juanperez@gmail.com,3025607618,TI,88125808,desconocido
46692.0,Ana Martinez,anamartinez@yahoo.com,3104047311,CC,,ACTIVO
42478.0,Maria Lopez,luisrojas@gmail.com,3119904905,CE,,ACTIVO
,Maria Lopez,anamartinez@yahoo.com,3103670255,CC,91691532,INACTIVO
4129.0,Maria Lopez,carlosgomez@gmail.com,3015447194,CE,,SUSPENDIDO
31711.0,Juan Perez,,3026273950,CE,15009977,INACTIVO
94378.0,Maria Lopez,sofiatorres@gmail.com,3004952258,TI,,INACTIVO
62605.0,Sofia Torres,carlosgomez@gmail.com,3115507859,TI,80480549,ACTIVO
44409.0,Sofia Torres,sofiatorres@yahoo.com,3011627071,TI,97610430,desconocido
,Ana Martinez,carlosgomez@yahoo.com,3024468998,CC,84392212,INACTIVO
,Luis Rojas,marialopez@gmail.com,3002614131,CC,92428163,ACTIVO
66748.0,Carlos Gomez,juanperez@hotmail.com,3004232532,CE,,INACTIVO
71801.0,Carlos Gomez,luisrojas@gmail.com,3023260408,TI,,SUSPENDIDO
20033.0,Juan Perez,,3103616865,CC,94871181,SUSPENDIDO
58776.0,Juan Perez,,3024165149,CE,82896580,ACTIVO
45894.0,Ana Martinez,juanperez@gmail.com,abc123,CC,68508431,SUSPENDIDO
52351.0,Sofia Torres,,3019381136,CC,38700610,ACTIVO
8087.0,Sofia Torres,sofiatorres@gmail.com,abc123,TI,97589953,SUSPENDIDO
52131.0,Carlos Gomez,,3118960556,CC,86221733,ACTIVO
18495.0,Maria Lopez,carlosgomez@hotmail.com,abc123,CC,77120279,INACTIVO
35116.0,Luis Rojas,marialopez@yahoo.com,3025673651,TI,,ACTIVO
77508.0,Juan Perez,,3104429121,CE,69722878,SUSPENDIDO
,Carlos Gomez,carlosgomez@yahoo.com,3104526636,CE,82032180,INACTIVO
59041.0,Carlos Gomez,marialopez@hotmail.com,3101041082,CE,63272782,desconocido
,Sofia Torres,sofiatorres@hotmail.com,3009689984,CE,34035439,INACTIVO
86534.0,Carlos Gomez,anamartinez@hotmail.com,abc123,CE,62197487,INACTIVO
,Sofia Torres,carlosgomez@yahoo.com,3008444742,CC,46264771,SUSPENDIDO
,Carlos Gomez,anamartinez@gmail.com,3012864591,CC,51336361,ACTIVO
57166.0,Ana Martinez,,3021897615,CE,97967686,SUSPENDIDO
75699.0,Ana Martinez,,3007362697,CE,90508909,ACTIVO
39256.0,Carlos Gomez,,3008822799,TI,46126128,INACTIVO
13781.0,Sofia Torres,anamartinez@gmail.com,3118533077,CC,,INACTIVO
70463.0,Luis Rojas,sofiatorres@yahoo.com,abc123,CC,60715107,SUSPENDIDO
,Juan Perez,luisrojas@yahoo.com,3112352590,CE,45610754,SUSPENDIDO
94641.0,Luis Rojas,sofiatorres@yahoo.com,abc123,CC,29182503,INACTIVO
42929.0,Ana Martinez,juanperez@yahoo.com,3102831407,TI,68065801,SUSPENDIDO
11303.0,Maria Lopez,marialopez@yahoo.com,abc123,TI,76717338,SUSPENDIDO
,Carlos Gomez,sofiatorres@hotmail.com,3012527985,CE,71181905,ACTIVO
,Carlos Gomez,marialopez@hotmail.com,3028787939,CE,12531928,INACTIVO
59305.0,Luis Rojas,luisrojas@yahoo.com,abc123,CE,48023978,ACTIVO
,Carlos Gomez,carlosgomez@yahoo.com,3011676507,CE,66550632,INACTIVO
,Luis Rojas,marialopez@yahoo.com,3116063373,CE,35313530,SUSPENDIDO
38773.0,Luis Rojas,sofiatorres@gmail.com,abc123,CC,56386365,INACTIVO
68350.0,Sofia Torres,luisrojas@yahoo.com,3018770083,CE,10985825,ACTIVO
46737.0,Luis Rojas,,3019311562,CE,56326339,INACTIVO
50382.0,Luis Rojas,juanperez@yahoo.com,3007684764,CE,19059410,INACTIVO
51364.0,Juan Perez,,3009589763,CC,24135311,ACTIVO
49337.0,Sofia Torres,anamartinez@hotmail.com,3016168451,TI,95447474,desconocido
38693.0,Luis Rojas,anamartinez@hotmail.com,3108018209,TI,,INACTIVO
,Luis Rojas,luisrojas@yahoo.com,3105111217,TI,20620069,INACTIVO
,Luis Rojas,marialopez@hotmail.com,3012418481,TI,48393245,INACTIVO
64073.0,Maria Lopez,marialopez@hotmail.com,3029997698,TI,,ACTIVO
84136.0,Ana Martinez,marialopez@gmail.com,3015647022,CC,,ACTIVO
80750.0,Ana Martinez,anamartinez@yahoo.com,abc123,CE,32608115,SUSPENDIDO
,Maria Lopez,marialopez@hotmail.com,3023265952,TI,54644826,SUSPENDIDO
11147.0,Maria Lopez,anamartinez@gmail.com,3008907104,CC,,SUSPENDIDO
66939.0,Juan Perez,sofiatorres@yahoo.com,3117829357,CC,,SUSPENDIDO
62468.0,Maria Lopez,sofiatorres@hotmail.com,abc123,TI,70431122,SUSPENDIDO
75765.0,Carlos Gomez,luisrojas@hotmail.com,abc123,CE,27061279,SUSPENDIDO
,Sofia Torres,marialopez@hotmail.com,3005142975,CE,23870646,SUSPENDIDO
85812.0,Carlos Gomez,juanperez@gmail.com,3012109784,TI,19954345,INACTIVO
92823.0,Ana Martinez,carlosgomez@gmail.com,3029070452,CC,45944074,ACTIVO
,Maria Lopez,anamartinez@yahoo.com,3021587300,TI,37058524,SUSPENDIDO
84369.0,Juan Perez,marialopez@gmail.com,3005677780,CE,70050392,desconocido
5775.0,Carlos Gomez,,3024801108,CE,34069897,ACTIVO
,Sofia Torres,carlosgomez@gmail.com,3002005149,TI,57051171,ACTIVO
85838.0,Carlos Gomez,sofiatorres@hotmail.com,abc123,CC,72401664,SUSPENDIDO
19934.0,Maria Lopez,,3115460373,CE,46412589,INACTIVO
61929.0,Sofia Torres,carlosgomez@gmail.com,abc123,TI,76177874,INACTIVO
96857.0,Luis Rojas,juanperez@hotmail.com,abc123,CC,13870471,ACTIVO
78958.0,Ana Martinez,juanperez@hotmail.com,3025559149,TI,,SUSPENDIDO
26572.0,Sofia Torres,luisrojas@yahoo.com,3007256806,CE,,INACTIVO
47621.0,Sofia Torres,carlosgomez@hotmail.com,abc123,TI,72993416,SUSPENDIDO
,Carlos Gomez,sofiatorres@gmail.com,3009881696,CC,32868420,SUSPENDIDO
81481.0,Luis Rojas,juanperez@yahoo.com,abc123,CE,33947948,INACTIVO
71802.0,Sofia Torres,,3016825823,CE,60333747,INACTIVO
5013.0,Sofia Torres,,3028383488,TI,27051909,INACTIVO
84448.0,Juan Perez,carlosgomez@hotmail.com,3018768323,TI,,INACTIVO
69374.0,Sofia Torres,,3107525220,TI,82918792,SUSPENDIDO
77352.0,Ana Martinez,anamartinez@gmail.com,3004691363,TI,,INACTIVO
81064.0,Ana Martinez,carlosgomez@hotmail.com,3022143300,CC,87841962,SUSPENDIDO
89832.0,Ana Martinez,anamartinez@yahoo.com,abc123,CE,52622314,INACTIVO
,Luis Rojas,juanperez@hotmail.com,3015249709,CE,40466238,SUSPENDIDO
49822.0,Luis Rojas,,3018052071,CC,55404138,ACTIVO
90045.0,Carlos Gomez,sofiatorres@yahoo.com,abc123,CC,15810278,SUSPENDIDO
41462.0,Ana Martinez,carlosgomez@yahoo.com,3112673434,CC,41081572,INACTIVO
,Sofia Torres,carlosgomez@yahoo.com,3101301704,CE,68730727,ACTIVO
11033.0,Maria Lopez,,3114526075,TI,63759540,SUSPENDIDO
83402.0,Luis Rojas,juanperez@hotmail.com,abc123,CE,19057950,ACTIVO
29085.0,Carlos Gomez,,3001768546,TI,63316546,ACTIVO
,Ana Martinez,sofiatorres@yahoo.com,3029074667,TI,38896805,ACTIVO
28016.0,Juan Perez,,3024371883,TI,38282625,INACTIVO
70126.0,Ana Martinez,,3008844119,CC,78424600,INACTIVO
45710.0,Maria Lopez,sofiatorres@gmail.com,abc123,TI,30574055,INACTIVO
,Juan Perez,sofiatorres@yahoo.com,3105718555,CC,21592373,INACTIVO
,Ana Martinez,sofiatorres@hotmail.com,3101476590,CE,20267659,ACTIVO
30396.0,Luis Rojas,luisrojas@yahoo.com,3025969570,TI,58149373,desconocido
24881.0,Luis Rojas,carlosgomez@hotmail.com,abc123,CE,34852444,SUSPENDIDO
,Sofia Torres,anamartinez@gmail.com,3115291536,CC,17633427,INACTIVO
67562.0,Sofia Torres,sofiatorres@yahoo.com,3024769411,CE,,SUSPENDIDO
75913.0,Ana Martinez,,3015502133,TI,41939404,INACTIVO
94689.0,Sofia Torres,anamartinez@yahoo.com,3009183048,CC,,ACTIVO
,Luis Rojas,carlosgomez@gmail.com,3013055833,TI,91925798,ACTIVO
,Luis Rojas,anamartinez@gmail.com,3107557773,CE,18092137,INACTIVO
96108.0,Juan Perez,anamartinez@hotmail.com,3105320008,TI,44228655,desconocido
20221.0,Luis Rojas,sofiatorres@gmail.com,3117185898,TI,,INACTIVO
40048.0,Luis Rojas,,3015788305,TI,31208599,SUSPENDIDO
62822.0,Luis Rojas,juanperez@hotmail.com,3113329416,TI,,ACTIVO
,Maria Lopez,carlosgomez@hotmail.com,3117296609,CE,34288092,SUSPENDIDO
1758.0,Sofia Torres,,3003403394,CE,66924429,ACTIVO
984.0,Luis Rojas,luisrojas@hotmail.com,3119267504,CC,95299958,SUSPENDIDO
,Sofia Torres,anamartinez@gmail.com,3027820488,CE,99168029,SUSPENDIDO
,Sofia Torres,carlosgomez@hotmail.com,3115516637,TI,55852214,INACTIVO
23095.0,Ana Martinez,luisrojas@yahoo.com,3109425161,CC,24922961,desconocido
21523.0,Luis Rojas,sofiatorres@yahoo.com,abc123,CE,62361836,ACTIVO
69745.0,Carlos Gomez,anamartinez@gmail.com,3019647910,CC,90719180,ACTIVO
61538.0,Maria Lopez,,3103370339,CE,81300961,SUSPENDIDO
87374.0,Sofia Torres,juanperez@yahoo.com,3114588278,CE,77989786,INACTIVO
19564.0,Juan Perez,,3016694920,CC,85092509,SUSPENDIDO
12725.0,Carlos Gomez,juanperez@yahoo.com,3113478717,TI,19978146,desconocido
,Maria Lopez,juanperez@yahoo.com,3021963959,CE,27066423,INACTIVO
30088.0,Maria Lopez,luisrojas@gmail.com,3102735262,TI,91110776,ACTIVO
97524.0,Carlos Gomez,,3107843606,CE,31430595,ACTIVO
81681.0,Maria Lopez,marialopez@yahoo.com,3105752071,TI,,ACTIVO
64448.0,Juan Perez,anamartinez@yahoo.com,abc123,TI,79996124,SUSPENDIDO
,Ana Martinez,luisrojas@gmail.com,3119956820,CC,83147161,INACTIVO
92355.0,Carlos Gomez,,3116646236,TI,66258965,INACTIVO
,Luis Rojas,sofiatorres@yahoo.com,3017142796,TI,53249278,SUSPENDIDO
39095.0,Maria Lopez,,3002297812,CE,25197619,INACTIVO
33162.0,Luis Rojas,marialopez@gmail.com,abc123,CE,51813990,INACTIVO
49653.0,Juan Perez,juanperez@hotmail.com,abc123,CE,74495354,SUSPENDIDO
,Ana Martinez,carlosgomez@gmail.com,3114773315,CC,12851294,INACTIVO
64753.0,Maria Lopez,,3111855379,CC,48066584,ACTIVO
14455.0,Carlos Gomez,,3024871137,CC,95130298,SUSPENDIDO
37927.0,Juan Perez,sofiatorres@hotmail.com,3013418331,CE,,INACTIVO
76297.0,Ana Martinez,,3111644573,TI,96097162,INACTIVO
,Juan Perez,juanperez@gmail.com,3028641548,CC,60052775,SUSPENDIDO
,Juan Perez,juanperez@hotmail.com,3007134804,CE,58175850,ACTIVO
52987.0,Carlos Gomez,marialopez@yahoo.com,abc123,CC,36736726,ACTIVO
54879.0,Luis Rojas,,3118685102,CC,48037504,SUSPENDIDO
70201.0,Ana Martinez,juanperez@yahoo.com,abc123,CC,28552898,INACTIVO
49577.0,Juan Perez,sofiatorres@gmail.com,3104565697,CC,,ACTIVO
,Maria Lopez,carlosgomez@hotmail.com,3106083157,CE,13320416,INACTIVO
41346.0,Maria Lopez,,3001910599,CC,42855212,ACTIVO
69699.0,Juan Perez,,3005947763,CE,27797235,SUSPENDIDO
38423.0,Luis Rojas,luisrojas@hotmail.com,3002938103,TI,,INACTIVO
34228.0,Carlos Gomez,carlosgomez@gmail.com,3025313534,CC,14209389,desconocido
50833.0,Maria Lopez,,3006064913,CE,81570800,SUSPENDIDO
39977.0,Ana Martinez,carlosgomez@yahoo.com,abc123,TI,65120195,SUSPENDIDO
21330.0,Luis Rojas,carlosgomez@yahoo.com,3021034592,CC,,SUSPENDIDO
38691.0,Juan Perez,luisrojas@yahoo.com,abc123,TI,80284516,ACTIVO
99562.0,Luis Rojas,anamartinez@hotmail.com,3114345078,CC,12451380,desconocido
73569.0,Luis Rojas,,3016267378,TI,37783021,INACTIVO
47749.0,Carlos Gomez,juanperez@gmail.com,abc123,CC,46769994,SUSPENDIDO
69152.0,Sofia Torres,,3102560946,TI,23057053,SUSPENDIDO
353.0,Ana Martinez,luisrojas@gmail.com,3019499380,CE,75859015,desconocido
66055.0,Maria Lopez,,3116796191,CE,58550277,SUSPENDIDO
,Maria Lopez,anamartinez@gmail.com,3004918421,TI,18433285,INACTIVO
81915.0,Juan Perez,marialopez@hotmail.com,abc123,TI,41204822,SUSPENDIDO
,Maria Lopez,juanperez@hotmail.com,3109913103,CC,38632999,SUSPENDIDO
,Carlos Gomez,anamartinez@gmail.com,3007336051,TI,42090318,INACTIVO
94206.0,Luis Rojas,luisrojas@hotmail.com,3112875094,TI,,ACTIVO
75121.0,Ana Martinez,juanperez@yahoo.com,abc123,CE,38164193,ACTIVO
64450.0,Juan Perez,anamartinez@hotmail.com,3111758697,TI,,SUSPENDIDO
34039.0,Carlos Gomez,anamartinez@gmail.com,abc123,CC,63016815,SUSPENDIDO
,Carlos Gomez,marialopez@gmail.com,3016053353,TI,94047124,SUSPENDIDO
79370.0,Juan Perez,juanperez@hotmail.com,abc123,TI,38129569,INACTIVO
58584.0,Carlos Gomez,anamartinez@yahoo.com,3024733816,CE,,INACTIVO
83801.0,Juan Perez,juanperez@hotmail.com,3005279620,CC,35195232,INACTIVO
56451.0,Sofia Torres,sofiatorres@hotmail.com,3008386217,TI,,ACTIVO
83837.0,Sofia Torres,carlosgomez@yahoo.com,3103447579,CE,,SUSPENDIDO
,Ana Martinez,sofiatorres@yahoo.com,3102928825,CE,98964787,INACTIVO
25097.0,Carlos Gomez,,3111657512,CC,17369611,SUSPENDIDO
13779.0,Sofia Torres,,3102965014,TI,93626449,INACTIVO
48717.0,Luis Rojas,,3018947971,CC,53570812,SUSPENDIDO
60574.0,Ana Martinez,carlosgomez@hotmail.com,3023490125,CE,85688191,SUSPENDIDO
22390.0,Ana Martinez,marialopez@yahoo.com,3009654022,TI,25559972,desconocido
6206.0,Luis Rojas,carlosgomez@gmail.com,3106828984,TI,87129393,desconocido
79251.0,Carlos Gomez,carlosgomez@yahoo.com,3005511751,CC,92373752,SUSPENDIDO
,Sofia Torres,luisrojas@hotmail.com,3105850865,TI,68261093,ACTIVO
75151.0,Juan Perez,carlosgomez@hotmail.com,3107894144,CE,43527950,desconocido
37997.0,Carlos Gomez,carlosgomez@yahoo.com,abc123,CC,58757372,INACTIVO
16119.0,Juan Perez,carlosgomez@yahoo.com,3111007854,TI,47068725,desconocido
11340.0,Sofia Torres,anamartinez@yahoo.com,3002416208,CC,,ACTIVO
79898.0,Carlos Gomez,luisrojas@yahoo.com,abc123,CC,28326965,ACTIVO
86513.0,Juan Perez,luisrojas@gmail.com,abc123,CE,45228681,SUSPENDIDO
,Luis Rojas,anamartinez@gmail.com,3012575879,CE,35929036,INACTIVO
40901.0,Luis Rojas,,3016453852,CC,84890729,INACTIVO
,Carlos Gomez,anamartinez@hotmail.com,3025673237,CE,67267422,INACTIVO
37784.0,Carlos Gomez,juanperez@yahoo.com,3109808453,CE,59038849,desconocido
40731.0,Juan Perez,anamartinez@yahoo.com,3016386613,CC,48551996,desconocido
84322.0,Maria Lopez,,3026237458,CE,15356738,SUSPENDIDO
6698.0,Luis Rojas,,3105179488,CE,92013470,SUSPENDIDO
21745.0,Carlos Gomez,luisrojas@gmail.com,3022932253,TI,90232616,desconocido
,Sofia Torres,carlosgomez@yahoo.com,3104172754,TI,32367840,INACTIVO
99763.0,Juan Perez,sofiatorres@hotmail.com,abc123,CC,29039584,ACTIVO
29179.0,Maria Lopez,carlosgomez@yahoo.com,abc123,CE,21767262,SUSPENDIDO
19012.0,Juan Perez,luisrojas@hotmail.com,3003358149,CE,45696530,desconocido
23521.0,Ana Martinez,juanperez@yahoo.com,3022291307,CC,48701039,ACTIVO
62525.0,Sofia Torres,,3013194893,CE,35141416,INACTIVO
12064.0,Sofia Torres,,3104896164,TI,95416700,INACTIVO
34735.0,Maria Lopez,anamartinez@hotmail.com,3023400541,TI,,INACTIVO
,Luis Rojas,anamartinez@hotmail.com,3117353794,CC,44587580,INACTIVO
,Carlos Gomez,marialopez@gmail.com,3023735312,CC,60124988,INACTIVO
69540.0,Juan Perez,sofiatorres@yahoo.com,3028941934,TI,,ACTIVO
,Maria Lopez,anamartinez@yahoo.com,3103121774,CC,66425746,INACTIVO
73114.0,Ana Martinez,,3001168997,TI,73002140,SUSPENDIDO
99032.0,Juan Perez,sofiatorres@yahoo.com,abc123,TI,80712991,INACTIVO
57501.0,Carlos Gomez,carlosgomez@yahoo.com,3012772402,CC,,INACTIVO
28492.0,Ana Martinez,,3109153971,CC,84401895,ACTIVO
55885.0,Ana Martinez,anamartinez@hotmail.com,abc123,CE,83602154,INACTIVO
416.0,Carlos Gomez,sofiatorres@yahoo.com,abc123,CC,87573453,SUSPENDIDO
20816.0,Maria Lopez,carlosgomez@hotmail.com,3015314864,CC,61785103,desconocido
53030.0,Luis Rojas,marialopez@hotmail.com,3111548944,CE,,ACTIVO
23636.0,Ana Martinez,,3105432165,CE,70153033,INACTIVO
22905.0,Sofia Torres,sofiatorres@hotmail.com,3105889275,TI,,INACTIVO
18610.0,Juan Perez,luisrojas@yahoo.com,3102385226,TI,27183828,SUSPENDIDO
5454.0,Ana Martinez,juanperez@hotmail.com,abc123,CC,73141172,SUSPENDIDO
39548.0,Carlos Gomez,carlosgomez@yahoo.com,3117524102,TI,,SUSPENDIDO
18663.0,Ana Martinez,marialopez@hotmail.com,3019059032,TI,48360203,ACTIVO
2615.0,Sofia Torres,luisrojas@hotmail.com,3017137201,CE,,SUSPENDIDO
99044.0,Maria Lopez,juanperez@hotmail.com,abc123,CE,32885585,INACTIVO
,Carlos Gomez,carlosgomez@yahoo.com,3025501561,CC,73713590,SUSPENDIDO
11596.0,Ana Martinez,,3109722625,CE,67409221,INACTIVO
79553.0,Luis Rojas,anamartinez@hotmail.com,3102119999,TI,,INACTIVO
71249.0,Juan Perez,anamartinez@hotmail.com,3016880156,CC,,INACTIVO
65371.0,Luis Rojas,juanperez@hotmail.com,abc123,CE,22050508,ACTIVO
26805.0,Carlos Gomez,luisrojas@hotmail.com,abc123,CE,45868336,INACTIVO
,Ana Martinez,carlosgomez@gmail.com,3111118995,TI,95707195,INACTIVO
11941.0,Carlos Gomez,luisrojas@hotmail.com,abc123,CE,41306668,ACTIVO
88682.0,Maria Lopez,anamartinez@yahoo.com,abc123,TI,59603201,INACTIVO
,Carlos Gomez,sofiatorres@yahoo.com,3014498250,CE,62025741,INACTIVO
29525.0,Ana Martinez,anamartinez@yahoo.com,abc123,CE,19205766,INACTIVO
66835.0,Luis Rojas,luisrojas@yahoo.com,3008169773,CE,62434120,desconocido
99399.0,Maria Lopez,luisrojas@yahoo.com,3105511165,CE,58544666,INACTIVO
,Ana Martinez,carlosgomez@hotmail.com,3116900704,TI,91904830,SUSPENDIDO
,Luis Rojas,sofiatorres@gmail.com,3115776364,CC,46128527,INACTIVO
55627.0,Ana Martinez,,3008494264,TI,70753970,ACTIVO
47567.0,Sofia Torres,luisrojas@hotmail.com,abc123,CC,98966523,ACTIVO
91002.0,Maria Lopez,carlosgomez@yahoo.com,abc123,TI,18321546,INACTIVO
,Juan Perez,anamartinez@gmail.com,3004242038,TI,89043276,ACTIVO
49904.0,Ana Martinez,sofiatorres@gmail.com,abc123,TI,91042923,SUSPENDIDO
3489.0,Carlos Gomez,,3103052832,CE,60826247,SUSPENDIDO
96513.0,Juan Perez,,3002047467,TI,51165960,INACTIVO
66353.0,Juan Perez,,3011671744,CC,90004558,INACTIVO
17703.0,Carlos Gomez,juanperez@yahoo.com,3106064023,TI,21031282,desconocido
41179.0,Sofia Torres,sofiatorres@yahoo.com,abc123,TI,71218196,ACTIVO
32218.0,Ana Martinez,luisrojas@gmail.com,abc123,CC,54304694,ACTIVO
54937.0,Ana Martinez,sofiatorres@gmail.com,3107732124,TI,10664132,INACTIVO
91989.0,Maria Lopez,,3013808816,CC,16001095,INACTIVO
34630.0,Carlos Gomez,marialopez@hotmail.com,3101463485,CC,,SUSPENDIDO
80648.0,Juan Perez,anamartinez@gmail.com,3101962161,TI,,INACTIVO
65279.0,Ana Martinez,,3107431661,CE,94624470,SUSPENDIDO
54679.0,Juan Perez,marialopez@hotmail.com,3004168506,CC,52732016,ACTIVO
49808.0,Juan Perez,juanperez@gmail.com,3119772836,CC,71375267,INACTIVO
70515.0,Luis Rojas,carlosgomez@yahoo.com,3014697621,CC,80756439,ACTIVO
4188.0,Luis Rojas,marialopez@gmail.com,3109502299,CC,48553942,INACTIVO
54181.0,Luis Rojas,sofiatorres@yahoo.com,3109397946,TI,,SUSPENDIDO
29944.0,Maria Lopez,sofiatorres@hotmail.com,3015961665,CE,,ACTIVO
22658.0,Juan Perez,,3016120981,CC,84853020,INACTIVO
60517.0,Luis Rojas,anamartinez@gmail.com,3018408283,CE,68295469,ACTIVO
12946.0,Maria Lopez,anamartinez@yahoo.com,3116951401,CE,,SUSPENDIDO
,Carlos Gomez,carlosgomez@yahoo.com,3002871191,CC,77631490,SUSPENDIDO
37744.0,Carlos Gomez,anamartinez@gmail.com,3011412339,CC,,INACTIVO
30025.0,Carlos Gomez,carlosgomez@hotmail.com,3027035816,CC,,SUSPENDIDO
24767.0,Sofia Torres,,3001071980,CE,81290476,ACTIVO
72421.0,Ana Martinez,marialopez@gmail.com,abc123,CE,15261761,ACTIVO
42599.0,Maria Lopez,marialopez@hotmail.com,abc123,CE,23052673,ACTIVO
8417.0,Luis Rojas,sofiatorres@gmail.com,3012027078,CC,94925665,desconocido
75034.0,Juan Perez,,3023059011,CC,44710546,ACTIVO
15693.0,Juan Perez,,3025301926,CE,61334216,ACTIVO
49535.0,Luis Rojas,carlosgomez@yahoo.com,3011423455,TI,40115175,desconocido
29343.0,Maria Lopez,luisrojas@hotmail.com,3025641430,TI,26088313,desconocido
33850.0,Carlos Gomez,carlosgomez@yahoo.com,3023634715,CC,52712274,ACTIVO
53101.0,Carlos Gomez,juanperez@gmail.com,3107466094,CE,,SUSPENDIDO
78122.0,Juan Perez,juanperez@hotmail.com,3026282339,CC,49969279,SUSPENDIDO
76514.0,Sofia Torres,anamartinez@gmail.com,abc123,CE,61777976,INACTIVO
,Maria Lopez,anamartinez@yahoo.com,3028117917,TI,65385463,INACTIVO
24938.0,Carlos Gomez,,3103770928,CE,66767540,SUSPENDIDO
97684.0,Juan Perez,marialopez@yahoo.com,abc123,TI,29053355,ACTIVO
,Luis Rojas,juanperez@gmail.com,3019765164,CE,71791569,ACTIVO
,Maria Lopez,carlosgomez@hotmail.com,3021052415,CE,50338160,INACTIVO
29680.0,Maria Lopez,,3027077217,CE,33013548,ACTIVO
28430.0,Ana Martinez,juanperez@hotmail.com,3111173430,CE,51633941,ACTIVO
69333.0,Sofia Torres,sofiatorres@gmail.com,3007556932,CE,62291454,desconocido
,Luis Rojas,juanperez@yahoo.com,3012702612,CE,57826012,INACTIVO
,Sofia Torres,luisrojas@gmail.com,3019499002,CC,44333256,ACTIVO
94191.0,Sofia Torres,luisrojas@gmail.com,abc123,CE,84534888,INACTIVO
24574.0,Luis Rojas,anamartinez@yahoo.com,abc123,CE,31224158,SUSPENDIDO
85346.0,Luis Rojas,sofiatorres@yahoo.com,abc123,TI,64467644,SUSPENDIDO
,Sofia Torres,anamartinez@hotmail.com,3012665689,CC,29337978,INACTIVO
63592.0,Sofia Torres,marialopez@yahoo.com,3107744862,CE,,ACTIVO
57167.0,Ana Martinez,juanperez@yahoo.com,3007658004,TI,53522586,desconocido
8755.0,Carlos Gomez,juanperez@hotmail.com,3118911533,CE,,SUSPENDIDO
68364.0,Sofia Torres,,3021441430,CE,60337022,SUSPENDIDO
,Sofia Torres,sofiatorres@hotmail.com,3106640273,CC,24199542,INACTIVO
,Ana Martinez,sofiatorres@hotmail.com,3026025355,CE,67310347,SUSPENDIDO
17096.0,Carlos Gomez,anamartinez@yahoo.com,abc123,CE,27207926,ACTIVO
,Luis Rojas,marialopez@hotmail.com,3013428822,TI,36316531,ACTIVO
40533.0,Sofia Torres,juanperez@gmail.com,3029997835,CE,,SUSPENDIDO
82208.0,Maria Lopez,juanperez@gmail.com,3101945259,CC,,SUSPENDIDO
2717.0,Maria Lopez,luisrojas@yahoo.com,3116152873,TI,15252846,desconocido
15989.0,Luis Rojas,anamartinez@yahoo.com,3115736409,CC,,ACTIVO
65218.0,Juan Perez,,3111206706,CC,16895260,SUSPENDIDO
79612.0,Ana Martinez,sofiatorres@hotmail.com,abc123,TI,28065771,INACTIVO
56269.0,Maria Lopez,luisrojas@gmail.com,3106569773,TI,,INACTIVO
59968.0,Luis Rojas,carlosgomez@hotmail.com,abc123,CE,60129953,ACTIVO
926.0,Sofia Torres,luisrojas@hotmail.com,3105041074,CC,,SUSPENDIDO
21766.0,Ana Martinez,anamartinez@gmail.com,3115360315,CE,,INACTIVO
62413.0,Carlos Gomez,marialopez@gmail.com,3001870623,CE,,SUSPENDIDO
47808.0,Ana Martinez,,3026770834,TI,81720847,INACTIVO
44691.0,Sofia Torres,carlosgomez@yahoo.com,abc123,TI,29171061,INACTIVO
88427.0,Ana Martinez,sofiatorres@hotmail.com,abc123,CE,50448776,INACTIVO
86976.0,Sofia Torres,carlosgomez@hotmail.com,abc123,TI,65285985,SUSPENDIDO
,Sofia Torres,sofiatorres@gmail.com,3023994906,CC,39348418,INACTIVO
72364.0,Juan Perez,carlosgomez@gmail.com,abc123,CE,11322637,SUSPENDIDO
,Ana Martinez,marialopez@yahoo.com,3015978526,CC,25141652,ACTIVO
85924.0,Maria Lopez,,3013766982,CE,17338732,INACTIVO
,Carlos Gomez,carlosgomez@hotmail.com,3003775917,CE,37177652,ACTIVO
32063.0,Ana Martinez,,3107193147,CC,50170759,SUSPENDIDO
,Maria Lopez,carlosgomez@gmail.com,3016539836,CC,39770378,ACTIVO
,Luis Rojas,luisrojas@hotmail.com,3108069795,TI,72690729,ACTIVO
90120.0,Carlos Gomez,,3119980345,CE,91924802,ACTIVO
77854.0,Luis Rojas,,3008754073,CC,62033774,ACTIVO
17385.0,Sofia Torres,luisrojas@yahoo.com,3028342884,CC,,SUSPENDIDO
2736.0,Carlos Gomez,juanperez@yahoo.com,abc123,CE,90776452,SUSPENDIDO
12580.0,Juan Perez,carlosgomez@hotmail.com,3024306254,CC,,ACTIVO
96327.0,Maria Lopez,sofiatorres@yahoo.com,3019183614,TI,,INACTIVO
,Ana Martinez,sofiatorres@hotmail.com,3027547234,TI,44233532,ACTIVO
85061.0,Carlos Gomez,,3109515865,TI,41926406,ACTIVO
96816.0,Maria Lopez,luisrojas@yahoo.com,abc123,CC,60514687,ACTIVO
28185.0,Luis Rojas,,3006888342,CC,48474571,ACTIVO
55339.0,Carlos Gomez,marialopez@hotmail.com,3118566992,CE,,ACTIVO
84194.0,Sofia Torres,anamartinez@yahoo.com,abc123,TI,81664275,SUSPENDIDO
,Carlos Gomez,carlosgomez@hotmail.com,3012267741,CC,25194297,INACTIVO
57478.0,Sofia Torres,juanperez@yahoo.com,3117194525,TI,10037200,SUSPENDIDO
38932.0,Juan Perez,marialopez@yahoo.com,3117576364,CE,50244118,ACTIVO
9616.0,Carlos Gomez,,3023324904,CE,20869861,INACTIVO
36928.0,Luis Rojas,,3111165997,TI,34721718,ACTIVO
43654.0,Juan Perez,luisrojas@hotmail.com,abc123,CC,87783934,ACTIVO
65307.0,Ana Martinez,,3005840190,TI,42100724,INACTIVO
48334.0,Carlos Gomez,anamartinez@gmail.com,3024138465,TI,,INACTIVO
77242.0,Sofia Torres,anamartinez@yahoo.com,abc123,TI,58038861,INACTIVO
12131.0,Ana Martinez,marialopez@yahoo.com,abc123,CE,70527060,INACTIVO
,Carlos Gomez,juanperez@hotmail.com,3112078281,CE,37151344,ACTIVO
28876.0,Juan Perez,marialopez@yahoo.com,3025103239,CE,17135609,ACTIVO
86335.0,Ana Martinez,,3025728399,CC,50981151,SUSPENDIDO
28144.0,Sofia Torres,juanperez@yahoo.com,3004002104,CC,,INACTIVO
21770.0,Ana Martinez,sofiatorres@gmail.com,3115604841,CE,63737228,SUSPENDIDO
4440.0,Luis Rojas,sofiatorres@hotmail.com,abc123,CE,71311659,SUSPENDIDO
6702.0,Sofia Torres,sofiatorres@yahoo.com,3013889074,CE,95538864,desconocido
55757.0,Ana Martinez,juanperez@yahoo.com,3113763945,CC,,ACTIVO
19860.0,Maria Lopez,,3102731026,TI,59459292,ACTIVO
4776.0,Ana Martinez,,3117796526,CE,44711040,INACTIVO
94825.0,Luis Rojas,anamartinez@hotmail.com,3119115968,CE,65351750,ACTIVO
,Juan Perez,sofiatorres@gmail.com,3019927476,CE,62709188,INACTIVO
54613.0,Carlos Gomez,,3012774283,CC,50778311,INACTIVO
,Sofia Torres,luisrojas@gmail.com,3021893849,TI,14487134,INACTIVO
27501.0,Sofia Torres,,3108553925,CC,41445876,ACTIVO
23220.0,Juan Perez,,3008367621,TI,59339253,ACTIVO
57851.0,Ana Martinez,juanperez@gmail.com,3001443824,CC,11940038,ACTIVO
657.0,Maria Lopez,sofiatorres@hotmail.com,3012946145,TI,34766153,desconocido
26675.0,Sofia Torres,luisrojas@hotmail.com,abc123,CE,56919436,ACTIVO
38246.0,Sofia Torres,,3017013356,CE,13605827,ACTIVO
60766.0,Ana Martinez,,3108553590,CE,43340309,INACTIVO
46585.0,Maria Lopez,juanperez@hotmail.com,abc123,CE,38388042,INACTIVO
91852.0,Carlos Gomez,carlosgomez@gmail.com,abc123,CE,95906307,INACTIVO
88388.0,Juan Perez,carlosgomez@hotmail.com,3111028221,CE,,INACTIVO
21022.0,Sofia Torres,,3004544400,CE,20945926,ACTIVO
70515.0,Carlos Gomez,,3007244691,CC,71872530,INACTIVO
42609.0,Juan Perez,carlosgomez@hotmail.com,abc123,CE,89527284,ACTIVO
7767.0,Ana Martinez,,3014014247,CE,91919441,ACTIVO
52319.0,Sofia Torres,marialopez@hotmail.com,3014656372,CC,53101114,desconocido
44524.0,Sofia Torres,sofiatorres@yahoo.com,3107954018,CC,51860254,desconocido
,Sofia Torres,luisrojas@hotmail.com,3113156103,CE,48634176,SUSPENDIDO
92210.0,Carlos Gomez,marialopez@gmail.com,abc123,TI,83039569,SUSPENDIDO
83398.0,Maria Lopez,carlosgomez@gmail.com,3113885939,CC,45270953,desconocido
97178.0,Juan Perez,anamartinez@yahoo.com,3107019975,CC,,INACTIVO
94891.0,Ana Martinez,marialopez@hotmail.com,3101058883,TI,52425658,desconocido
50657.0,Carlos Gomez,,3107647783,CE,75065124,INACTIVO
60438.0,Ana Martinez,carlosgomez@hotmail.com,3022259825,CC,,ACTIVO
20555.0,Luis Rojas,carlosgomez@yahoo.com,3115229203,TI,,SUSPENDIDO
69028.0,Luis Rojas,carlosgomez@yahoo.com,3022407794,CC,,SUSPENDIDO
82966.0,Juan Perez,,3105098984,TI,47264920,SUSPENDIDO
51797.0,Ana Martinez,,3103303508,CE,22604957,ACTIVO
73047.0,Carlos Gomez,carlosgomez@gmail.com,abc123,CE,73194160,ACTIVO
4556.0,Carlos Gomez,anamartinez@gmail.com,abc123,CE,26065383,SUSPENDIDO
66512.0,Juan Perez,carlosgomez@hotmail.com,3026536652,CC,65319910,ACTIVO
75971.0,Luis Rojas,anamartinez@gmail.com,abc123,CE,85330389,ACTIVO
,Carlos Gomez,juanperez@yahoo.com,3005470588,CE,13549210,INACTIVO
,Luis Rojas,juanperez@hotmail.com,3102710714,CE,70495719,INACTIVO
,Sofia Torres,juanperez@hotmail.com,3015178010,TI,26534492,ACTIVO
20638.0,Carlos Gomez,sofiatorres@gmail.com,3024782081,CC,,SUSPENDIDO
76669.0,Luis Rojas,anamartinez@yahoo.com,3025613411,CE,,SUSPENDIDO
84579.0,Ana Martinez,sofiatorres@yahoo.com,3107524628,CC,,SUSPENDIDO
25503.0,Carlos Gomez,luisrojas@gmail.com,abc123,TI,60315794,INACTIVO
51923.0,Sofia Torres,sofiatorres@yahoo.com,3019438494,CC,,ACTIVO
84334.0,Luis Rojas,marialopez@yahoo.com,abc123,CE,51915488,INACTIVO
14311.0,Luis Rojas,sofiatorres@gmail.com,3011315045,CE,,ACTIVO
,Ana Martinez,juanperez@yahoo.com,3026037254,TI,58842108,SUSPENDIDO
45668.0,Carlos Gomez,sofiatorres@yahoo.com,3108761764,CC,,SUSPENDIDO
78814.0,Juan Perez,,3101160632,TI,34433436,ACTIVO
37289.0,Sofia Torres,carlosgomez@hotmail.com,abc123,TI,12620349,SUSPENDIDO
,Carlos Gomez,juanperez@hotmail.com,3107862622,CC,62089153,SUSPENDIDO
,Sofia Torres,juanperez@hotmail.com,3021624884,CC,14266373,ACTIVO
33933.0,Maria Lopez,anamartinez@gmail.com,3018297399,CE,,ACTIVO
61714.0,Juan Perez,,3001064571,CC,85045122,INACTIVO
21152.0,Luis Rojas,carlosgomez@gmail.com,3115020328,CC,,SUSPENDIDO
34784.0,Luis Rojas,,3114360046,CE,21013209,INACTIVO
80714.0,Sofia Torres,luisrojas@yahoo.com,3012871239,TI,46922026,ACTIVO
68520.0,Juan Perez,,3005763737,CE,15820133,INACTIVO
43959.0,Ana Martinez,carlosgomez@yahoo.com,3014078772,TI,20700597,desconocido
32341.0,Juan Perez,marialopez@yahoo.com,3108986877,CE,38476913,desconocido
39086.0,Carlos Gomez,,3021151850,TI,12165730,SUSPENDIDO
60404.0,Luis Rojas,,3001321932,CE,75023661,SUSPENDIDO
27744.0,Luis Rojas,sofiatorres@yahoo.com,abc123,TI,92946749,SUSPENDIDO
18925.0,Maria Lopez,carlosgomez@yahoo.com,3115075525,CC,,ACTIVO
,Luis Rojas,marialopez@yahoo.com,3027374832,CE,98510638,ACTIVO
,Sofia Torres,juanperez@gmail.com,3004518596,TI,36270977,ACTIVO
86646.0,Carlos Gomez,sofiatorres@hotmail.com,3025107418,CE,,ACTIVO
51781.0,Carlos Gomez,anamartinez@gmail.com,3005652178,TI,99236122,desconocido
78353.0,Ana Martinez,luisrojas@yahoo.com,3008679630,CC,67308084,INACTIVO
,Carlos Gomez,luisrojas@gmail.com,3015760171,TI,45337901,SUSPENDIDO
98022.0,Ana Martinez,anamartinez@hotmail.com,3007414969,CC,35599099,INACTIVO
13616.0,Sofia Torres,juanperez@yahoo.com,3013308410,CC,,ACTIVO
43890.0,Luis Rojas,sofiatorres@hotmail.com,3007750119,CC,,INACTIVO
36816.0,Juan Perez,,3027364507,CC,11544655,ACTIVO
82645.0,Maria Lopez,juanperez@yahoo.com,abc123,CC,72278996,INACTIVO
98710.0,Luis Rojas,sofiatorres@gmail.com,3109836976,CE,,INACTIVO
57468.0,Sofia Torres,,3003778025,TI,13266912,ACTIVO
10540.0,Juan Perez,,3118166982,TI,58540982,INACTIVO
56636.0,Carlos Gomez,luisrojas@yahoo.com,3024181798,TI,,INACTIVO
95885.0,Sofia Torres,juanperez@hotmail.com,3105268126,TI,23382525,ACTIVO
75612.0,Juan Perez,marialopez@hotmail.com,3017601962,CC,48531764,ACTIVO
39320.0,Carlos Gomez,luisrojas@yahoo.com,3108524513,CC,44200712,ACTIVO
97544.0,Carlos Gomez,luisrojas@hotmail.com,3119557828,TI,,ACTIVO
,Maria Lopez,luisrojas@yahoo.com,3104593204,TI,90664254,SUSPENDIDO
16951.0,Luis Rojas,sofiatorres@hotmail.com,abc123,CC,71670360,ACTIVO
36119.0,Juan Perez,,3016882756,CC,51282675,SUSPENDIDO
51366.0,Ana Martinez,,3009628540,CC,77916494,ACTIVO
19047.0,Carlos Gomez,sofiatorres@yahoo.com,3005325907,CE,94840714,INACTIVO
8805.0,Luis Rojas,anamartinez@gmail.com,abc123,TI,87282599,ACTIVO
82882.0,Juan Perez,carlosgomez@gmail.com,3006883024,TI,57855207,desconocido
36247.0,Sofia Torres,anamartinez@hotmail.com,3107041815,TI,,INACTIVO
78561.0,Juan Perez,juanperez@gmail.com,3011730702,CC,90321839,SUSPENDIDO
67152.0,Carlos Gomez,,3004922839,CC,98691679,SUSPENDIDO
99667.0,Sofia Torres,carlosgomez@hotmail.com,abc123,CE,39711632,INACTIVO
77238.0,Ana Martinez,,3028397674,CE,35735444,SUSPENDIDO
56324.0,Maria Lopez,sofiatorres@hotmail.com,abc123,TI,11843282,INACTIVO
21144.0,Luis Rojas,sofiatorres@yahoo.com,3106335954,CE,,SUSPENDIDO
87875.0,Luis Rojas,sofiatorres@hotmail.com,3002310041,CE,,ACTIVO
,Ana Martinez,marialopez@yahoo.com,3023211360,TI,93262549,ACTIVO
,Ana Martinez,marialopez@hotmail.com,3007625973,TI,17202394,ACTIVO
89026.0,Carlos Gomez,marialopez@gmail.com,abc123,CC,71934464,INACTIVO
86624.0,Maria Lopez,luisrojas@hotmail.com,abc123,TI,29689475,INACTIVO
76870.0,Luis Rojas,sofiatorres@yahoo.com,3029876618,CC,,ACTIVO
21395.0,Ana Martinez,,3109970709,CE,41664078,SUSPENDIDO
66429.0,Maria Lopez,marialopez@hotmail.com,3113903594,TI,,SUSPENDIDO
20306.0,Ana Martinez,,3012417195,CE,20897569,SUSPENDIDO
,Sofia Torres,sofiatorres@hotmail.com,3022852134,TI,66077119,SUSPENDIDO
,Maria Lopez,carlosgomez@yahoo.com,3013465027,CC,35078775,SUSPENDIDO
,Sofia Torres,juanperez@yahoo.com,3009720045,CE,88588654,SUSPENDIDO
54861.0,Luis Rojas,anamartinez@gmail.com,3113686380,TI,90413853,INACTIVO
28146.0,Ana Martinez,luisrojas@hotmail.com,abc123,TI,31768018,INACTIVO
20791.0,Carlos Gomez,anamartinez@yahoo.com,3101075185,CE,11974837,INACTIVO
28219.0,Luis Rojas,carlosgomez@yahoo.com,abc123,TI,77976780,ACTIVO
,Juan Perez,anamartinez@gmail.com,3024245874,TI,56111866,ACTIVO
88208.0,Carlos Gomez,carlosgomez@hotmail.com,3015066747,CE,,INACTIVO
33184.0,Luis Rojas,marialopez@gmail.com,3012372199,CE,17577298,INACTIVO
17284.0,Juan Perez,marialopez@yahoo.com,abc123,CC,76377262,INACTIVO
68083.0,Sofia Torres,,3113633238,TI,73820946,ACTIVO
,Ana Martinez,anamartinez@hotmail.com,3106105892,CE,46878466,SUSPENDIDO
15441.0,Maria Lopez,luisrojas@yahoo.com,3115822746,TI,,ACTIVO
80862.0,Juan Perez,marialopez@yahoo.com,abc123,TI,24397989,SUSPENDIDO
,Ana Martinez,juanperez@gmail.com,3022187059,CC,40676254,INACTIVO
50651.0,Luis Rojas,,3104018699,CC,89042663,ACTIVO
,Luis Rojas,juanperez@gmail.com,3024507525,TI,65564048,ACTIVO
68366.0,Sofia Torres,,3109613389,CC,44574059,SUSPENDIDO
94831.0,Carlos Gomez,carlosgomez@hotmail.com,3013339944,CE,,SUSPENDIDO
19032.0,Sofia Torres,,3116396009,CC,28415470,INACTIVO
10869.0,Carlos Gomez,anamartinez@hotmail.com,abc123,CC,74603760,INACTIVO
20405.0,Carlos Gomez,,3015283497,TI,22659793,INACTIVO
34274.0,Sofia Torres,marialopez@hotmail.com,3022787004,CC,89548823,SUSPENDIDO
6277.0,Luis Rojas,sofiatorres@yahoo.com,3119107881,CC,,ACTIVO
95585.0,Carlos Gomez,sofiatorres@yahoo.com,3022931066,CC,89048947,desconocido
83600.0,Carlos Gomez,carlosgomez@gmail.com,abc123,TI,64644967,SUSPENDIDO
73925.0,Juan Perez,,3014604869,TI,47229362,ACTIVO
7750.0,Sofia Torres,,3112068848,TI,69828822,INACTIVO
94098.0,Juan Perez,marialopez@gmail.com,3118876389,CE,57777846,desconocido
10886.0,Sofia Torres,,3001465330,CC,25850342,ACTIVO
75655.0,Juan Perez,luisrojas@gmail.com,3026157003,CE,,INACTIVO
50757.0,Ana Martinez,marialopez@hotmail.com,3115323943,CE,,INACTIVO
36676.0,Sofia Torres,,3009000232,CC,11462586,INACTIVO
30926.0,Sofia Torres,sofiatorres@gmail.com,abc123,TI,51114378,SUSPENDIDO
71355.0,Carlos Gomez,,3102937689,CC,54890728,INACTIVO
68376.0,Maria Lopez,marialopez@hotmail.com,abc123,CC,11149526,INACTIVO
,Carlos Gomez,carlosgomez@hotmail.com,3011245150,TI,67408361,INACTIVO
18991.0,Sofia Torres,,3104212549,CE,98446261,ACTIVO
,Ana Martinez,marialopez@yahoo.com,3117244738,TI,35554510,INACTIVO
,Sofia Torres,marialopez@hotmail.com,3015742220,CC,53729008,ACTIVO
42634.0,Maria Lopez,,3022711430,CE,61763512,INACTIVO
,Ana Martinez,anamartinez@hotmail.com,3028593900,CE,39579188,INACTIVO
91567.0,Carlos Gomez,,3105913553,TI,40876093,INACTIVO
58654.0,Juan Perez,,3106284601,CC,36973257,ACTIVO
70086.0,Luis Rojas,anamartinez@hotmail.com,abc123,CE,78241221,SUSPENDIDO
38266.0,Luis Rojas,juanperez@gmail.com,3108118837,TI,81681768,desconocido
26047.0,Carlos Gomez,sofiatorres@gmail.com,3105762469,TI,97969704,desconocido
98457.0,Carlos Gomez,luisrojas@hotmail.com,3118282772,CE,95426773,desconocido
,Juan Perez,sofiatorres@hotmail.com,3104525802,TI,10887048,SUSPENDIDO
19095.0,Sofia Torres,marialopez@yahoo.com,3103036128,CC,,ACTIVO
71268.0,Sofia Torres,luisrojas@gmail.com,abc123,CE,58802645,INACTIVO
84070.0,Maria Lopez,luisrojas@gmail.com,abc123,TI,30285909,ACTIVO
99990.0,Ana Martinez,carlosgomez@hotmail.com,3028628509,CE,11062063,desconocido
67061.0,Luis Rojas,carlosgomez@yahoo.com,3019647866,TI,43366826,SUSPENDIDO
,Maria Lopez,juanperez@yahoo.com,3009462561,TI,23117760,INACTIVO
81512.0,Sofia Torres,anamartinez@hotmail.com,3001992925,CC,,SUSPENDIDO
26852.0,Carlos Gomez,marialopez@yahoo.com,abc123,TI,62341618,INACTIVO
52075.0,Sofia Torres,,3002616380,TI,67467969,INACTIVO
93061.0,Luis Rojas,luisrojas@hotmail.com,abc123,CE,86431215,SUSPENDIDO
98428.0,Sofia Torres,sofiatorres@yahoo.com,3115957159,TI,,ACTIVO
,Ana Martinez,carlosgomez@yahoo.com,3002775929,CC,49399095,INACTIVO
,Ana Martinez,carlosgomez@gmail.com,3022428475,CE,75800466,ACTIVO
85573.0,Juan Perez,,3018417278,CE,71700398,INACTIVO
,Juan Perez,marialopez@gmail.com,3117306381,TI,42942164,INACTIVO
21661.0,Juan Perez,sofiatorres@gmail.com,3112092008,TI,45152346,desconocido
,Juan Perez,anamartinez@hotmail.com,3105578314,TI,38061388,ACTIVO
53737.0,Carlos Gomez,juanperez@hotmail.com,3012131471,TI,76118873,INACTIVO
86423.0,Juan Perez,marialopez@hotmail.com,3009890209,CC,66327110,ACTIVO
24614.0,Carlos Gomez,anamartinez@yahoo.com,3029215245,CC,26701826,desconocido
30943.0,Ana Martinez,carlosgomez@hotmail.com,3006800833,TI,,INACTIVO
,Juan Perez,anamartinez@gmail.com,3006712104,CC,63445483,ACTIVO
46583.0,Luis Rojas,,3008893912,CE,33227723,SUSPENDIDO
55865.0,Sofia Torres,,3025444471,TI,71469391,SUSPENDIDO
27441.0,Carlos Gomez,marialopez@yahoo.com,3111530960,CC,15898344,ACTIVO
96046.0,Luis Rojas,sofiatorres@yahoo.com,abc123,CE,26060675,SUSPENDIDO
59887.0,Luis Rojas,sofiatorres@yahoo.com,3104110816,CE,,INACTIVO
56245.0,Juan Perez,sofiatorres@gmail.com,3108245977,TI,47065966,desconocido
25323.0,Luis Rojas,sofiatorres@gmail.com,abc123,CE,44615718,INACTIVO
93434.0,Carlos Gomez,marialopez@hotmail.com,3011007569,CE,,SUSPENDIDO
80212.0,Sofia Torres,,3111085131,TI,57038578,ACTIVO
29706.0,Carlos Gomez,marialopez@hotmail.com,3007065773,CE,,INACTIVO
63092.0,Maria Lopez,sofiatorres@gmail.com,3109829971,CC,,SUSPENDIDO
15755.0,Maria Lopez,,3119291940,TI,75925587,ACTIVO
36863.0,Sofia Torres,marialopez@hotmail.com,3023128220,CE,,SUSPENDIDO
7055.0,Sofia Torres,luisrojas@gmail.com,3019758918,TI,,ACTIVO
68111.0,Ana Martinez,marialopez@hotmail.com,3022713362,TI,,INACTIVO
62821.0,Maria Lopez,carlosgomez@yahoo.com,3116005067,CC,49448239,desconocido
,Sofia Torres,marialopez@gmail.com,3104216335,CE,92128133,SUSPENDIDO
48030.0,Ana Martinez,juanperez@hotmail.com,3014907753,CE,,INACTIVO
84486.0,Sofia Torres,anamartinez@hotmail.com,3113501186,CE,95040307,desconocido
56520.0,Sofia Torres,juanperez@gmail.com,abc123,CC,62197860,ACTIVO
24833.0,Juan Perez,,3028920008,TI,59334543,INACTIVO
67404.0,Maria Lopez,sofiatorres@hotmail.com,3014192780,TI,,ACTIVO
,Sofia Torres,carlosgomez@yahoo.com,3104926092,CC,20361796,SUSPENDIDO
38445.0,Ana Martinez,,3016727531,CC,77239980,INACTIVO
47807.0,Luis Rojas,luisrojas@hotmail.com,3112788164,CC,,INACTIVO
61438.0,Maria Lopez,marialopez@gmail.com,3023663459,CE,26572296,ACTIVO
57729.0,Ana Martinez,luisrojas@gmail.com,abc123,CE,34505929,INACTIVO
13791.0,Maria Lopez,carlosgomez@gmail.com,abc123,TI,92237338,INACTIVO
71091.0,Juan Perez,anamartinez@gmail.com,abc123,CC,32170440,ACTIVO
,Carlos Gomez,anamartinez@yahoo.com,3109900542,TI,25161339,INACTIVO
64680.0,Carlos Gomez,marialopez@yahoo.com,3105841650,CC,74964458,desconocido
,Luis Rojas,sofiatorres@yahoo.com,3013685141,TI,99698668,SUSPENDIDO
22098.0,Ana Martinez,anamartinez@hotmail.com,abc123,CC,33035045,INACTIVO
,Sofia Torres,luisrojas@gmail.com,3022155307,CC,60428733,INACTIVO
49205.0,Luis Rojas,,3011558170,TI,39045522,SUSPENDIDO
9084.0,Sofia Torres,,3024185373,CC,73032097,INACTIVO
,Maria Lopez,sofiatorres@gmail.com,3026833604,TI,76670105,ACTIVO
14013.0,Carlos Gomez,marialopez@gmail.com,3022580046,TI,93370747,ACTIVO
,Carlos Gomez,luisrojas@yahoo.com,3104032346,CE,79102190,ACTIVO
94685.0,Sofia Torres,,3005158475,CC,64439704,SUSPENDIDO
95821.0,Ana Martinez,sofiatorres@yahoo.com,abc123,TI,10854265,SUSPENDIDO
7483.0,Juan Perez,,3015960373,TI,23747503,ACTIVO
92538.0,Ana Martinez,marialopez@gmail.com,abc123,TI,90142591,ACTIVO
73064.0,Ana Martinez,carlosgomez@yahoo.com,3116281227,CC,,SUSPENDIDO
83015.0,Sofia Torres,,3002361656,CE,60524767,ACTIVO
46323.0,Sofia Torres,,3003449210,CE,96522666,INACTIVO
33725.0,Juan Perez,sofiatorres@hotmail.com,3025272618,TI,,ACTIVO
27316.0,Carlos Gomez,juanperez@hotmail.com,3015242892,TI,,ACTIVO
,Juan Perez,luisrojas@gmail.com,3009844837,TI,69087485,ACTIVO
,Carlos Gomez,anamartinez@yahoo.com,3103831191,CC,75686114,ACTIVO
19108.0,Juan Perez,luisrojas@hotmail.com,3028209084,CC,71110096,desconocido
84031.0,Sofia Torres,juanperez@hotmail.com,3017186038,CC,75955864,desconocido
,Carlos Gomez,carlosgomez@gmail.com,3106023164,TI,54924927,INACTIVO
86253.0,Juan Perez,marialopez@yahoo.com,3028261885,TI,,SUSPENDIDO
51911.0,Luis Rojas,juanperez@hotmail.com,3117611153,CC,87092630,desconocido
36674.0,Carlos Gomez,sofiatorres@yahoo.com,3002619804,CE,89941410,SUSPENDIDO
,Juan Perez,anamartinez@yahoo.com,3026052349,TI,50222768,ACTIVO
35248.0,Luis Rojas,marialopez@yahoo.com,abc123,CE,94855699,ACTIVO
78024.0,Carlos Gomez,sofiatorres@yahoo.com,abc123,CE,85088063,INACTIVO
,Juan Perez,anamartinez@gmail.com,3117702224,CE,89759099,INACTIVO
50163.0,Luis Rojas,,3112301690,CC,37601793,SUSPENDIDO
,Sofia Torres,sofiatorres@hotmail.com,3004965001,TI,71211175,SUSPENDIDO
44610.0,Sofia Torres,juanperez@yahoo.com,abc123,CE,93263066,SUSPENDIDO
84261.0,Maria Lopez,anamartinez@yahoo.com,3015154468,CE,,INACTIVO
79455.0,Sofia Torres,carlosgomez@hotmail.com,3006211185,CE,,ACTIVO
3345.0,Maria Lopez,anamartinez@yahoo.com,abc123,TI,86319563,INACTIVO
39555.0,Carlos Gomez,anamartinez@yahoo.com,abc123,CC,33280412,SUSPENDIDO
90115.0,Maria Lopez,marialopez@yahoo.com,3118031120,CC,12208047,desconocido
62966.0,Carlos Gomez,anamartinez@gmail.com,3114888135,TI,23516265,SUSPENDIDO
,Luis Rojas,luisrojas@hotmail.com,3016157167,CE,52877426,INACTIVO
72227.0,Ana Martinez,,3116907327,CE,80374120,ACTIVO
,Luis Rojas,juanperez@hotmail.com,3025031661,TI,90783396,ACTIVO
63614.0,Juan Perez,juanperez@yahoo.com,abc123,CE,70000851,SUSPENDIDO
69923.0,Juan Perez,juanperez@hotmail.com,3113848571,TI,,SUSPENDIDO
10072.0,Luis Rojas,marialopez@yahoo.com,3004541146,CE,98824415,desconocido
81335.0,Ana Martinez,anamartinez@gmail.com,3101075937,CC,67427204,SUSPENDIDO
60924.0,Luis Rojas,carlosgomez@hotmail.com,3106936946,CC,17907775,desconocido
60969.0,Maria Lopez,sofiatorres@gmail.com,3028270015,TI,,INACTIVO
12005.0,Carlos Gomez,,3026321942,CE,71173656,ACTIVO
50157.0,Carlos Gomez,sofiatorres@hotmail.com,3026251336,CC,77010031,desconocido
72610.0,Sofia Torres,,3113122684,CE,22410637,INACTIVO
6625.0,Ana Martinez,carlosgomez@yahoo.com,3023898287,CE,64618528,INACTIVO
23388.0,Sofia Torres,luisrojas@gmail.com,abc123,TI,77734241,ACTIVO
28251.0,Juan Perez,sofiatorres@hotmail.com,3024288433,TI,35250274,INACTIVO
58492.0,Luis Rojas,anamartinez@gmail.com,abc123,CE,26700456,SUSPENDIDO
,Carlos Gomez,luisrojas@hotmail.com,3117897619,CC,45977844,ACTIVO
10575.0,Sofia Torres,luisrojas@gmail.com,3016929810,CE,,SUSPENDIDO
59295.0,Carlos Gomez,,3115540051,TI,97352450,SUSPENDIDO
80470.0,Juan Perez,marialopez@hotmail.com,3004290990,TI,,SUSPENDIDO
5969.0,Luis Rojas,sofiatorres@gmail.com,3014395607,CC,29648791,desconocido
74624.0,Sofia Torres,anamartinez@yahoo.com,3102174464,CC,,ACTIVO
49468.0,Juan Perez,marialopez@hotmail.com,abc123,TI,68354328,SUSPENDIDO
72801.0,Juan Perez,anamartinez@yahoo.com,3018908947,TI,,ACTIVO
,Sofia Torres,juanperez@yahoo.com,3007243181,CE,64301420,ACTIVO
7315.0,Sofia Torres,juanperez@yahoo.com,3104386750,TI,88462382,INACTIVO
44297.0,Ana Martinez,,3028092327,CE,45858654,INACTIVO
,Luis Rojas,marialopez@yahoo.com,3117823794,CC,10995542,ACTIVO
33132.0,Juan Perez,juanperez@hotmail.com,3108362976,CE,78030923,ACTIVO
47609.0,Luis Rojas,luisrojas@yahoo.com,3026992842,CC,20653960,desconocido
,Maria Lopez,juanperez@gmail.com,3022123610,TI,27634924,SUSPENDIDO
36769.0,Luis Rojas,,3004225813,TI,59243309,ACTIVO
24723.0,Juan Perez,anamartinez@gmail.com,3027893997,TI,76187148,INACTIVO
77023.0,Luis Rojas,juanperez@yahoo.com,3105128008,TI,,SUSPENDIDO
60654.0,Luis Rojas,anamartinez@hotmail.com,abc123,CC,15022530,INACTIVO
96330.0,Sofia Torres,juanperez@hotmail.com,3107664697,CE,74167270,desconocido
9050.0,Luis Rojas,anamartinez@yahoo.com,abc123,CE,39436393,ACTIVO
69907.0,Ana Martinez,anamartinez@yahoo.com,3014600235,CE,,INACTIVO
44239.0,Sofia Torres,carlosgomez@hotmail.com,3117620897,CC,,INACTIVO
87664.0,Carlos Gomez,juanperez@gmail.com,abc123,CC,99581968,INACTIVO
57715.0,Maria Lopez,sofiatorres@hotmail.com,3022763316,CC,59472686,desconocido
62483.0,Juan Perez,carlosgomez@hotmail.com,abc123,TI,51095271,SUSPENDIDO
58582.0,Sofia Torres,,3102913301,TI,23657793,ACTIVO
,Ana Martinez,luisrojas@gmail.com,3011993183,CC,98098537,ACTIVO
51564.0,Carlos Gomez,,3114096951,TI,89425276,INACTIVO
2894.0,Ana Martinez,juanperez@hotmail.com,3014834549,TI,,INACTIVO
89555.0,Sofia Torres,sofiatorres@hotmail.com,3003250640,TI,57959949,desconocido
16268.0,Luis Rojas,sofiatorres@yahoo.com,3009582160,CC,17790571,SUSPENDIDO
61568.0,Juan Perez,marialopez@yahoo.com,abc123,CC,15339519,INACTIVO
,Luis Rojas,marialopez@yahoo.com,3111686059,CE,61605654,SUSPENDIDO
7497.0,Carlos Gomez,,3107762404,TI,22402258,ACTIVO
69241.0,Luis Rojas,luisrojas@yahoo.com,3005638154,TI,,INACTIVO
81348.0,Juan Perez,juanperez@hotmail.com,3021601344,TI,97809488,desconocido
51954.0,Juan Perez,,3004433257,CC,48498680,ACTIVO
57987.0,Ana Martinez,luisrojas@gmail.com,3022039537,TI,72783674,desconocido
18798.0,Juan Perez,juanperez@hotmail.com,abc123,CE,30152994,INACTIVO
34115.0,Ana Martinez,luisrojas@yahoo.com,abc123,TI,81080920,SUSPENDIDO
61199.0,Sofia Torres,juanperez@yahoo.com,3109297665,CC,66289055,desconocido
10539.0,Juan Perez,carlosgomez@gmail.com,abc123,TI,58886285,ACTIVO
84450.0,Luis Rojas,sofiatorres@hotmail.com,3001274686,CE,91633481,ACTIVO
745.0,Carlos Gomez,luisrojas@yahoo.com,abc123,CE,27007951,ACTIVO
6567.0,Maria Lopez,anamartinez@gmail.com,3015491642,CC,14412799,ACTIVO
96700.0,Sofia Torres,,3012249906,TI,26410260,SUSPENDIDO
6088.0,Sofia Torres,,3118945076,CC,34275812,INACTIVO
6724.0,Sofia Torres,carlosgomez@hotmail.com,3109230853,TI,,ACTIVO
,Maria Lopez,carlosgomez@gmail.com,3113901731,CC,41163873,INACTIVO
13092.0,Sofia Torres,carlosgomez@yahoo.com,abc123,CE,63709928,ACTIVO
27197.0,Ana Martinez,marialopez@gmail.com,3011379585,CE,14848890,desconocido
99720.0,Maria Lopez,,3001446591,CE,67199163,SUSPENDIDO
77631.0,Juan Perez,sofiatorres@hotmail.com,abc123,CC,17727841,ACTIVO
,Maria Lopez,sofiatorres@gmail.com,3102622206,CC,94987461,INACTIVO
33305.0,Ana Martinez,,3024211912,TI,94104936,ACTIVO
15508.0,Luis Rojas,anamartinez@hotmail.com,abc123,CE,89770519,INACTIVO
95868.0,Maria Lopez,marialopez@yahoo.com,3003917187,TI,73857516,ACTIVO
99956.0,Ana Martinez,sofiatorres@hotmail.com,3117880814,TI,,SUSPENDIDO
56082.0,Ana Martinez,,3107655928,CC,32401139,ACTIVO
50587.0,Ana Martinez,anamartinez@hotmail.com,abc123,TI,70169328,SUSPENDIDO
,Ana Martinez,anamartinez@hotmail.com,3011066423,CE,60044822,SUSPENDIDO
96300.0,Luis Rojas,,3025665988,CC,31526638,SUSPENDIDO
93473.0,Ana Martinez,,3006005160,TI,46159042,SUSPENDIDO
,Maria Lopez,carlosgomez@hotmail.com,3004530574,CC,46706147,SUSPENDIDO
,Ana Martinez,juanperez@hotmail.com,3012352947,CE,22876926,ACTIVO
18588.0,Luis Rojas,anamartinez@yahoo.com,abc123,CE,60152806,ACTIVO
91151.0,Juan Perez,,3023670094,CC,11531275,ACTIVO
36958.0,Luis Rojas,anamartinez@gmail.com,abc123,CC,34573456,SUSPENDIDO
,Juan Perez,anamartinez@hotmail.com,3108041629,CE,88188506,ACTIVO
36075.0,Sofia Torres,marialopez@hotmail.com,3024328291,TI,46821037,INACTIVO
28858.0,Ana Martinez,juanperez@gmail.com,abc123,CC,65836066,ACTIVO
78981.0,Luis Rojas,carlosgomez@yahoo.com,3119140333,CE,91222585,desconocido
,Ana Martinez,carlosgomez@gmail.com,3114641690,CC,15051937,INACTIVO
57647.0,Luis Rojas,anamartinez@hotmail.com,3023269867,CE,,SUSPENDIDO
50037.0,Ana Martinez,sofiatorres@gmail.com,abc123,CE,30065363,SUSPENDIDO
,Sofia Torres,marialopez@hotmail.com,3011155016,CC,22088806,ACTIVO
45139.0,Maria Lopez,juanperez@yahoo.com,3115718062,CC,19191094,desconocido
29639.0,Ana Martinez,anamartinez@hotmail.com,3111492302,CC,70002813,desconocido
34460.0,Maria Lopez,juanperez@yahoo.com,abc123,CC,22890283,INACTIVO
84734.0,Ana Martinez,anamartinez@hotmail.com,3012610630,TI,,ACTIVO
42036.0,Juan Perez,marialopez@gmail.com,3114151154,TI,,SUSPENDIDO
57354.0,Luis Rojas,anamartinez@yahoo.com,3012343116,CC,,SUSPENDIDO
66755.0,Maria Lopez,luisrojas@gmail.com,3113582322,CE,,INACTIVO
95227.0,Luis Rojas,carlosgomez@yahoo.com,3111161123,CC,,ACTIVO
10859.0,Sofia Torres,anamartinez@gmail.com,3109128351,TI,,SUSPENDIDO
98798.0,Carlos Gomez,marialopez@gmail.com,abc123,TI,55769315,INACTIVO
83127.0,Carlos Gomez,luisrojas@gmail.com,3101514506,TI,60626146,SUSPENDIDO
5273.0,Maria Lopez,luisrojas@gmail.com,abc123,TI,93170530,ACTIVO
16725.0,Luis Rojas,sofiatorres@gmail.com,3004542538,CE,,SUSPENDIDO
74444.0,Ana Martinez,marialopez@hotmail.com,3028458309,CC,18171025,desconocido
92162.0,Luis Rojas,juanperez@yahoo.com,abc123,TI,14423098,ACTIVO
79287.0,Juan Perez,juanperez@gmail.com,3023760447,CC,75176231,desconocido
78011.0,Sofia Torres,sofiatorres@yahoo.com,3028491617,CE,,SUSPENDIDO
,Luis Rojas,anamartinez@hotmail.com,3007839201,TI,99048094,ACTIVO
81611.0,Maria Lopez,anamartinez@gmail.com,abc123,CC,51122292,SUSPENDIDO
,Carlos Gomez,juanperez@yahoo.com,3105524420,CC,16230827,INACTIVO
86320.0,Carlos Gomez,carlosgomez@yahoo.com,3118901025,TI,30691584,SUSPENDIDO
69175.0,Maria Lopez,marialopez@gmail.com,3014212405,TI,45237084,INACTIVO
33989.0,Sofia Torres,juanperez@gmail.com,abc123,CC,13998698,ACTIVO
,Luis Rojas,luisrojas@gmail.com,3105568294,CE,67435759,INACTIVO
87400.0,Maria Lopez,,3012728711,CE,32976496,SUSPENDIDO
40578.0,Juan Perez,juanperez@yahoo.com,3118190052,TI,,INACTIVO
,Maria Lopez,juanperez@yahoo.com,3117958632,TI,82367760,ACTIVO
47228.0,Luis Rojas,sofiatorres@hotmail.com,abc123,CE,50582707,ACTIVO
59771.0,Luis Rojas,carlosgomez@gmail.com,3004516098,TI,69628050,SUSPENDIDO
74072.0,Juan Perez,sofiatorres@yahoo.com,3118164121,TI,,ACTIVO
74124.0,Carlos Gomez,,3117842849,CC,70887482,INACTIVO
72676.0,Juan Perez,,3109586831,CE,30009350,SUSPENDIDO
62871.0,Sofia Torres,luisrojas@hotmail.com,abc123,TI,86521544,ACTIVO
61223.0,Luis Rojas,juanperez@yahoo.com,3025082918,CC,,SUSPENDIDO
,Juan Perez,marialopez@hotmail.com,3101886645,CC,13887141,INACTIVO
32101.0,Juan Perez,sofiatorres@yahoo.com,abc123,CE,11712183,SUSPENDIDO
50083.0,Sofia Torres,luisrojas@gmail.com,abc123,CC,94659860,ACTIVO
50324.0,Luis Rojas,,3027984971,CC,51972584,INACTIVO
74185.0,Ana Martinez,anamartinez@hotmail.com,3105649285,CE,19316329,INACTIVO
,Ana Martinez,sofiatorres@hotmail.com,3027691979,CC,74510974,ACTIVO
,Juan Perez,marialopez@hotmail.com,3005109357,CE,99108664,SUSPENDIDO
22803.0,Sofia Torres,anamartinez@yahoo.com,abc123,CE,35468447,SUSPENDIDO
54716.0,Maria Lopez,carlosgomez@hotmail.com,3012724468,TI,,SUSPENDIDO
65450.0,Carlos Gomez,juanperez@yahoo.com,abc123,CE,63695890,ACTIVO
,Luis Rojas,anamartinez@yahoo.com,3024925522,CE,65603817,ACTIVO
58269.0,Maria Lopez,carlosgomez@gmail.com,3006797274,TI,,SUSPENDIDO
47246.0,Sofia Torres,juanperez@hotmail.com,abc123,TI,19268580,ACTIVO
5120.0,Carlos Gomez,marialopez@yahoo.com,abc123,CE,48679882,SUSPENDIDO
91426.0,Luis Rojas,carlosgomez@gmail.com,abc123,CE,93339430,ACTIVO
27551.0,Carlos Gomez,luisrojas@yahoo.com,3009305209,TI,,SUSPENDIDO
,Maria Lopez,marialopez@hotmail.com,3013938209,CC,45709610,INACTIVO
17388.0,Luis Rojas,marialopez@yahoo.com,3002796005,CC,,INACTIVO
,Luis Rojas,anamartinez@yahoo.com,3027305160,TI,98606918,ACTIVO
32454.0,Carlos Gomez,,3015603353,CC,55404359,INACTIVO
80431.0,Maria Lopez,marialopez@gmail.com,3106901082,CE,54248484,desconocido
75893.0,Sofia Torres,anamartinez@gmail.com,3107064949,CC,10109806,SUSPENDIDO
3341.0,Luis Rojas,,3013521445,TI,96976840,SUSPENDIDO
51056.0,Carlos Gomez,,3027338195,CC,70593153,ACTIVO
98952.0,Carlos Gomez,marialopez@hotmail.com,3012138672,CC,,ACTIVO
98713.0,Ana Martinez,sofiatorres@gmail.com,3017307828,CC,50226078,ACTIVO
45853.0,Luis Rojas,marialopez@hotmail.com,abc123,CE,51680201,SUSPENDIDO
1215.0,Ana Martinez,,3008589756,CE,96522538,SUSPENDIDO
35802.0,Juan Perez,,3026842173,TI,54684329,ACTIVO
32471.0,Ana Martinez,,3107500447,CE,48752002,SUSPENDIDO
49902.0,Carlos Gomez,juanperez@hotmail.com,abc123,CE,99934749,INACTIVO
39983.0,Maria Lopez,juanperez@hotmail.com,abc123,CC,73373891,INACTIVO
,Carlos Gomez,sofiatorres@gmail.com,3005241568,CE,98438679,INACTIVO
3366.0,Luis Rojas,anamartinez@hotmail.com,3112603319,CC,,ACTIVO
63860.0,Juan Perez,,3108155374,CC,23328289,INACTIVO
66867.0,Luis Rojas,,3102931641,CE,97390493,SUSPENDIDO
11338.0,Carlos Gomez,juanperez@yahoo.com,abc123,CC,62913506,SUSPENDIDO
62715.0,Juan Perez,marialopez@gmail.com,3103196523,CC,,INACTIVO
16247.0,Luis Rojas,,3023505106,CE,56736003,ACTIVO
,Juan Perez,juanperez@gmail.com,3005527688,TI,71105105,INACTIVO
75533.0,Sofia Torres,anamartinez@yahoo.com,3021099051,TI,,SUSPENDIDO
13696.0,Juan Perez,,3103520940,CC,87977285,SUSPENDIDO
82503.0,Maria Lopez,anamartinez@hotmail.com,abc123,CC,37459970,ACTIVO
19209.0,Luis Rojas,carlosgomez@yahoo.com,3005268032,CC,,INACTIVO
6490.0,Juan Perez,,3018958793,CE,47624090,INACTIVO
,Sofia Torres,luisrojas@gmail.com,3112267317,CE,24914837,ACTIVO
,Ana Martinez,juanperez@yahoo.com,3009957040,CE,42612653,INACTIVO
41036.0,Juan Perez,luisrojas@yahoo.com,3101863315,TI,39829350,INACTIVO
58696.0,Juan Perez,juanperez@yahoo.com,3114026704,CC,,ACTIVO
91719.0,Ana Martinez,marialopez@hotmail.com,abc123,TI,66631839,SUSPENDIDO
84430.0,Carlos Gomez,luisrojas@yahoo.com,3113801403,TI,96123109,desconocido
,Ana Martinez,sofiatorres@yahoo.com,3019859598,TI,72952408,INACTIVO
17427.0,Carlos Gomez,marialopez@hotmail.com,3022202003,TI,43357271,SUSPENDIDO
80282.0,Carlos Gomez,marialopez@hotmail.com,abc123,CC,60209868,SUSPENDIDO
67953.0,Ana Martinez,sofiatorres@gmail.com,3006875885,CC,63974768,SUSPENDIDO
62231.0,Luis Rojas,sofiatorres@hotmail.com,3119827079,CE,,INACTIVO
44126.0,Luis Rojas,luisrojas@gmail.com,3108446303,CC,,ACTIVO
60796.0,Carlos Gomez,sofiatorres@gmail.com,abc123,CE,69829411,ACTIVO
,Luis Rojas,marialopez@hotmail.com,3012338086,TI,44419180,ACTIVO
24075.0,Maria Lopez,carlosgomez@hotmail.com,abc123,CE,44737335,ACTIVO
65832.0,Carlos Gomez,anamartinez@gmail.com,abc123,TI,38829213,INACTIVO
93325.0,Luis Rojas,,3026101456,CC,41209994,INACTIVO
,Sofia Torres,carlosgomez@hotmail.com,3114395604,TI,35686749,INACTIVO
66157.0,Juan Perez,sofiatorres@gmail.com,abc123,CC,27054992,SUSPENDIDO
,Luis Rojas,juanperez@gmail.com,3015600535,TI,15848931,INACTIVO
31988.0,Carlos Gomez,carlosgomez@gmail.com,abc123,CC,36903586,INACTIVO
98931.0,Luis Rojas,,3105198426,CC,23944717,ACTIVO
57581.0,Sofia Torres,juanperez@hotmail.com,3006727453,TI,,INACTIVO
42624.0,Ana Martinez,marialopez@gmail.com,3022317307,TI,,ACTIVO
85765.0,Ana Martinez,anamartinez@gmail.com,3009894834,CE,86312686,desconocido
25495.0,Carlos Gomez,carlosgomez@gmail.com,3014929818,CC,50093744,desconocido
,Juan Perez,luisrojas@yahoo.com,3021422120,CE,36928342,SUSPENDIDO
16116.0,Sofia Torres,,3113836342,CE,52189859,ACTIVO
,Maria Lopez,juanperez@yahoo.com,3012774031,CE,37500553,SUSPENDIDO
56800.0,Sofia Torres,sofiatorres@gmail.com,3102129390,CE,76282293,desconocido
81558.0,Ana Martinez,sofiatorres@hotmail.com,abc123,CE,17571437,ACTIVO
42467.0,Maria Lopez,anamartinez@yahoo.com,abc123,CE,99249811,ACTIVO
13089.0,Sofia Torres,marialopez@gmail.com,3101362542,TI,,INACTIVO
95841.0,Juan Perez,carlosgomez@gmail.com,abc123,CC,53464709,ACTIVO
64775.0,Carlos Gomez,luisrojas@yahoo.com,3112807884,CC,,SUSPENDIDO
7824.0,Maria Lopez,marialopez@gmail.com,3001136337,TI,,SUSPENDIDO
36204.0,Maria Lopez,carlosgomez@hotmail.com,3102132764,TI,47628518,ACTIVO
77537.0,Maria Lopez,,3022450594,TI,44110278,SUSPENDIDO
74579.0,Ana Martinez,,3112236531,TI,85889362,SUSPENDIDO
,Juan Perez,luisrojas@gmail.com,3001859956,TI,88666406,ACTIVO
,Luis Rojas,marialopez@yahoo.com,3015915002,CC,69657283,INACTIVO
10717.0,Sofia Torres,marialopez@gmail.com,3114024953,TI,92855948,ACTIVO
64196.0,Carlos Gomez,sofiatorres@yahoo.com,abc123,CE,65459253,ACTIVO
64346.0,Maria Lopez,,3006837905,TI,92800937,ACTIVO
69138.0,Sofia Torres,carlosgomez@hotmail.com,abc123,CC,22084776,SUSPENDIDO
52097.0,Luis Rojas,luisrojas@yahoo.com,3115053816,CC,,SUSPENDIDO
80415.0,Sofia Torres,anamartinez@hotmail.com,abc123,TI,82256306,INACTIVO
73491.0,Sofia Torres,luisrojas@gmail.com,3107976474,CC,,SUSPENDIDO
59077.0,Maria Lopez,anamartinez@yahoo.com,3118625628,CE,30070442,INACTIVO
86030.0,Juan Perez,sofiatorres@hotmail.com,3026753988,TI,,ACTIVO
79023.0,Juan Perez,luisrojas@hotmail.com,3119018317,CC,22190322,desconocido
54269.0,Carlos Gomez,luisrojas@yahoo.com,abc123,TI,81274138,SUSPENDIDO
39736.0,Juan Perez,,3109582571,CC,26074002,INACTIVO
,Carlos Gomez,carlosgomez@gmail.com,3106275850,CE,53783108,ACTIVO
16047.0,Sofia Torres,carlosgomez@hotmail.com,abc123,CE,31999428,ACTIVO
53217.0,Juan Perez,luisrojas@gmail.com,3118633735,CC,,ACTIVO
46687.0,Luis Rojas,,3117450676,CE,69353970,ACTIVO
9823.0,Maria Lopez,sofiatorres@hotmail.com,abc123,CE,19967312,SUSPENDIDO
97184.0,Ana Martinez,,3106294822,TI,12273274,ACTIVO
50439.0,Maria Lopez,sofiatorres@yahoo.com,abc123,CE,60382578,ACTIVO
62360.0,Sofia Torres,anamartinez@hotmail.com,3104552238,CC,14027628,INACTIVO
90535.0,Maria Lopez,anamartinez@gmail.com,3013954762,CE,56217338,desconocido
55845.0,Luis Rojas,,3023824132,CE,45737231,INACTIVO
98755.0,Juan Perez,juanperez@hotmail.com,abc123,CE,65613439,INACTIVO
,Juan Perez,sofiatorres@hotmail.com,3103821005,CE,68906251,SUSPENDIDO
71101.0,Maria Lopez,,3019702501,TI,71003891,ACTIVO
24253.0,Luis Rojas,marialopez@gmail.com,3114779289,TI,,ACTIVO
24522.0,Maria Lopez,anamartinez@gmail.com,3013055176,CE,,ACTIVO
4885.0,Luis Rojas,,3118792232,TI,72641195,SUSPENDIDO
41066.0,Carlos Gomez,carlosgomez@yahoo.com,3101239676,CC,,INACTIVO
,Carlos Gomez,juanperez@yahoo.com,3018579355,CE,65301194,ACTIVO
,Carlos Gomez,juanperez@gmail.com,3027192916,TI,81965089,ACTIVO
23795.0,Juan Perez,anamartinez@hotmail.com,3101486928,CE,25627807,ACTIVO
25928.0,Maria Lopez,,3101790846,CE,45500431,ACTIVO
53732.0,Carlos Gomez,,3115185617,CC,28174432,ACTIVO
71446.0,Juan Perez,,3107414783,CE,82666165,SUSPENDIDO
82056.0,Ana Martinez,marialopez@yahoo.com,abc123,CE,20357666,INACTIVO
74456.0,Maria Lopez,juanperez@yahoo.com,3022174243,CC,63304739,desconocido
11150.0,Luis Rojas,marialopez@yahoo.com,abc123,CE,54181117,INACTIVO
17577.0,Juan Perez,carlosgomez@hotmail.com,3101970873,TI,76898626,desconocido
47958.0,Ana Martinez,anamartinez@hotmail.com,abc123,TI,39809874,ACTIVO
35192.0,Carlos Gomez,juanperez@gmail.com,abc123,CC,80875086,INACTIVO
93158.0,Sofia Torres,anamartinez@yahoo.com,abc123,CE,26926323,INACTIVO
48109.0,Carlos Gomez,juanperez@gmail.com,3016359709,CC,,INACTIVO
34900.0,Carlos Gomez,,3106455350,CE,25694930,INACTIVO
19489.0,Juan Perez,,3013257311,CC,63184616,ACTIVO
67291.0,Juan Perez,sofiatorres@gmail.com,3115397471,CE,,SUSPENDIDO
67440.0,Juan Perez,marialopez@yahoo.com,3019783826,CE,,INACTIVO
54901.0,Maria Lopez,marialopez@gmail.com,3111141169,CC,73061648,desconocido
14725.0,Juan Perez,,3118705802,CC,81636081,INACTIVO
22124.0,Carlos Gomez,,3007385824,CC,14868975,SUSPENDIDO
78072.0,Juan Perez,,3008869236,TI,22990328,ACTIVO
,Juan Perez,carlosgomez@yahoo.com,3104852001,CE,83101896,ACTIVO
,Juan Perez,anamartinez@hotmail.com,3005319938,TI,56178939,SUSPENDIDO
,Maria Lopez,juanperez@gmail.com,3012088819,CE,10909336,INACTIVO
90964.0,Carlos Gomez,juanperez@yahoo.com,3113859586,CE,,SUSPENDIDO
91382.0,Ana Martinez,sofiatorres@hotmail.com,abc123,CE,59365086,INACTIVO
91438.0,Carlos Gomez,juanperez@gmail.com,3115111913,CC,,ACTIVO
12437.0,Maria Lopez,carlosgomez@gmail.com,abc123,CC,52592330,ACTIVO
86994.0,Ana Martinez,,3022879006,TI,10145855,SUSPENDIDO
99276.0,Luis Rojas,luisrojas@hotmail.com,abc123,CC,40509904,SUSPENDIDO
39019.0,Carlos Gomez,carlosgomez@yahoo.com,3116879853,CC,39393088,desconocido
,Luis Rojas,carlosgomez@yahoo.com,3009186446,CC,92684968,INACTIVO
,Maria Lopez,luisrojas@gmail.com,3021786226,CC,26558395,SUSPENDIDO
92152.0,Sofia Torres,anamartinez@hotmail.com,3112182966,CE,,ACTIVO
22499.0,Juan Perez,juanperez@yahoo.com,abc123,TI,19204168,SUSPENDIDO
71959.0,Ana Martinez,luisrojas@yahoo.com,3108744796,CE,87683458,INACTIVO
37474.0,Maria Lopez,,3007229477,TI,65173401,SUSPENDIDO
58946.0,Juan Perez,marialopez@gmail.com,3007086751,CE,,SUSPENDIDO
966.0,Sofia Torres,luisrojas@yahoo.com,abc123,TI,82400927,ACTIVO
63690.0,Luis Rojas,,3116641341,CE,95470473,INACTIVO
72000.0,Juan Perez,,3019694617,TI,30430348,SUSPENDIDO
95487.0,Sofia Torres,sofiatorres@gmail.com,abc123,CE,22248750,SUSPENDIDO
,Luis Rojas,juanperez@yahoo.com,3016661254,CC,54442805,SUSPENDIDO
51706.0,Maria Lopez,anamartinez@gmail.com,3115941849,CE,,ACTIVO
5958.0,Juan Perez,,3018967828,CE,27030261,SUSPENDIDO
93338.0,Sofia Torres,luisrojas@gmail.com,3021118858,TI,62846663,desconocido
,Sofia Torres,marialopez@gmail.com,3108525013,TI,89122351,ACTIVO
3711.0,Ana Martinez,juanperez@gmail.com,3021229114,CC,,INACTIVO
44917.0,Carlos Gomez,juanperez@hotmail.com,abc123,TI,86830014,SUSPENDIDO
38556.0,Luis Rojas,luisrojas@hotmail.com,abc123,TI,19156290,SUSPENDIDO
51610.0,Juan Perez,carlosgomez@yahoo.com,3118083582,CE,75089923,INACTIVO
44244.0,Carlos Gomez,carlosgomez@gmail.com,abc123,CC,63953129,ACTIVO
14452.0,Maria Lopez,luisrojas@hotmail.com,abc123,TI,37836196,ACTIVO
38131.0,Sofia Torres,anamartinez@yahoo.com,3006127959,CE,,INACTIVO
,Sofia Torres,sofiatorres@gmail.com,3013400074,CC,66146653,ACTIVO
30558.0,Ana Martinez,sofiatorres@hotmail.com,3027656931,CC,44226026,ACTIVO
20909.0,Ana Martinez,carlosgomez@yahoo.com,3016628947,CC,67423573,SUSPENDIDO
87732.0,Luis Rojas,marialopez@yahoo.com,3107848127,CC,28106007,desconocido
,Ana Martinez,juanperez@hotmail.com,3022644876,CC,41612248,SUSPENDIDO
47847.0,Maria Lopez,marialopez@yahoo.com,3009939524,CC,,ACTIVO
,Maria Lopez,marialopez@yahoo.com,3008189512,CE,52012248,SUSPENDIDO
71576.0,Luis Rojas,,3006235177,TI,58918801,SUSPENDIDO
2633.0,Maria Lopez,carlosgomez@hotmail.com,3005686790,TI,,INACTIVO
75563.0,Juan Perez,,3103357649,CE,79747146,SUSPENDIDO
52839.0,Maria Lopez,marialopez@hotmail.com,3018343520,CE,,ACTIVO
,Juan Perez,marialopez@hotmail.com,3015109009,CE,23364315,ACTIVO
47140.0,Sofia Torres,carlosgomez@hotmail.com,3023377177,TI,,ACTIVO
,Luis Rojas,juanperez@gmail.com,3117432579,CC,41888227,INACTIVO
21511.0,Maria Lopez,sofiatorres@gmail.com,3112776490,TI,,INACTIVO
94925.0,Carlos Gomez,marialopez@hotmail.com,3014360328,CE,15204558,INACTIVO
85087.0,Luis Rojas,luisrojas@hotmail.com,3108124931,CE,,ACTIVO
43876.0,Juan Perez,anamartinez@yahoo.com,3024094299,CE,,SUSPENDIDO
56102.0,Carlos Gomez,sofiatorres@hotmail.com,abc123,TI,88205335,INACTIVO
43837.0,Ana Martinez,juanperez@gmail.com,3023652297,CC,,INACTIVO
,Sofia Torres,sofiatorres@hotmail.com,3114037663,CE,54034249,ACTIVO
40494.0,Ana Martinez,carlosgomez@yahoo.com,abc123,TI,45671165,ACTIVO
52573.0,Carlos Gomez,juanperez@yahoo.com,3013697718,TI,66269340,desconocido
52158.0,Juan Perez,sofiatorres@hotmail.com,3105059643,CC,59658798,INACTIVO
46726.0,Maria Lopez,carlosgomez@yahoo.com,abc123,CE,88222253,INACTIVO
27768.0,Maria Lopez,,3003417987,CE,10953320,INACTIVO
37462.0,Juan Perez,sofiatorres@hotmail.com,abc123,CE,65569587,SUSPENDIDO
,Sofia Torres,sofiatorres@yahoo.com,3014006307,CC,22043857,INACTIVO
,Maria Lopez,anamartinez@hotmail.com,3106110842,CC,16835078,ACTIVO
84391.0,Sofia Torres,marialopez@yahoo.com,abc123,CC,15404882,INACTIVO
3885.0,Ana Martinez,,3009023501,CE,30560183,ACTIVO
,Ana Martinez,sofiatorres@yahoo.com,3013260929,TI,41129135,SUSPENDIDO
85883.0,Sofia Torres,anamartinez@hotmail.com,3111030038,CC,99686701,desconocido
12247.0,Luis Rojas,,3016501232,CC,63868871,ACTIVO
78744.0,Maria Lopez,carlosgomez@gmail.com,3113547439,TI,,SUSPENDIDO
75996.0,Ana Martinez,,3112302719,CE,70947504,ACTIVO
13579.0,Juan Perez,sofiatorres@hotmail.com,3111830792,TI,29355707,desconocido
54757.0,Juan Perez,sofiatorres@gmail.com,3119143568,TI,,SUSPENDIDO
87509.0,Juan Perez,sofiatorres@gmail.com,abc123,CE,26252250,INACTIVO
69709.0,Sofia Torres,juanperez@yahoo.com,3014190913,CE,21590159,desconocido
27869.0,Juan Perez,juanperez@yahoo.com,abc123,CE,56070313,ACTIVO
73186.0,Juan Perez,carlosgomez@yahoo.com,abc123,CC,35361592,SUSPENDIDO
48445.0,Sofia Torres,sofiatorres@gmail.com,3014937205,TI,83802336,desconocido
7494.0,Carlos Gomez,anamartinez@yahoo.com,abc123,CC,60949161,SUSPENDIDO
72974.0,Carlos Gomez,marialopez@yahoo.com,abc123,CE,60097559,SUSPENDIDO
75546.0,Sofia Torres,anamartinez@yahoo.com,3101647135,CE,,INACTIVO
11595.0,Maria Lopez,,3115396576,TI,52848061,ACTIVO
85690.0,Carlos Gomez,anamartinez@yahoo.com,abc123,CE,50727370,SUSPENDIDO
63549.0,Luis Rojas,anamartinez@gmail.com,3028101774,CC,17361675,desconocido
67690.0,Maria Lopez,luisrojas@gmail.com,abc123,TI,86698418,INACTIVO
70078.0,Juan Perez,sofiatorres@hotmail.com,3001390772,CE,21407585,ACTIVO
,Maria Lopez,carlosgomez@gmail.com,3025352802,CE,21082904,INACTIVO
38381.0,Ana Martinez,,3108711871,CE,41119265,ACTIVO
53172.0,Sofia Torres,marialopez@gmail.com,3109154433,CE,,INACTIVO
87104.0,Juan Perez,sofiatorres@gmail.com,3117168009,TI,,SUSPENDIDO
75569.0,Maria Lopez,luisrojas@hotmail.com,3017566935,CE,80602618,desconocido
,Juan Perez,juanperez@hotmail.com,3026371382,CE,33268427,SUSPENDIDO
13301.0,Ana Martinez,anamartinez@yahoo.com,3119406404,CC,,ACTIVO
38909.0,Maria Lopez,anamartinez@gmail.com,3105138975,CE,,ACTIVO
,Carlos Gomez,luisrojas@hotmail.com,3106319151,TI,79004339,ACTIVO
63089.0,Carlos Gomez,carlosgomez@hotmail.com,abc123,TI,18263557,ACTIVO
,Carlos Gomez,sofiatorres@gmail.com,3001594352,CC,83672726,INACTIVO
16340.0,Sofia Torres,,3106956186,CC,64951692,ACTIVO
,Juan Perez,juanperez@hotmail.com,3003748249,CE,22433957,INACTIVO
13663.0,Luis Rojas,,3029970592,TI,96050655,INACTIVO
78722.0,Ana Martinez,anamartinez@gmail.com,abc123,CC,90502200,ACTIVO
6431.0,Juan Perez,,3118563794,CE,93390812,INACTIVO
56263.0,Luis Rojas,,3106976417,CE,31387076,SUSPENDIDO
49965.0,Ana Martinez,luisrojas@hotmail.com,3013551497,TI,55541907,SUSPENDIDO
,Juan Perez,carlosgomez@hotmail.com,3003434961,CC,41026175,ACTIVO
460.0,Ana Martinez,,3001495817,CC,71877304,INACTIVO
19008.0,Maria Lopez,marialopez@hotmail.com,3004795244,CE,43624840,INACTIVO
,Sofia Torres,anamartinez@yahoo.com,3001641004,CE,80652232,INACTIVO
92209.0,Luis Rojas,anamartinez@gmail.com,3105998842,TI,26870120,desconocido
69823.0,Ana Martinez,juanperez@yahoo.com,3106444792,CE,,ACTIVO
16367.0,Carlos Gomez,,3113187011,CE,23488173,ACTIVO
13174.0,Maria Lopez,marialopez@hotmail.com,abc123,CC,96933021,INACTIVO
90851.0,Ana Martinez,,3105131712,CC,48006076,INACTIVO
27078.0,Juan Perez,sofiatorres@yahoo.com,abc123,CE,71846730,SUSPENDIDO
32645.0,Luis Rojas,sofiatorres@hotmail.com,abc123,CE,23161815,INACTIVO
98617.0,Luis Rojas,juanperez@gmail.com,3101433668,CE,48084203,INACTIVO
44714.0,Sofia Torres,luisrojas@hotmail.com,3019392134,CC,72192847,desconocido
28983.0,Sofia Torres,,3103625743,CC,51112927,INACTIVO
40910.0,Luis Rojas,anamartinez@gmail.com,abc123,CE,13726490,INACTIVO
13891.0,Carlos Gomez,sofiatorres@hotmail.com,3001862858,CE,,SUSPENDIDO
71334.0,Sofia Torres,,3001553919,CE,44859139,INACTIVO
47124.0,Juan Perez,luisrojas@yahoo.com,3024219623,TI,23209841,INACTIVO
91930.0,Carlos Gomez,sofiatorres@hotmail.com,3012685951,TI,66821200,desconocido
51321.0,Carlos Gomez,sofiatorres@yahoo.com,3012678445,CC,80854901,SUSPENDIDO
41654.0,Maria Lopez,sofiatorres@hotmail.com,3002977291,TI,,ACTIVO
31984.0,Carlos Gomez,juanperez@gmail.com,3027873160,CC,45655881,SUSPENDIDO
81402.0,Luis Rojas,marialopez@gmail.com,3016687328,CC,79935643,ACTIVO
98587.0,Maria Lopez,luisrojas@yahoo.com,3104518474,CE,,ACTIVO
32112.0,Maria Lopez,juanperez@yahoo.com,3103615625,TI,55041976,desconocido
16098.0,Juan Perez,,3109799831,CE,52751023,INACTIVO
9781.0,Carlos Gomez,carlosgomez@hotmail.com,3007539963,CE,,SUSPENDIDO
9937.0,Ana Martinez,,3006648322,TI,78086271,SUSPENDIDO
73920.0,Carlos Gomez,luisrojas@hotmail.com,3006719115,CE,,INACTIVO
62626.0,Carlos Gomez,marialopez@hotmail.com,3024782531,TI,,INACTIVO
59777.0,Luis Rojas,sofiatorres@hotmail.com,abc123,CC,47187247,ACTIVO
35633.0,Ana Martinez,,3102522896,TI,13772185,SUSPENDIDO
33047.0,Maria Lopez,anamartinez@hotmail.com,3014936924,TI,,ACTIVO
,Maria Lopez,anamartinez@yahoo.com,3026445068,CE,62179845,SUSPENDIDO
,Sofia Torres,carlosgomez@yahoo.com,3103289024,CE,84441277,SUSPENDIDO
8968.0,Ana Martinez,luisrojas@yahoo.com,abc123,CC,56888680,ACTIVO
21424.0,Sofia Torres,luisrojas@hotmail.com,3007865922,CC,73907786,ACTIVO
9524.0,Sofia Torres,juanperez@hotmail.com,3106596614,CE,,SUSPENDIDO
37938.0,Maria Lopez,marialopez@hotmail.com,3015199942,CC,39904662,ACTIVO
74080.0,Sofia Torres,marialopez@yahoo.com,3005624756,CC,,INACTIVO
,Luis Rojas,sofiatorres@gmail.com,3029297918,CC,92285246,ACTIVO
33629.0,Juan Perez,sofiatorres@yahoo.com,3028813164,CE,,ACTIVO
95486.0,Sofia Torres,carlosgomez@yahoo.com,3112852645,CC,,INACTIVO
21397.0,Carlos Gomez,luisrojas@hotmail.com,3106131895,TI,,INACTIVO
99669.0,Luis Rojas,,3016752732,CE,29887312,SUSPENDIDO
23197.0,Juan Perez,anamartinez@hotmail.com,3014889473,CC,,ACTIVO
,Carlos Gomez,marialopez@hotmail.com,3105251077,CE,28860298,INACTIVO
64867.0,Juan Perez,marialopez@yahoo.com,3109871591,TI,,ACTIVO
52528.0,Carlos Gomez,marialopez@gmail.com,3116901004,TI,,SUSPENDIDO
10914.0,Juan Perez,,3004298095,CC,72139031,ACTIVO
12328.0,Ana Martinez,,3026525478,CE,32895940,ACTIVO
67777.0,Ana Martinez,,3105753587,CC,23383505,INACTIVO
51960.0,Maria Lopez,sofiatorres@hotmail.com,3101990620,CE,29317703,desconocido
6599.0,Sofia Torres,,3009663470,CC,40713785,SUSPENDIDO
62848.0,Ana Martinez,carlosgomez@hotmail.com,abc123,TI,57872354,SUSPENDIDO
23193.0,Sofia Torres,carlosgomez@gmail.com,3024100783,TI,,INACTIVO
,Carlos Gomez,sofiatorres@gmail.com,3024524959,CC,53100702,SUSPENDIDO
99011.0,Luis Rojas,luisrojas@yahoo.com,3014714120,CC,34363840,desconocido
3718.0,Carlos Gomez,juanperez@yahoo.com,3024536352,TI,,ACTIVO
39270.0,Juan Perez,,3025043773,CE,35177025,INACTIVO
33561.0,Carlos Gomez,marialopez@gmail.com,3005469025,TI,83291478,SUSPENDIDO
90964.0,Carlos Gomez,sofiatorres@hotmail.com,3104291729,CC,56124101,desconocido
38751.0,Carlos Gomez,carlosgomez@yahoo.com,3005578192,CC,86618523,desconocido
43571.0,Ana Martinez,marialopez@yahoo.com,3118360389,CE,46193980,SUSPENDIDO
15276.0,Ana Martinez,luisrojas@hotmail.com,3107354710,TI,73811468,desconocido
3892.0,Ana Martinez,marialopez@hotmail.com,3102875509,TI,88149390,SUSPENDIDO
18585.0,Juan Perez,luisrojas@hotmail.com,3002677872,TI,,INACTIVO
67189.0,Carlos Gomez,marialopez@gmail.com,3027907508,CE,,SUSPENDIDO
51541.0,Ana Martinez,juanperez@gmail.com,abc123,CC,35729959,SUSPENDIDO
90460.0,Maria Lopez,anamartinez@hotmail.com,abc123,CC,45102758,ACTIVO
16575.0,Sofia Torres,marialopez@gmail.com,abc123,TI,95787012,SUSPENDIDO
83915.0,Ana Martinez,luisrojas@gmail.com,abc123,CC,29218183,INACTIVO
31647.0,Carlos Gomez,marialopez@hotmail.com,3022269011,TI,,ACTIVO
,Juan Perez,marialopez@gmail.com,3107827976,TI,57641168,INACTIVO
54058.0,Maria Lopez,sofiatorres@hotmail.com,3104334079,CE,,ACTIVO
45041.0,Carlos Gomez,juanperez@hotmail.com,abc123,CE,37795643,INACTIVO
81058.0,Maria Lopez,juanperez@gmail.com,abc123,CC,56888186,SUSPENDIDO
97905.0,Carlos Gomez,,3024734272,CE,86944638,ACTIVO
67489.0,Juan Perez,sofiatorres@yahoo.com,3115391953,TI,61123213,SUSPENDIDO
,Juan Perez,luisrojas@gmail.com,3005090818,CE,46332283,ACTIVO
7068.0,Sofia Torres,carlosgomez@gmail.com,abc123,CC,29977673,INACTIVO
,Juan Perez,luisrojas@gmail.com,3025562912,TI,29259229,SUSPENDIDO
82991.0,Sofia Torres,marialopez@gmail.com,3026294998,CC,72661258,desconocido
89175.0,Juan Perez,anamartinez@gmail.com,3027409094,CE,,INACTIVO
80623.0,Juan Perez,,3104038781,CE,62196602,SUSPENDIDO
,Juan Perez,sofiatorres@hotmail.com,3019465284,TI,97463796,SUSPENDIDO
34678.0,Carlos Gomez,anamartinez@yahoo.com,abc123,CE,15460103,ACTIVO
4689.0,Ana Martinez,marialopez@yahoo.com,3115072472,TI,,ACTIVO
,Sofia Torres,carlosgomez@gmail.com,3119589622,CE,73870748,SUSPENDIDO
7468.0,Carlos Gomez,carlosgomez@hotmail.com,3109063127,CE,,ACTIVO
47597.0,Sofia Torres,marialopez@gmail.com,3016441657,TI,94378461,desconocido
30334.0,Maria Lopez,marialopez@gmail.com,3025689390,CC,,SUSPENDIDO
,Luis Rojas,anamartinez@yahoo.com,3118458092,CC,28110938,INACTIVO
66524.0,Carlos Gomez,,3003883354,CC,63945954,SUSPENDIDO
,Juan Perez,carlosgomez@yahoo.com,3022187979,CC,78077237,ACTIVO
55056.0,Carlos Gomez,juanperez@gmail.com,3108700191,CE,,SUSPENDIDO
1021.0,Carlos Gomez,sofiatorres@gmail.com,abc123,CC,34635591,INACTIVO
,Maria Lopez,marialopez@yahoo.com,3022904531,CC,90204749,SUSPENDIDO
42503.0,Juan Perez,sofiatorres@hotmail.com,abc123,TI,28530000,ACTIVO
,Sofia Torres,marialopez@gmail.com,3026311082,TI,33640902,INACTIVO
67682.0,Ana Martinez,juanperez@hotmail.com,3108322232,TI,89752780,desconocido
18333.0,Maria Lopez,carlosgomez@hotmail.com,3025827832,CC,,ACTIVO
24560.0,Ana Martinez,,3115127415,CE,12720558,ACTIVO
88472.0,Luis Rojas,marialopez@hotmail.com,3029031520,CC,,ACTIVO
40474.0,Carlos Gomez,carlosgomez@yahoo.com,3105412950,CE,86261376,SUSPENDIDO
17116.0,Luis Rojas,,3022859154,TI,34437225,SUSPENDIDO
89505.0,Juan Perez,carlosgomez@gmail.com,abc123,CC,40822067,INACTIVO
,Sofia Torres,luisrojas@gmail.com,3001655088,CE,76163055,INACTIVO
63562.0,Sofia Torres,marialopez@gmail.com,3006954709,CC,,SUSPENDIDO
21700.0,Sofia Torres,sofiatorres@gmail.com,3117246817,TI,36765699,INACTIVO
,Juan Perez,marialopez@gmail.com,3016597653,CC,59983099,SUSPENDIDO
6430.0,Carlos Gomez,marialopez@hotmail.com,abc123,CE,15389631,ACTIVO
38470.0,Luis Rojas,,3019662748,TI,55165920,ACTIVO
56187.0,Luis Rojas,,3101393697,CC,49191277,INACTIVO
,Luis Rojas,sofiatorres@yahoo.com,3019684225,CC,58499846,INACTIVO
27305.0,Ana Martinez,,3102097919,TI,22440491,SUSPENDIDO
67461.0,Sofia Torres,anamartinez@gmail.com,3001567224,TI,,INACTIVO
64419.0,Juan Perez,luisrojas@yahoo.com,abc123,TI,85038169,SUSPENDIDO
73262.0,Luis Rojas,,3021862800,CC,85146161,ACTIVO
61518.0,Juan Perez,sofiatorres@yahoo.com,3007283253,CE,,SUSPENDIDO
7904.0,Luis Rojas,anamartinez@yahoo.com,3009122641,TI,58215608,desconocido
22482.0,Luis Rojas,anamartinez@hotmail.com,3014974384,CC,19769259,desconocido
92692.0,Maria Lopez,sofiatorres@hotmail.com,3022430695,TI,,INACTIVO
22509.0,Carlos Gomez,anamartinez@hotmail.com,abc123,CE,60066244,ACTIVO
97938.0,Sofia Torres,sofiatorres@gmail.com,3109121752,CE,58082862,SUSPENDIDO
41985.0,Ana Martinez,luisrojas@yahoo.com,abc123,CE,17704726,ACTIVO
13326.0,Juan Perez,juanperez@yahoo.com,3102848693,CC,,ACTIVO
78156.0,Ana Martinez,,3014619451,CE,23571180,ACTIVO
,Carlos Gomez,sofiatorres@gmail.com,3105877449,CC,51720540,SUSPENDIDO
1512.0,Maria Lopez,juanperez@yahoo.com,abc123,TI,74114630,SUSPENDIDO
20401.0,Ana Martinez,luisrojas@gmail.com,3003753354,CC,,ACTIVO
53436.0,Carlos Gomez,luisrojas@hotmail.com,abc123,TI,66722473,ACTIVO
,Ana Martinez,carlosgomez@yahoo.com,3108906653,TI,76698136,INACTIVO
71209.0,Juan Perez,,3101226421,CE,61299848,SUSPENDIDO
54239.0,Carlos Gomez,juanperez@gmail.com,abc123,TI,19127479,INACTIVO
1116.0,Ana Martinez,luisrojas@yahoo.com,abc123,CC,39317561,INACTIVO
,Carlos Gomez,juanperez@hotmail.com,3102089207,CE,96077074,SUSPENDIDO
,Juan Perez,marialopez@gmail.com,3027412470,CC,81985702,ACTIVO
25358.0,Ana Martinez,juanperez@yahoo.com,3012152151,CC,61213925,desconocido
20560.0,Ana Martinez,,3107128425,CC,46911551,INACTIVO
48665.0,Luis Rojas,juanperez@yahoo.com,abc123,TI,39054556,SUSPENDIDO
94076.0,Juan Perez,sofiatorres@hotmail.com,3018695617,CE,64664712,SUSPENDIDO
12818.0,Ana Martinez,marialopez@yahoo.com,abc123,CC,31759107,ACTIVO
47539.0,Luis Rojas,luisrojas@gmail.com,3018845496,TI,84573663,SUSPENDIDO
,Ana Martinez,marialopez@hotmail.com,3106693028,CE,53641798,SUSPENDIDO
62659.0,Maria Lopez,luisrojas@yahoo.com,3103679584,TI,90829350,desconocido
81536.0,Sofia Torres,marialopez@yahoo.com,3108830758,TI,62651111,INACTIVO
99904.0,Maria Lopez,juanperez@hotmail.com,3119151327,CE,,SUSPENDIDO
57585.0,Juan Perez,luisrojas@yahoo.com,3025618773,CC,27905782,desconocido
,Maria Lopez,juanperez@yahoo.com,3105409237,CC,61000202,ACTIVO
17424.0,Carlos Gomez,sofiatorres@yahoo.com,abc123,CE,23612782,SUSPENDIDO
97444.0,Luis Rojas,marialopez@gmail.com,3022242356,TI,,SUSPENDIDO
,Maria Lopez,sofiatorres@yahoo.com,3115452995,TI,93798745,SUSPENDIDO
43414.0,Juan Perez,luisrojas@hotmail.com,3102412674,TI,,SUSPENDIDO
61961.0,Sofia Torres,juanperez@yahoo.com,abc123,CE,89236457,SUSPENDIDO
43273.0,Ana Martinez,luisrojas@yahoo.com,abc123,TI,21642727,ACTIVO
74382.0,Sofia Torres,marialopez@hotmail.com,abc123,TI,44343085,SUSPENDIDO
,Carlos Gomez,anamartinez@yahoo.com,3018419121,TI,99906901,SUSPENDIDO
,Maria Lopez,luisrojas@gmail.com,3029289975,CC,99611118,INACTIVO
24468.0,Ana Martinez,carlosgomez@yahoo.com,3017995245,CE,,ACTIVO
48907.0,Sofia Torres,,3022459392,CE,75140593,SUSPENDIDO
9123.0,Ana Martinez,sofiatorres@yahoo.com,abc123,TI,65664833,ACTIVO
,Luis Rojas,anamartinez@yahoo.com,3011325993,CE,60341918,INACTIVO
22209.0,Carlos Gomez,marialopez@yahoo.com,abc123,CE,56093752,INACTIVO
13394.0,Ana Martinez,anamartinez@hotmail.com,3019659113,TI,25437254,desconocido
40817.0,Juan Perez,anamartinez@gmail.com,3022722857,CE,74679668,desconocido
,Sofia Torres,sofiatorres@yahoo.com,3114196166,CE,91500337,INACTIVO
8426.0,Sofia Torres,anamartinez@gmail.com,abc123,CC,40733837,INACTIVO
33005.0,Luis Rojas,,3005125186,CE,79862541,INACTIVO
42845.0,Carlos Gomez,juanperez@hotmail.com,abc123,TI,17213411,SUSPENDIDO
35239.0,Juan Perez,carlosgomez@yahoo.com,3108518232,CC,,INACTIVO
,Carlos Gomez,luisrojas@hotmail.com,3028164610,CE,29595075,SUSPENDIDO
87395.0,Carlos Gomez,anamartinez@hotmail.com,3008302095,CE,,INACTIVO
77500.0,Ana Martinez,marialopez@gmail.com,abc123,CE,88494629,SUSPENDIDO
92655.0,Luis Rojas,sofiatorres@gmail.com,3026321957,TI,,ACTIVO
,Luis Rojas,anamartinez@gmail.com,3025580866,CE,73216831,ACTIVO
54564.0,Carlos Gomez,juanperez@gmail.com,abc123,CC,13031249,ACTIVO
18425.0,Ana Martinez,anamartinez@gmail.com,abc123,CE,10466476,INACTIVO
34087.0,Ana Martinez,anamartinez@yahoo.com,abc123,TI,60599317,ACTIVO
,Carlos Gomez,luisrojas@yahoo.com,3116191176,TI,57104163,ACTIVO
23447.0,Ana Martinez,sofiatorres@gmail.com,abc123,CC,63395217,SUSPENDIDO
49674.0,Luis Rojas,luisrojas@hotmail.com,3004614713,CC,,SUSPENDIDO
,Ana Martinez,sofiatorres@gmail.com,3008132844,CC,57164990,SUSPENDIDO
86860.0,Carlos Gomez,luisrojas@gmail.com,3003870588,CE,,INACTIVO
48219.0,Sofia Torres,marialopez@gmail.com,abc123,CC,86329841,ACTIVO
31619.0,Maria Lopez,marialopez@yahoo.com,3115615712,CE,,INACTIVO
95513.0,Maria Lopez,marialopez@yahoo.com,3023732338,CE,77844280,desconocido
67684.0,Juan Perez,carlosgomez@gmail.com,abc123,TI,77368134,SUSPENDIDO
74606.0,Luis Rojas,,3017180863,TI,29009083,INACTIVO
56076.0,Luis Rojas,carlosgomez@hotmail.com,3009869249,TI,20549812,INACTIVO
51256.0,Luis Rojas,sofiatorres@yahoo.com,abc123,CE,21640710,ACTIVO
76271.0,Maria Lopez,sofiatorres@gmail.com,abc123,CC,26084111,ACTIVO
14113.0,Juan Perez,juanperez@gmail.com,abc123,CC,14339703,INACTIVO
90322.0,Carlos Gomez,anamartinez@yahoo.com,3113775376,TI,,ACTIVO
63998.0,Juan Perez,,3003933064,CC,82183010,INACTIVO
98757.0,Carlos Gomez,marialopez@hotmail.com,abc123,CC,45222626,ACTIVO
46199.0,Maria Lopez,anamartinez@hotmail.com,3005212103,TI,10749566,INACTIVO
,Carlos Gomez,anamartinez@yahoo.com,3106061460,CE,75801017,SUSPENDIDO
23684.0,Luis Rojas,juanperez@yahoo.com,3023693261,CC,63110945,ACTIVO
,Ana Martinez,juanperez@gmail.com,3119815057,CC,38517348,ACTIVO
22247.0,Maria Lopez,anamartinez@gmail.com,3019447642,TI,63939403,ACTIVO
40801.0,Maria Lopez,juanperez@hotmail.com,3116649805,CE,91309736,SUSPENDIDO
,Juan Perez,anamartinez@yahoo.com,3108737481,CC,24719942,INACTIVO
82609.0,Ana Martinez,luisrojas@gmail.com,3118633541,CC,74277316,desconocido
94639.0,Sofia Torres,,3029698700,CE,90665895,SUSPENDIDO
33284.0,Sofia Torres,anamartinez@hotmail.com,3015099710,TI,51947934,desconocido
10324.0,Maria Lopez,anamartinez@yahoo.com,abc123,TI,31120733,SUSPENDIDO
87605.0,Sofia Torres,sofiatorres@gmail.com,abc123,TI,28607247,SUSPENDIDO
60756.0,Sofia Torres,sofiatorres@hotmail.com,3006957641,CC,31678760,desconocido
62258.0,Carlos Gomez,sofiatorres@yahoo.com,3109060552,CE,,INACTIVO
,Ana Martinez,anamartinez@yahoo.com,3102681688,CE,50937062,INACTIVO
,Juan Perez,carlosgomez@yahoo.com,3105988931,CC,77095282,SUSPENDIDO
,Maria Lopez,sofiatorres@gmail.com,3014070721,TI,65084567,INACTIVO
15483.0,Maria Lopez,luisrojas@yahoo.com,3003667188,CE,94628750,desconocido
27180.0,Ana Martinez,carlosgomez@yahoo.com,abc123,CC,79251072,ACTIVO
53958.0,Ana Martinez,anamartinez@yahoo.com,3104873286,TI,,ACTIVO
,Ana Martinez,luisrojas@gmail.com,3018021911,CC,92884028,SUSPENDIDO
8764.0,Carlos Gomez,marialopez@gmail.com,3112395550,CC,,SUSPENDIDO
,Sofia Torres,juanperez@hotmail.com,3012947421,CC,98024176,INACTIVO
26985.0,Juan Perez,anamartinez@hotmail.com,abc123,CC,63117979,INACTIVO
,Ana Martinez,marialopez@hotmail.com,3025259090,CE,13632801,SUSPENDIDO
76260.0,Maria Lopez,,3116284275,TI,18897720,ACTIVO
7161.0,Carlos Gomez,luisrojas@gmail.com,3103707319,CE,77080732,ACTIVO
43117.0,Ana Martinez,sofiatorres@hotmail.com,3028284334,TI,,ACTIVO
29978.0,Luis Rojas,juanperez@yahoo.com,abc123,TI,33002074,ACTIVO
92742.0,Sofia Torres,,3007337467,TI,58649938,SUSPENDIDO
61648.0,Maria Lopez,anamartinez@gmail.com,3025604520,CC,,INACTIVO
60034.0,Ana Martinez,marialopez@hotmail.com,3103866993,CC,11769194,ACTIVO
,Luis Rojas,marialopez@gmail.com,3024975766,CC,59980066,ACTIVO
99252.0,Luis Rojas,juanperez@gmail.com,3104974894,CC,14065453,INACTIVO
,Maria Lopez,luisrojas@gmail.com,3118361574,CC,65905734,ACTIVO
,Ana Martinez,marialopez@yahoo.com,3111968836,CE,80489100,ACTIVO
87113.0,Sofia Torres,carlosgomez@gmail.com,abc123,TI,34694226,SUSPENDIDO
16936.0,Sofia Torres,marialopez@yahoo.com,3103515133,CC,41137475,desconocido
62449.0,Juan Perez,juanperez@hotmail.com,3028634507,TI,46747033,SUSPENDIDO
73433.0,Sofia Torres,luisrojas@hotmail.com,3116867491,TI,96128231,SUSPENDIDO
,Carlos Gomez,sofiatorres@yahoo.com,3014919160,CE,15167190,INACTIVO
4430.0,Maria Lopez,sofiatorres@yahoo.com,3103128394,CE,,ACTIVO
,Sofia Torres,anamartinez@hotmail.com,3021549204,CC,57656643,SUSPENDIDO
47460.0,Ana Martinez,anamartinez@gmail.com,3029961067,CC,,INACTIVO
,Luis Rojas,carlosgomez@hotmail.com,3013059337,TI,38648686,INACTIVO
93285.0,Carlos Gomez,luisrojas@hotmail.com,3015732794,CE,,ACTIVO
46721.0,Juan Perez,luisrojas@hotmail.com,3013125728,TI,,ACTIVO
6807.0,Maria Lopez,luisrojas@hotmail.com,abc123,TI,57519055,ACTIVO
34463.0,Sofia Torres,,3025239888,TI,90920283,SUSPENDIDO
65364.0,Juan Perez,,3001836385,TI,28776946,SUSPENDIDO
92525.0,Luis Rojas,marialopez@gmail.com,3116709408,TI,,SUSPENDIDO
87863.0,Maria Lopez,,3007108565,TI,78266876,ACTIVO
40968.0,Juan Perez,luisrojas@yahoo.com,abc123,CE,50447524,SUSPENDIDO
81223.0,Luis Rojas,luisrojas@hotmail.com,3117631655,CC,,INACTIVO
54236.0,Luis Rojas,anamartinez@gmail.com,3012774311,CC,,ACTIVO
55675.0,Carlos Gomez,marialopez@hotmail.com,abc123,CC,57205870,SUSPENDIDO
,Ana Martinez,sofiatorres@gmail.com,3019696432,CE,17847475,ACTIVO
,Ana Martinez,marialopez@yahoo.com,3001652475,TI,56350899,SUSPENDIDO
19219.0,Maria Lopez,sofiatorres@yahoo.com,abc123,CE,39259365,INACTIVO
91248.0,Juan Perez,juanperez@hotmail.com,3116584544,CC,49359829,ACTIVO
,Sofia Torres,marialopez@hotmail.com,3106771932,CE,29463213,SUSPENDIDO
,Carlos Gomez,juanperez@hotmail.com,3117796378,CE,52156023,SUSPENDIDO
55928.0,Carlos Gomez,juanperez@gmail.com,3013581432,TI,47831330,ACTIVO
69603.0,Ana Martinez,carlosgomez@hotmail.com,3113722196,CC,98606636,INACTIVO
67406.0,Luis Rojas,anamartinez@gmail.com,3021408015,TI,,INACTIVO
42349.0,Juan Perez,luisrojas@gmail.com,abc123,TI,72721594,SUSPENDIDO
,Maria Lopez,marialopez@gmail.com,3119972378,CE,68220993,INACTIVO
81521.0,Juan Perez,luisrojas@gmail.com,3011762079,CC,,SUSPENDIDO
,Juan Perez,luisrojas@hotmail.com,3015963341,CC,38557361,INACTIVO
92394.0,Luis Rojas,sofiatorres@hotmail.com,3008473386,CC,28887957,ACTIVO
22091.0,Maria Lopez,juanperez@hotmail.com,3115639629,CE,,INACTIVO
16401.0,Sofia Torres,sofiatorres@hotmail.com,abc123,CC,56709359,ACTIVO
60762.0,Carlos Gomez,carlosgomez@hotmail.com,3111066154,CC,67264664,ACTIVO
46823.0,Maria Lopez,luisrojas@hotmail.com,3016095733,CE,41440241,INACTIVO
31897.0,Ana Martinez,carlosgomez@hotmail.com,3024488537,TI,27145118,desconocido
26685.0,Maria Lopez,marialopez@yahoo.com,abc123,CE,93235692,INACTIVO
7334.0,Luis Rojas,marialopez@gmail.com,3101511328,CC,,ACTIVO
26485.0,Luis Rojas,juanperez@hotmail.com,abc123,CE,45584862,ACTIVO
6287.0,Carlos Gomez,marialopez@yahoo.com,3103529468,TI,,ACTIVO
70454.0,Carlos Gomez,carlosgomez@hotmail.com,3022917295,TI,67871721,SUSPENDIDO
97356.0,Juan Perez,carlosgomez@gmail.com,abc123,CC,50416686,SUSPENDIDO
,Carlos Gomez,anamartinez@hotmail.com,3011050798,TI,16739108,SUSPENDIDO
93695.0,Juan Perez,,3025781811,TI,59833716,ACTIVO
9455.0,Luis Rojas,marialopez@gmail.com,abc123,TI,85239754,INACTIVO
27782.0,Maria Lopez,marialopez@gmail.com,3114185565,CE,,SUSPENDIDO
6855.0,Maria Lopez,anamartinez@yahoo.com,3101117078,TI,49797553,ACTIVO
33143.0,Luis Rojas,marialopez@yahoo.com,abc123,TI,68451521,ACTIVO
8388.0,Luis Rojas,carlosgomez@hotmail.com,3005601599,CC,98095188,INACTIVO
9341.0,Luis Rojas,sofiatorres@yahoo.com,abc123,CC,77891914,INACTIVO
51777.0,Maria Lopez,carlosgomez@gmail.com,3015713199,CC,,INACTIVO
14658.0,Ana Martinez,anamartinez@hotmail.com,3116281012,CE,,SUSPENDIDO
22793.0,Carlos Gomez,juanperez@gmail.com,abc123,TI,69450653,INACTIVO
,Ana Martinez,marialopez@hotmail.com,3114674710,CC,55710509,ACTIVO
37813.0,Luis Rojas,juanperez@hotmail.com,abc123,CE,92308552,ACTIVO
81051.0,Juan Perez,,3117410704,CE,17759248,INACTIVO
51419.0,Ana Martinez,juanperez@hotmail.com,abc123,CE,20198715,SUSPENDIDO
35248.0,Juan Perez,luisrojas@gmail.com,abc123,CC,18667624,ACTIVO
,Sofia Torres,anamartinez@hotmail.com,3111126875,TI,84822389,INACTIVO
,Carlos Gomez,carlosgomez@gmail.com,3114007840,TI,30538473,SUSPENDIDO
46619.0,Juan Perez,juanperez@yahoo.com,abc123,TI,66731874,INACTIVO
,Carlos Gomez,luisrojas@yahoo.com,3012412920,TI,97324755,SUSPENDIDO
88812.0,Juan Perez,anamartinez@hotmail.com,abc123,CE,53707762,SUSPENDIDO
19130.0,Sofia Torres,marialopez@hotmail.com,3004203074,CE,,INACTIVO
,Ana Martinez,sofiatorres@gmail.com,3119935698,TI,37691220,ACTIVO
71140.0,Ana Martinez,anamartinez@yahoo.com,3102709137,CE,,INACTIVO
,Luis Rojas,sofiatorres@hotmail.com,3108474257,CC,99660723,INACTIVO
96163.0,Ana Martinez,sofiatorres@yahoo.com,3005186688,CC,,SUSPENDIDO
,Carlos Gomez,carlosgomez@hotmail.com,3114062191,TI,24832511,ACTIVO
54583.0,Carlos Gomez,juanperez@gmail.com,3104901550,TI,48163317,SUSPENDIDO
,Maria Lopez,juanperez@gmail.com,3006751970,CC,11373419,SUSPENDIDO
90628.0,Ana Martinez,,3105006278,CC,77960133,SUSPENDIDO
87226.0,Luis Rojas,,3021467448,TI,78916780,INACTIVO
4449.0,Maria Lopez,sofiatorres@gmail.com,3109535892,CC,,SUSPENDIDO
74978.0,Ana Martinez,,3028945819,TI,49458981,ACTIVO
83788.0,Luis Rojas,sofiatorres@gmail.com,3108382418,CC,,SUSPENDIDO
12474.0,Carlos Gomez,juanperez@yahoo.com,3115871629,CC,,SUSPENDIDO
27173.0,Carlos Gomez,juanperez@yahoo.com,3102868276,CE,,SUSPENDIDO
50627.0,Juan Perez,marialopez@gmail.com,abc123,CC,60493341,ACTIVO
71711.0,Maria Lopez,juanperez@yahoo.com,3109037325,TI,99787186,desconocido
30913.0,Juan Perez,juanperez@gmail.com,3101346309,TI,93711532,ACTIVO
16043.0,Luis Rojas,,3015333115,TI,73393023,SUSPENDIDO
40657.0,Carlos Gomez,marialopez@gmail.com,3028214031,CC,,SUSPENDIDO
,Juan Perez,anamartinez@gmail.com,3011026543,CE,12600565,SUSPENDIDO
41649.0,Juan Perez,,3027539188,CE,83407785,INACTIVO
77294.0,Ana Martinez,sofiatorres@yahoo.com,3027450060,CE,40501928,SUSPENDIDO
76798.0,Ana Martinez,anamartinez@gmail.com,3022575409,CE,,ACTIVO
,Juan Perez,marialopez@gmail.com,3112598312,TI,46988635,SUSPENDIDO
,Juan Perez,carlosgomez@yahoo.com,3118406596,CE,94967638,INACTIVO
8344.0,Juan Perez,luisrojas@yahoo.com,3112775600,TI,,SUSPENDIDO
,Luis Rojas,luisrojas@yahoo.com,3006292549,CE,75708942,INACTIVO
41733.0,Maria Lopez,sofiatorres@gmail.com,abc123,CE,36970283,INACTIVO
31292.0,Maria Lopez,anamartinez@hotmail.com,3117596153,CE,,SUSPENDIDO
,Carlos Gomez,juanperez@gmail.com,3014798743,TI,77525589,SUSPENDIDO
,Ana Martinez,sofiatorres@yahoo.com,3009748093,TI,77140213,SUSPENDIDO
80597.0,Sofia Torres,,3021406135,CC,32134513,SUSPENDIDO
77179.0,Sofia Torres,luisrojas@gmail.com,abc123,CE,47037912,SUSPENDIDO
95838.0,Sofia Torres,anamartinez@hotmail.com,3116084076,CC,,ACTIVO
56109.0,Luis Rojas,anamartinez@yahoo.com,3005674146,CC,22237871,desconocido
35994.0,Ana Martinez,anamartinez@hotmail.com,abc123,CC,76621040,ACTIVO
10403.0,Carlos Gomez,juanperez@hotmail.com,3106575485,CE,72897823,desconocido
72559.0,Ana Martinez,marialopez@gmail.com,3028073962,TI,84669769,desconocido
51712.0,Luis Rojas,,3111712518,TI,47533931,INACTIVO
,Carlos Gomez,sofiatorres@yahoo.com,3002179317,CC,70699924,SUSPENDIDO
,Luis Rojas,luisrojas@yahoo.com,3111470847,CC,67182012,INACTIVO
70798.0,Luis Rojas,anamartinez@gmail.com,3105901054,CC,,ACTIVO
27172.0,Maria Lopez,juanperez@gmail.com,abc123,CE,66699638,SUSPENDIDO
11960.0,Luis Rojas,anamartinez@hotmail.com,abc123,CE,25655236,INACTIVO
28669.0,Luis Rojas,,3006558117,TI,79164663,INACTIVO
,Juan Perez,marialopez@gmail.com,3026246685,CE,70004704,ACTIVO
88809.0,Carlos Gomez,,3118996282,CE,83186179,INACTIVO
18899.0,Ana Martinez,luisrojas@gmail.com,3022790757,CE,88557307,desconocido
28290.0,Ana Martinez,anamartinez@hotmail.com,3027790839,CE,,INACTIVO
,Ana Martinez,carlosgomez@hotmail.com,3113233814,TI,18071541,INACTIVO
,Carlos Gomez,sofiatorres@gmail.com,3111929571,CC,78464187,SUSPENDIDO
16929.0,Sofia Torres,juanperez@yahoo.com,abc123,TI,34075388,SUSPENDIDO
85111.0,Ana Martinez,juanperez@hotmail.com,abc123,CC,67985756,INACTIVO
89758.0,Sofia Torres,,3009496931,TI,70926667,ACTIVO
,Ana Martinez,juanperez@hotmail.com,3015107696,CC,90162414,SUSPENDIDO
,Juan Perez,anamartinez@hotmail.com,3018479209,CC,27836728,ACTIVO
15921.0,Maria Lopez,luisrojas@hotmail.com,abc123,CC,70836822,INACTIVO
12190.0,Carlos Gomez,carlosgomez@gmail.com,3023825110,TI,32468037,desconocido
23720.0,Sofia Torres,juanperez@hotmail.com,abc123,CE,46413466,SUSPENDIDO
1518.0,Maria Lopez,juanperez@yahoo.com,3025030474,CC,,SUSPENDIDO
92709.0,Sofia Torres,,3002944826,TI,60597629,INACTIVO
49246.0,Juan Perez,marialopez@gmail.com,3012096192,CE,62426690,INACTIVO
43545.0,Carlos Gomez,,3006502053,CE,59956300,ACTIVO
1885.0,Ana Martinez,carlosgomez@yahoo.com,3104472935,TI,19338670,INACTIVO
84713.0,Sofia Torres,,3116128632,TI,30798511,SUSPENDIDO
85503.0,Juan Perez,sofiatorres@hotmail.com,3115283106,CC,71701500,INACTIVO
12683.0,Carlos Gomez,marialopez@yahoo.com,3103143876,TI,,SUSPENDIDO
,Sofia Torres,anamartinez@yahoo.com,3016588783,TI,28439349,ACTIVO
99497.0,Ana Martinez,,3106098240,CE,15623266,INACTIVO
59209.0,Juan Perez,luisrojas@hotmail.com,3103519482,TI,18134876,ACTIVO
47954.0,Juan Perez,juanperez@yahoo.com,abc123,CC,85714160,ACTIVO
66248.0,Luis Rojas,luisrojas@gmail.com,abc123,CE,43695010,SUSPENDIDO
11725.0,Carlos Gomez,,3116036930,CC,59039618,SUSPENDIDO
45812.0,Juan Perez,anamartinez@hotmail.com,3107712001,CC,,ACTIVO
73506.0,Maria Lopez,anamartinez@yahoo.com,3119120109,CC,86418050,INACTIVO
28753.0,Ana Martinez,luisrojas@gmail.com,3005444693,CC,63849822,ACTIVO
43889.0,Sofia Torres,sofiatorres@hotmail.com,3012953836,CC,,INACTIVO
56316.0,Sofia Torres,luisrojas@gmail.com,3013437171,CE,,SUSPENDIDO
3971.0,Luis Rojas,luisrojas@yahoo.com,3019869211,CE,,INACTIVO
,Carlos Gomez,carlosgomez@gmail.com,3029100075,CC,39890472,INACTIVO
92583.0,Luis Rojas,marialopez@yahoo.com,3108567441,TI,55691614,desconocido
19796.0,Juan Perez,,3025470769,CC,35050671,INACTIVO
30860.0,Carlos Gomez,marialopez@yahoo.com,3013616580,CE,78824914,ACTIVO
,Ana Martinez,carlosgomez@gmail.com,3102124762,CE,31280860,INACTIVO
80844.0,Sofia Torres,marialopez@gmail.com,abc123,CC,23047653,SUSPENDIDO
,Ana Martinez,juanperez@yahoo.com,3117483905,CC,95699074,SUSPENDIDO
61989.0,Sofia Torres,marialopez@hotmail.com,3013803101,CC,46532085,desconocido
59360.0,Sofia Torres,,3104755619,TI,20186794,INACTIVO
45656.0,Ana Martinez,,3103722232,TI,19735825,ACTIVO
52628.0,Sofia Torres,,3108756038,TI,38456094,ACTIVO
,Sofia Torres,anamartinez@yahoo.com,3101602180,CC,54578377,ACTIVO
80401.0,Maria Lopez,anamartinez@gmail.com,3003608343,CE,56102411,desconocido
27372.0,Carlos Gomez,carlosgomez@hotmail.com,3013511895,TI,72093333,desconocido
92990.0,Luis Rojas,carlosgomez@yahoo.com,3019482438,TI,,INACTIVO
61556.0,Ana Martinez,marialopez@gmail.com,3116210761,CE,76579793,INACTIVO
87789.0,Juan Perez,carlosgomez@gmail.com,3015592817,CE,86636849,SUSPENDIDO
,Luis Rojas,marialopez@hotmail.com,3023402136,CC,33535901,INACTIVO
30718.0,Carlos Gomez,marialopez@hotmail.com,3118484122,TI,,ACTIVO
45662.0,Maria Lopez,luisrojas@hotmail.com,3002091954,CC,64098384,desconocido
42538.0,Ana Martinez,sofiatorres@yahoo.com,3021326548,CE,,SUSPENDIDO
,Maria Lopez,luisrojas@yahoo.com,3028312303,CE,24839794,SUSPENDIDO
,Sofia Torres,carlosgomez@gmail.com,3023140742,TI,63082485,ACTIVO
45570.0,Juan Perez,luisrojas@hotmail.com,abc123,CC,99013929,ACTIVO
85447.0,Luis Rojas,,3015803138,CC,52731024,ACTIVO
28830.0,Carlos Gomez,anamartinez@yahoo.com,3104677336,CC,64423426,desconocido
24372.0,Juan Perez,marialopez@hotmail.com,abc123,TI,11372387,INACTIVO
,Maria Lopez,sofiatorres@hotmail.com,3015529646,CC,26720781,ACTIVO
98527.0,Luis Rojas,,3108459347,CE,12321814,INACTIVO
79876.0,Maria Lopez,,3116538470,CC,45353423,INACTIVO
,Luis Rojas,marialopez@yahoo.com,3023850509,CE,21879275,INACTIVO
21698.0,Juan Perez,sofiatorres@yahoo.com,3027042836,CC,,SUSPENDIDO
39218.0,Ana Martinez,,3107056104,TI,14243505,ACTIVO
1508.0,Luis Rojas,sofiatorres@hotmail.com,3116858221,CE,76784559,INACTIVO
86185.0,Luis Rojas,luisrojas@hotmail.com,3012986866,CE,86545402,INACTIVO
96960.0,Juan Perez,anamartinez@yahoo.com,3023865887,CC,57702145,ACTIVO
29131.0,Ana Martinez,sofiatorres@hotmail.com,3115519235,CC,65127028,INACTIVO
,Luis Rojas,juanperez@yahoo.com,3019985941,CE,81387523,ACTIVO
,Carlos Gomez,marialopez@gmail.com,3006745750,TI,15035588,INACTIVO
,Maria Lopez,marialopez@yahoo.com,3113044921,TI,88430054,INACTIVO
99083.0,Carlos Gomez,juanperez@gmail.com,3011531999,TI,38301743,desconocido
,Maria Lopez,carlosgomez@hotmail.com,3023659903,CC,90896210,SUSPENDIDO
,Luis Rojas,sofiatorres@yahoo.com,3022899484,CE,63864597,INACTIVO
72603.0,Ana Martinez,luisrojas@yahoo.com,3001487353,CC,56314212,ACTIVO
37087.0,Juan Perez,luisrojas@hotmail.com,3029468681,TI,20768260,desconocido
,Juan Perez,marialopez@yahoo.com,3105039723,CC,46630019,INACTIVO
34375.0,Ana Martinez,,3105803884,CC,52483379,SUSPENDIDO
,Juan Perez,luisrojas@gmail.com,3116259021,TI,78952249,ACTIVO
87665.0,Ana Martinez,sofiatorres@hotmail.com,abc123,CE,96446729,INACTIVO
34719.0,Maria Lopez,sofiatorres@gmail.com,3023416832,CE,,ACTIVO
74290.0,Ana Martinez,carlosgomez@hotmail.com,abc123,CE,62189879,ACTIVO
4468.0,Ana Martinez,anamartinez@gmail.com,abc123,TI,44586963,SUSPENDIDO
83619.0,Ana Martinez,carlosgomez@gmail.com,3029829777,TI,,ACTIVO
,Luis Rojas,sofiatorres@gmail.com,3104510493,TI,26457369,INACTIVO
,Ana Martinez,juanperez@gmail.com,3008634074,TI,53698145,SUSPENDIDO
30749.0,Sofia Torres,,3003418966,CC,26363173,SUSPENDIDO
11821.0,Maria Lopez,anamartinez@yahoo.com,3011013515,TI,,SUSPENDIDO
44580.0,Ana Martinez,sofiatorres@yahoo.com,abc123,CC,97041012,INACTIVO
54161.0,Carlos Gomez,juanperez@yahoo.com,3002798795,CE,41032412,desconocido
31440.0,Juan Perez,anamartinez@hotmail.com,3028488400,TI,,INACTIVO
51485.0,Sofia Torres,anamartinez@hotmail.com,abc123,CC,60824076,ACTIVO
9387.0,Juan Perez,luisrojas@gmail.com,3028809959,TI,73224115,SUSPENDIDO
25717.0,Carlos Gomez,,3016303767,TI,31391317,ACTIVO
62288.0,Sofia Torres,,3007568899,TI,40732269,SUSPENDIDO
87923.0,Carlos Gomez,anamartinez@yahoo.com,3119750414,TI,,INACTIVO
56064.0,Maria Lopez,carlosgomez@yahoo.com,3106918049,CC,,ACTIVO
45094.0,Luis Rojas,luisrojas@gmail.com,3014768953,CC,,INACTIVO
21128.0,Maria Lopez,,3019460395,CE,73561351,ACTIVO
39120.0,Luis Rojas,juanperez@hotmail.com,3024332172,CC,,INACTIVO
3762.0,Maria Lopez,marialopez@gmail.com,3113663877,CE,,SUSPENDIDO
31241.0,Luis Rojas,luisrojas@yahoo.com,3017944654,TI,,SUSPENDIDO
52092.0,Luis Rojas,juanperez@yahoo.com,3011934986,CE,,INACTIVO
6453.0,Juan Perez,,3002032018,TI,52966964,ACTIVO
,Luis Rojas,marialopez@hotmail.com,3111518845,TI,81782146,INACTIVO
82854.0,Maria Lopez,anamartinez@yahoo.com,3118049196,CC,,ACTIVO
,Carlos Gomez,carlosgomez@yahoo.com,3009424200,CE,10697570,INACTIVO
22930.0,Luis Rojas,anamartinez@gmail.com,abc123,CC,36652756,SUSPENDIDO
4352.0,Luis Rojas,sofiatorres@hotmail.com,3114906816,TI,,INACTIVO
33081.0,Juan Perez,luisrojas@hotmail.com,3109670411,CC,,INACTIVO
95643.0,Maria Lopez,,3011837265,CC,39440643,SUSPENDIDO
,Carlos Gomez,marialopez@gmail.com,3028105188,CC,23465921,ACTIVO
18857.0,Carlos Gomez,luisrojas@gmail.com,3029532194,CC,,SUSPENDIDO
99029.0,Luis Rojas,luisrojas@yahoo.com,abc123,TI,83618874,INACTIVO
,Luis Rojas,sofiatorres@gmail.com,3103545998,CE,71641115,INACTIVO
,Carlos Gomez,luisrojas@yahoo.com,3004095153,CC,51477347,INACTIVO
97805.0,Carlos Gomez,,3028862802,TI,53255162,SUSPENDIDO
75989.0,Luis Rojas,anamartinez@hotmail.com,3109325665,TI,52813782,INACTIVO
5315.0,Juan Perez,,3017185730,CE,68391152,INACTIVO
19334.0,Juan Perez,marialopez@yahoo.com,abc123,TI,39057753,SUSPENDIDO
95036.0,Carlos Gomez,marialopez@yahoo.com,abc123,CE,71068773,INACTIVO
,Juan Perez,luisrojas@yahoo.com,3027350115,TI,42156427,INACTIVO
77107.0,Sofia Torres,sofiatorres@gmail.com,abc123,CC,25559896,INACTIVO
,Carlos Gomez,juanperez@hotmail.com,3105550272,CC,32620645,ACTIVO
,Sofia Torres,juanperez@hotmail.com,3015540187,CE,80201169,SUSPENDIDO
,Ana Martinez,luisrojas@hotmail.com,3027743695,TI,84999055,ACTIVO
20968.0,Luis Rojas,,3113945713,TI,68075180,INACTIVO
70421.0,Luis Rojas,sofiatorres@gmail.com,abc123,CC,46693684,INACTIVO
,Carlos Gomez,luisrojas@hotmail.com,3012489446,CE,87239667,ACTIVO
99996.0,Carlos Gomez,juanperez@yahoo.com,3114416925,CC,69250222,INACTIVO
78474.0,Sofia Torres,marialopez@hotmail.com,3111376505,TI,92009902,desconocido
64536.0,Sofia Torres,luisrojas@hotmail.com,3105440753,CE,,SUSPENDIDO
24742.0,Sofia Torres,juanperez@yahoo.com,3015974082,CE,75798916,desconocido
96769.0,Maria Lopez,anamartinez@hotmail.com,3029560566,CE,82772518,desconocido
31066.0,Carlos Gomez,,3004706164,TI,53470758,INACTIVO
34512.0,Ana Martinez,juanperez@yahoo.com,3027023698,CC,,INACTIVO
96214.0,Sofia Torres,sofiatorres@gmail.com,3009388602,TI,,INACTIVO
72606.0,Luis Rojas,anamartinez@yahoo.com,abc123,CC,96584255,SUSPENDIDO
21308.0,Luis Rojas,anamartinez@yahoo.com,3104315140,CE,,INACTIVO
86729.0,Luis Rojas,,3023898002,CC,18003336,SUSPENDIDO
37071.0,Ana Martinez,carlosgomez@gmail.com,3112252274,TI,,SUSPENDIDO
4915.0,Sofia Torres,marialopez@yahoo.com,3105957091,CE,18819300,INACTIVO
75877.0,Luis Rojas,juanperez@yahoo.com,3022243245,CE,,ACTIVO
8343.0,Carlos Gomez,carlosgomez@gmail.com,3015507652,TI,,SUSPENDIDO
31403.0,Luis Rojas,juanperez@hotmail.com,3023255228,CC,,INACTIVO
34275.0,Juan Perez,luisrojas@hotmail.com,3102482485,CE,,INACTIVO
36511.0,Sofia Torres,luisrojas@hotmail.com,3016931827,CC,11086178,desconocido
58162.0,Juan Perez,,3108522551,TI,28674156,ACTIVO
18043.0,Juan Perez,carlosgomez@yahoo.com,abc123,CE,13631038,INACTIVO
81040.0,Maria Lopez,carlosgomez@hotmail.com,3114300167,CC,,ACTIVO
,Luis Rojas,juanperez@gmail.com,3029465328,CE,98826752,ACTIVO
54666.0,Carlos Gomez,juanperez@hotmail.com,3108268759,CE,,INACTIVO
75080.0,Sofia Torres,marialopez@gmail.com,abc123,CE,93876373,SUSPENDIDO
24410.0,Carlos Gomez,anamartinez@yahoo.com,abc123,TI,39341970,SUSPENDIDO
10727.0,Carlos Gomez,anamartinez@gmail.com,abc123,TI,30090611,SUSPENDIDO
99343.0,Sofia Torres,anamartinez@gmail.com,abc123,CC,47663531,ACTIVO
,Maria Lopez,anamartinez@hotmail.com,3119436598,CE,83593601,INACTIVO
65631.0,Sofia Torres,carlosgomez@hotmail.com,3025095565,CE,,INACTIVO
4964.0,Sofia Torres,,3106883095,TI,38606873,ACTIVO
36162.0,Sofia Torres,anamartinez@gmail.com,3014880627,TI,,SUSPENDIDO
76175.0,Sofia Torres,,3028709343,CC,14197604,INACTIVO
57805.0,Sofia Torres,anamartinez@yahoo.com,abc123,CE,98677231,ACTIVO
13475.0,Carlos Gomez,luisrojas@yahoo.com,3017648154,TI,,ACTIVO
19316.0,Sofia Torres,,3117002187,TI,76098989,SUSPENDIDO
25285.0,Maria Lopez,anamartinez@yahoo.com,3106614687,CC,86332297,desconocido
,Sofia Torres,anamartinez@hotmail.com,3107799589,CE,40401260,INACTIVO
66574.0,Luis Rojas,,3101699804,TI,51920413,INACTIVO
,Ana Martinez,anamartinez@yahoo.com,3103554598,CE,97537786,ACTIVO
97756.0,Ana Martinez,sofiatorres@hotmail.com,abc123,TI,22749682,INACTIVO
11004.0,Luis Rojas,sofiatorres@hotmail.com,3017341856,TI,40923537,SUSPENDIDO
93984.0,Carlos Gomez,,3018467051,CC,25090204,ACTIVO
7255.0,Luis Rojas,anamartinez@hotmail.com,3025820937,CC,,SUSPENDIDO
,Ana Martinez,sofiatorres@hotmail.com,3004475292,TI,23695397,SUSPENDIDO
49891.0,Maria Lopez,,3001602184,TI,40707553,SUSPENDIDO
96054.0,Ana Martinez,juanperez@yahoo.com,3117072093,CE,,ACTIVO
,Ana Martinez,anamartinez@gmail.com,3004993932,CC,58257428,ACTIVO
9134.0,Luis Rojas,luisrojas@hotmail.com,3014840277,TI,19631152,ACTIVO
,Ana Martinez,anamartinez@hotmail.com,3106279632,CC,21705905,INACTIVO
70105.0,Juan Perez,carlosgomez@yahoo.com,abc123,TI,86387341,SUSPENDIDO
,Maria Lopez,anamartinez@gmail.com,3003145599,CC,52597325,SUSPENDIDO
35547.0,Juan Perez,juanperez@hotmail.com,3105620432,TI,,ACTIVO
87999.0,Ana Martinez,juanperez@gmail.com,3024888128,CE,49215754,desconocido
90864.0,Ana Martinez,,3015445718,CE,87984160,SUSPENDIDO
44225.0,Luis Rojas,,3101617549,CC,69585453,ACTIVO
88505.0,Maria Lopez,juanperez@hotmail.com,3029075911,CC,,INACTIVO
94663.0,Carlos Gomez,,3107558226,CE,64136427,ACTIVO
76984.0,Ana Martinez,,3003518294,CE,39576136,INACTIVO
,Maria Lopez,juanperez@hotmail.com,3108878871,CE,38120451,SUSPENDIDO
32283.0,Ana Martinez,anamartinez@yahoo.com,abc123,TI,36674767,INACTIVO
22419.0,Ana Martinez,juanperez@gmail.com,3115108336,CE,89714684,desconocido
14505.0,Luis Rojas,carlosgomez@gmail.com,3001321082,TI,35238977,ACTIVO
51005.0,Carlos Gomez,,3004636239,CE,28356232,INACTIVO
,Luis Rojas,juanperez@hotmail.com,3011672532,CE,29079656,INACTIVO
84436.0,Juan Perez,juanperez@yahoo.com,3115629723,CC,,ACTIVO
21197.0,Carlos Gomez,marialopez@gmail.com,3117463108,TI,90094100,desconocido
95416.0,Luis Rojas,,3105198029,CC,49557921,ACTIVO
14215.0,Juan Perez,juanperez@hotmail.com,3117954343,CC,,ACTIVO
543.0,Luis Rojas,,3104198092,CC,73117400,INACTIVO
70986.0,Maria Lopez,juanperez@hotmail.com,abc123,TI,28644533,ACTIVO
17738.0,Maria Lopez,sofiatorres@gmail.com,abc123,TI,46892901,ACTIVO
79998.0,Carlos Gomez,juanperez@hotmail.com,abc123,CE,26339120,ACTIVO
38827.0,Juan Perez,sofiatorres@yahoo.com,3029489097,TI,,INACTIVO
63073.0,Juan Perez,luisrojas@gmail.com,3114971887,TI,,INACTIVO
,Sofia Torres,anamartinez@gmail.com,3007410049,TI,44490558,SUSPENDIDO
95969.0,Juan Perez,juanperez@gmail.com,abc123,CC,32109302,ACTIVO
82251.0,Maria Lopez,juanperez@gmail.com,3017955201,CC,12950604,desconocido
,Ana Martinez,luisrojas@gmail.com,3106704688,CC,37737730,ACTIVO
92511.0,Sofia Torres,juanperez@hotmail.com,3021029232,CE,55523177,desconocido
7966.0,Ana Martinez,luisrojas@yahoo.com,3026109537,CE,92943579,desconocido
73801.0,Juan Perez,,3105207389,CE,48018625,INACTIVO
35274.0,Ana Martinez,carlosgomez@gmail.com,abc123,CE,89103185,SUSPENDIDO
,Juan Perez,luisrojas@yahoo.com,3117970882,CE,74366079,ACTIVO
87104.0,Carlos Gomez,sofiatorres@hotmail.com,3003055149,TI,33132601,INACTIVO
46383.0,Ana Martinez,carlosgomez@hotmail.com,abc123,TI,89873505,SUSPENDIDO
62700.0,Maria Lopez,luisrojas@gmail.com,3005550507,CE,72808698,desconocido
,Maria Lopez,marialopez@yahoo.com,3114488557,TI,90838624,INACTIVO
93252.0,Juan Perez,juanperez@gmail.com,abc123,CC,79068945,SUSPENDIDO
26514.0,Luis Rojas,marialopez@gmail.com,3118542591,TI,67916209,desconocido
23508.0,Ana Martinez,,3009865484,CC,61518336,INACTIVO
13910.0,Sofia Torres,,3028366183,CC,18427386,SUSPENDIDO
11389.0,Carlos Gomez,anamartinez@yahoo.com,abc123,CC,53329425,SUSPENDIDO
92213.0,Juan Perez,sofiatorres@yahoo.com,3105863457,CE,,ACTIVO
96303.0,Carlos Gomez,sofiatorres@yahoo.com,3013013378,TI,,ACTIVO
45019.0,Luis Rojas,juanperez@yahoo.com,abc123,TI,23566641,INACTIVO
71958.0,Carlos Gomez,marialopez@gmail.com,abc123,CE,17373129,ACTIVO
96911.0,Luis Rojas,marialopez@hotmail.com,abc123,TI,35910423,SUSPENDIDO
12153.0,Luis Rojas,luisrojas@yahoo.com,abc123,CE,19116982,ACTIVO
,Juan Perez,luisrojas@gmail.com,3027821962,TI,51410021,ACTIVO
45489.0,Ana Martinez,luisrojas@yahoo.com,abc123,CC,27239459,ACTIVO
48271.0,Carlos Gomez,,3117812101,CC,30938978,ACTIVO
,Luis Rojas,luisrojas@yahoo.com,3006885212,TI,38818256,SUSPENDIDO
,Carlos Gomez,anamartinez@hotmail.com,3101604673,TI,68593677,ACTIVO
34931.0,Luis Rojas,luisrojas@hotmail.com,3106544035,TI,,SUSPENDIDO
46399.0,Ana Martinez,carlosgomez@yahoo.com,3114161938,CC,32782766,desconocido
94619.0,Juan Perez,juanperez@hotmail.com,3113417486,CC,29282028,ACTIVO
42097.0,Luis Rojas,marialopez@yahoo.com,3112585551,TI,26569196,SUSPENDIDO
,Juan Perez,marialopez@yahoo.com,3109252318,CC,17668443,SUSPENDIDO
,Luis Rojas,sofiatorres@yahoo.com,3013799052,TI,64334437,INACTIVO
21146.0,Luis Rojas,,3002232733,CE,52807971,SUSPENDIDO
85971.0,Maria Lopez,marialopez@yahoo.com,3117301857,CC,,INACTIVO
24779.0,Juan Perez,anamartinez@yahoo.com,abc123,CE,21592664,INACTIVO
41915.0,Sofia Torres,luisrojas@hotmail.com,3028117362,CC,46844541,desconocido
,Carlos Gomez,carlosgomez@hotmail.com,3106698386,TI,18189145,INACTIVO
49958.0,Ana Martinez,juanperez@yahoo.com,abc123,CC,32097231,SUSPENDIDO
95938.0,Juan Perez,,3007865634,TI,52748054,ACTIVO
88627.0,Maria Lopez,luisrojas@gmail.com,3109097748,CC,60647655,desconocido
75578.0,Luis Rojas,carlosgomez@yahoo.com,abc123,CE,19416415,ACTIVO
544.0,Sofia Torres,,3026485434,CE,22082153,INACTIVO
25023.0,Maria Lopez,anamartinez@yahoo.com,3103125065,CC,,ACTIVO
14110.0,Maria Lopez,juanperez@yahoo.com,abc123,TI,34558668,SUSPENDIDO
21391.0,Juan Perez,sofiatorres@hotmail.com,abc123,CC,73538996,SUSPENDIDO
19384.0,Sofia Torres,luisrojas@hotmail.com,abc123,CC,18304145,SUSPENDIDO
,Carlos Gomez,marialopez@hotmail.com,3013957653,CE,11316226,SUSPENDIDO
68953.0,Maria Lopez,anamartinez@hotmail.com,3114938143,TI,68509127,desconocido
24251.0,Maria Lopez,juanperez@gmail.com,abc123,CC,68277562,INACTIVO
17904.0,Luis Rojas,sofiatorres@gmail.com,3118061422,CC,10743003,INACTIVO
50027.0,Carlos Gomez,,3016316564,TI,56217468,ACTIVO
97612.0,Luis Rojas,luisrojas@yahoo.com,3023208400,CC,54399603,desconocido
,Maria Lopez,luisrojas@hotmail.com,3108671021,CE,58328757,ACTIVO
46320.0,Juan Perez,carlosgomez@yahoo.com,3105333611,TI,21183028,desconocido
87379.0,Juan Perez,,3117492985,TI,19377387,INACTIVO
62011.0,Juan Perez,,3009704367,CC,19068948,SUSPENDIDO
,Juan Perez,carlosgomez@gmail.com,3111061787,CE,82189145,INACTIVO
18400.0,Sofia Torres,marialopez@yahoo.com,3113999425,TI,,INACTIVO
84789.0,Juan Perez,sofiatorres@yahoo.com,3011904823,CE,36950084,desconocido
58368.0,Ana Martinez,,3027214243,CC,69540495,INACTIVO
87627.0,Ana Martinez,carlosgomez@hotmail.com,abc123,CC,83235784,SUSPENDIDO
16548.0,Juan Perez,anamartinez@hotmail.com,3107740139,TI,,INACTIVO
42260.0,Carlos Gomez,sofiatorres@gmail.com,3007785219,CE,,SUSPENDIDO
43869.0,Luis Rojas,anamartinez@gmail.com,abc123,CC,25919911,SUSPENDIDO
1063.0,Luis Rojas,luisrojas@hotmail.com,abc123,CC,78684369,SUSPENDIDO
69073.0,Carlos Gomez,,3101822965,CE,62540930,INACTIVO
93571.0,Carlos Gomez,marialopez@yahoo.com,3113733943,CC,,ACTIVO
82036.0,Carlos Gomez,marialopez@gmail.com,3013223108,TI,,SUSPENDIDO
58020.0,Carlos Gomez,marialopez@yahoo.com,3103542381,TI,,INACTIVO
,Sofia Torres,carlosgomez@yahoo.com,3108025998,CC,35389365,SUSPENDIDO
,Carlos Gomez,anamartinez@gmail.com,3018308914,CC,69619870,SUSPENDIDO
62237.0,Sofia Torres,anamartinez@yahoo.com,3107712826,CC,96328588,ACTIVO
,Luis Rojas,carlosgomez@gmail.com,3107893622,CC,81003167,ACTIVO
60989.0,Maria Lopez,luisrojas@hotmail.com,3005231590,TI,,INACTIVO
31867.0,Maria Lopez,juanperez@yahoo.com,abc123,CE,20624650,SUSPENDIDO
8615.0,Sofia Torres,,3029903910,TI,34398265,INACTIVO
14402.0,Maria Lopez,sofiatorres@gmail.com,3107149980,TI,88990310,SUSPENDIDO
,Juan Perez,luisrojas@yahoo.com,3012140564,CC,29506583,INACTIVO
43126.0,Luis Rojas,,3112097171,CC,38932514,SUSPENDIDO
88131.0,Maria Lopez,,3008290893,CE,33142860,INACTIVO
,Ana Martinez,juanperez@gmail.com,3004466817,CC,38540016,ACTIVO
,Sofia Torres,carlosgomez@yahoo.com,3008907349,TI,76499827,SUSPENDIDO
90909.0,Ana Martinez,,3101137271,TI,53731636,INACTIVO
,Luis Rojas,carlosgomez@hotmail.com,3107447902,CC,78452192,SUSPENDIDO
72938.0,Maria Lopez,luisrojas@yahoo.com,3112387925,TI,98327888,desconocido
80775.0,Carlos Gomez,anamartinez@yahoo.com,3107099051,TI,17228498,INACTIVO
,Maria Lopez,anamartinez@hotmail.com,3029389158,CE,73754325,SUSPENDIDO
2789.0,Carlos Gomez,sofiatorres@yahoo.com,3015700642,TI,,INACTIVO
14319.0,Carlos Gomez,sofiatorres@yahoo.com,3022988009,CE,11573741,ACTIVO
72730.0,Sofia Torres,juanperez@yahoo.com,3114288400,CE,,INACTIVO
73896.0,Maria Lopez,carlosgomez@gmail.com,abc123,TI,86093835,SUSPENDIDO
,Ana Martinez,marialopez@hotmail.com,3017181137,CE,98922412,INACTIVO
,Ana Martinez,juanperez@gmail.com,3109336472,TI,11448601,SUSPENDIDO
22481.0,Juan Perez,juanperez@hotmail.com,abc123,CE,36730525,SUSPENDIDO
8543.0,Luis Rojas,luisrojas@hotmail.com,3023739593,CC,63942165,INACTIVO
5618.0,Juan Perez,,3112085023,CC,94904215,INACTIVO
55735.0,Luis Rojas,,3014032528,CC,36928680,SUSPENDIDO
56900.0,Juan Perez,anamartinez@hotmail.com,3017743739,CC,,INACTIVO
13863.0,Ana Martinez,marialopez@yahoo.com,abc123,CE,60891072,INACTIVO
85302.0,Maria Lopez,luisrojas@yahoo.com,3107695550,CC,,ACTIVO
81050.0,Carlos Gomez,carlosgomez@gmail.com,3016968093,CE,82889667,SUSPENDIDO
43853.0,Ana Martinez,marialopez@gmail.com,abc123,CE,16583400,ACTIVO
33434.0,Ana Martinez,carlosgomez@gmail.com,3013574234,CC,,INACTIVO
69697.0,Sofia Torres,anamartinez@yahoo.com,abc123,CC,20371195,SUSPENDIDO
21786.0,Carlos Gomez,,3114347616,CE,10790856,INACTIVO
,Sofia Torres,carlosgomez@gmail.com,3106891561,CE,95641879,INACTIVO
80008.0,Luis Rojas,juanperez@yahoo.com,3021891470,CC,,ACTIVO
,Maria Lopez,luisrojas@hotmail.com,3007602340,CE,63142044,ACTIVO
8257.0,Maria Lopez,sofiatorres@yahoo.com,3006130958,TI,,SUSPENDIDO
55475.0,Sofia Torres,,3015363392,TI,30242958,INACTIVO
,Luis Rojas,anamartinez@yahoo.com,3012572442,CE,59330019,SUSPENDIDO
,Carlos Gomez,carlosgomez@yahoo.com,3026007039,CE,44918795,INACTIVO
,Juan Perez,marialopez@yahoo.com,3109330254,CE,15912052,INACTIVO
,Carlos Gomez,juanperez@yahoo.com,3007178284,TI,44380125,SUSPENDIDO
25201.0,Maria Lopez,,3104469105,CC,62960292,ACTIVO
26364.0,Juan Perez,anamartinez@yahoo.com,abc123,CC,15762805,INACTIVO
,Carlos Gomez,carlosgomez@yahoo.com,3019978318,CE,94318903,ACTIVO
,Luis Rojas,luisrojas@gmail.com,3029672069,TI,50179246,INACTIVO
23885.0,Ana Martinez,carlosgomez@yahoo.com,3105632857,CC,,ACTIVO
,Juan Perez,juanperez@gmail.com,3117943081,TI,39752753,INACTIVO
13819.0,Luis Rojas,,3003057427,CE,28158755,SUSPENDIDO
66487.0,Juan Perez,anamartinez@gmail.com,abc123,TI,85562251,SUSPENDIDO
44200.0,Luis Rojas,marialopez@gmail.com,abc123,CC,33974301,SUSPENDIDO
3801.0,Ana Martinez,luisrojas@hotmail.com,3015774503,CE,50390744,ACTIVO
,Juan Perez,juanperez@gmail.com,3019803818,TI,97501603,SUSPENDIDO
,Sofia Torres,anamartinez@gmail.com,3106692210,CE,15029866,ACTIVO
99277.0,Maria Lopez,anamartinez@hotmail.com,3115357081,TI,,INACTIVO
48539.0,Sofia Torres,juanperez@gmail.com,3117542668,TI,39669352,INACTIVO
48460.0,Carlos Gomez,carlosgomez@hotmail.com,3026935061,CE,50463202,INACTIVO
36109.0,Luis Rojas,luisrojas@hotmail.com,3003690939,TI,,ACTIVO
20552.0,Luis Rojas,anamartinez@hotmail.com,3019316769,TI,12545192,ACTIVO
74404.0,Sofia Torres,carlosgomez@gmail.com,3018539144,CC,12633302,desconocido
,Luis Rojas,carlosgomez@hotmail.com,3004870354,TI,44047362,ACTIVO
41932.0,Ana Martinez,carlosgomez@gmail.com,abc123,CC,52274708,ACTIVO
29413.0,Luis Rojas,,3116677856,TI,30776100,INACTIVO
15058.0,Ana Martinez,carlosgomez@yahoo.com,abc123,CE,69084435,ACTIVO
,Maria Lopez,juanperez@gmail.com,3016927506,CC,37370923,ACTIVO
76362.0,Juan Perez,marialopez@gmail.com,abc123,CC,68022801,ACTIVO
88229.0,Sofia Torres,sofiatorres@gmail.com,3006781909,CC,,ACTIVO
47842.0,Juan Perez,carlosgomez@gmail.com,3009109090,CC,52311034,desconocido
55038.0,Ana Martinez,luisrojas@gmail.com,3117103074,CC,59585726,SUSPENDIDO
74006.0,Luis Rojas,,3101795611,TI,49030357,INACTIVO
12655.0,Carlos Gomez,sofiatorres@gmail.com,3014385534,CE,,INACTIVO
75634.0,Luis Rojas,marialopez@yahoo.com,abc123,CE,73207682,SUSPENDIDO
43458.0,Sofia Torres,anamartinez@gmail.com,3014292745,TI,11744343,desconocido
37663.0,Ana Martinez,anamartinez@yahoo.com,3028559933,CE,,INACTIVO
,Maria Lopez,luisrojas@gmail.com,3018972977,TI,65953647,ACTIVO
27224.0,Carlos Gomez,,3007773857,TI,67266215,INACTIVO
36053.0,Sofia Torres,luisrojas@hotmail.com,3025256573,CC,,INACTIVO
74489.0,Juan Perez,,3109396634,TI,77954145,SUSPENDIDO
53218.0,Carlos Gomez,juanperez@yahoo.com,3027578879,TI,66535170,desconocido
,Carlos Gomez,juanperez@yahoo.com,3014404049,CC,75558315,SUSPENDIDO
21432.0,Juan Perez,,3015311723,CE,22250957,ACTIVO
15901.0,Luis Rojas,carlosgomez@hotmail.com,3013490505,TI,,INACTIVO
35422.0,Ana Martinez,luisrojas@hotmail.com,abc123,CE,47791023,INACTIVO
87412.0,Maria Lopez,,3101130730,CE,14025005,INACTIVO
32228.0,Luis Rojas,marialopez@gmail.com,abc123,CC,54163119,SUSPENDIDO
727.0,Juan Perez,sofiatorres@hotmail.com,3021073140,TI,71292882,desconocido
92894.0,Maria Lopez,,3017406890,CC,85002658,INACTIVO
19115.0,Sofia Torres,luisrojas@yahoo.com,3105382398,CE,,ACTIVO
31208.0,Carlos Gomez,carlosgomez@gmail.com,3107486018,CC,,SUSPENDIDO
10753.0,Carlos Gomez,sofiatorres@yahoo.com,3017262515,CC,,SUSPENDIDO
96355.0,Luis Rojas,sofiatorres@yahoo.com,3013879182,CE,30556683,desconocido
5744.0,Luis Rojas,carlosgomez@yahoo.com,abc123,CC,73451248,INACTIVO
8715.0,Carlos Gomez,sofiatorres@yahoo.com,abc123,CC,48176854,SUSPENDIDO
73256.0,Luis Rojas,,3112021599,CE,77497296,INACTIVO
80886.0,Sofia Torres,juanperez@hotmail.com,3003306471,TI,94478896,SUSPENDIDO
,Sofia Torres,juanperez@gmail.com,3007481736,CE,25848200,INACTIVO
67379.0,Carlos Gomez,marialopez@gmail.com,abc123,CE,91880281,ACTIVO
48838.0,Ana Martinez,anamartinez@hotmail.com,3003118090,CE,,SUSPENDIDO
72173.0,Juan Perez,anamartinez@gmail.com,3105790303,CC,,ACTIVO
86217.0,Maria Lopez,anamartinez@hotmail.com,3106451276,CC,35717739,desconocido
,Carlos Gomez,sofiatorres@yahoo.com,3102426865,CC,58172074,SUSPENDIDO
71726.0,Sofia Torres,luisrojas@yahoo.com,abc123,CC,40677835,INACTIVO
46629.0,Carlos Gomez,,3029015939,CC,27671615,ACTIVO
32319.0,Maria Lopez,marialopez@hotmail.com,3106492883,TI,,INACTIVO
64072.0,Carlos Gomez,,3011306147,TI,21128056,INACTIVO
16812.0,Carlos Gomez,anamartinez@yahoo.com,3108758299,CC,75595420,ACTIVO
51255.0,Ana Martinez,,3103486079,CE,58517489,SUSPENDIDO
80484.0,Maria Lopez,juanperez@gmail.com,3005155519,TI,44925792,INACTIVO
53503.0,Maria Lopez,anamartinez@gmail.com,3007758042,CC,,SUSPENDIDO
,Juan Perez,sofiatorres@yahoo.com,3103549003,CC,37035438,INACTIVO
35160.0,Sofia Torres,juanperez@gmail.com,3008016976,TI,,ACTIVO
39385.0,Luis Rojas,juanperez@yahoo.com,3021317369,TI,,INACTIVO
66430.0,Carlos Gomez,juanperez@gmail.com,3008581498,CC,50625428,desconocido
60636.0,Sofia Torres,,3026156956,CE,59119171,INACTIVO
21097.0,Juan Perez,anamartinez@gmail.com,3006310224,CC,,SUSPENDIDO
38518.0,Sofia Torres,marialopez@yahoo.com,3006686703,CC,,ACTIVO
25045.0,Maria Lopez,juanperez@hotmail.com,3012026644,CC,,ACTIVO
46835.0,Luis Rojas,juanperez@yahoo.com,3018181383,CE,,SUSPENDIDO
,Carlos Gomez,anamartinez@gmail.com,3102107654,CC,62427137,INACTIVO
593.0,Maria Lopez,,3004302832,CE,97914178,ACTIVO
37372.0,Maria Lopez,,3106223749,CE,71436810,ACTIVO
,Juan Perez,sofiatorres@yahoo.com,3001212788,CC,46859589,INACTIVO
,Juan Perez,anamartinez@hotmail.com,3006697811,TI,80895878,SUSPENDIDO
54123.0,Ana Martinez,juanperez@gmail.com,abc123,CC,97431114,INACTIVO
35522.0,Carlos Gomez,sofiatorres@gmail.com,abc123,CC,23173336,INACTIVO
99548.0,Carlos Gomez,sofiatorres@hotmail.com,3001463569,CC,,ACTIVO
59313.0,Maria Lopez,,3029479516,TI,96504194,ACTIVO
91965.0,Carlos Gomez,carlosgomez@gmail.com,3104016727,TI,70391628,desconocido
8140.0,Juan Perez,carlosgomez@yahoo.com,3028908972,TI,,INACTIVO
33607.0,Ana Martinez,,3002933994,CE,74413777,SUSPENDIDO
25516.0,Maria Lopez,anamartinez@yahoo.com,3004690771,TI,,ACTIVO
96411.0,Maria Lopez,marialopez@gmail.com,3026600610,CC,,SUSPENDIDO
51428.0,Ana Martinez,anamartinez@hotmail.com,3028307346,TI,,INACTIVO
20219.0,Sofia Torres,,3119618748,CC,39368828,SUSPENDIDO
86604.0,Sofia Torres,,3101076242,TI,64414783,ACTIVO
90294.0,Sofia Torres,juanperez@yahoo.com,abc123,CE,74943807,SUSPENDIDO
,Luis Rojas,marialopez@gmail.com,3003003103,CC,24739124,SUSPENDIDO
,Maria Lopez,luisrojas@yahoo.com,3023763730,TI,42250872,ACTIVO
32212.0,Carlos Gomez,carlosgomez@hotmail.com,3015552107,TI,,SUSPENDIDO
,Luis Rojas,luisrojas@hotmail.com,3023205108,CE,80391852,SUSPENDIDO
82777.0,Carlos Gomez,,3103362874,CC,55870213,SUSPENDIDO
,Carlos Gomez,carlosgomez@gmail.com,3006358615,TI,10951276,ACTIVO
90746.0,Sofia Torres,luisrojas@gmail.com,abc123,CE,59911151,ACTIVO
53535.0,Carlos Gomez,marialopez@gmail.com,3111262477,CC,,ACTIVO
38430.0,Carlos Gomez,sofiatorres@yahoo.com,abc123,CC,90903854,ACTIVO
79247.0,Luis Rojas,,3114476196,CE,34828089,SUSPENDIDO
18037.0,Sofia Torres,luisrojas@yahoo.com,3103797975,TI,,ACTIVO
61620.0,Carlos Gomez,carlosgomez@gmail.com,abc123,TI,61224497,INACTIVO
,Carlos Gomez,juanperez@yahoo.com,3119327257,TI,86470737,INACTIVO
73596.0,Ana Martinez,sofiatorres@gmail.com,abc123,TI,72629292,SUSPENDIDO
5268.0,Juan Perez,juanperez@yahoo.com,3101116223,CE,29215857,SUSPENDIDO
36772.0,Carlos Gomez,sofiatorres@gmail.com,3007957840,CE,87773703,SUSPENDIDO
33231.0,Carlos Gomez,,3102840917,TI,72898196,INACTIVO
,Maria Lopez,luisrojas@gmail.com,3018870231,CE,28437813,INACTIVO
,Maria Lopez,juanperez@hotmail.com,3008829603,TI,65393137,SUSPENDIDO
30736.0,Luis Rojas,,3101344117,CE,99997236,ACTIVO
68424.0,Juan Perez,anamartinez@gmail.com,3115136543,CE,47772771,desconocido
,Maria Lopez,anamartinez@yahoo.com,3027698288,CE,31595526,ACTIVO
,Maria Lopez,marialopez@hotmail.com,3104769861,CC,22976900,INACTIVO
98533.0,Luis Rojas,anamartinez@yahoo.com,abc123,TI,97606896,INACTIVO
89014.0,Sofia Torres,luisrojas@gmail.com,3024759105,CC,40455417,INACTIVO
50971.0,Sofia Torres,,3117051991,CC,26892618,INACTIVO
41283.0,Juan Perez,carlosgomez@hotmail.com,abc123,CC,25230948,INACTIVO
18601.0,Carlos Gomez,juanperez@gmail.com,3008258462,TI,85927340,SUSPENDIDO
21118.0,Juan Perez,sofiatorres@hotmail.com,3014851310,TI,,SUSPENDIDO
54274.0,Carlos Gomez,carlosgomez@gmail.com,abc123,CE,10978409,INACTIVO
72975.0,Luis Rojas,marialopez@yahoo.com,abc123,CC,57953588,ACTIVO
31537.0,Ana Martinez,sofiatorres@gmail.com,3016748245,CC,77590542,SUSPENDIDO
,Sofia Torres,marialopez@hotmail.com,3116377986,CC,80533125,INACTIVO
70984.0,Ana Martinez,,3104716608,CE,17022260,ACTIVO
78406.0,Ana Martinez,carlosgomez@yahoo.com,3028043536,TI,,SUSPENDIDO
71356.0,Maria Lopez,carlosgomez@hotmail.com,3118634739,TI,,INACTIVO
37374.0,Carlos Gomez,luisrojas@gmail.com,abc123,CE,32066028,INACTIVO
,Sofia Torres,carlosgomez@gmail.com,3018490882,CE,93017567,INACTIVO
32251.0,Sofia Torres,juanperez@yahoo.com,abc123,TI,43415250,INACTIVO
79043.0,Carlos Gomez,juanperez@hotmail.com,3023311358,TI,,INACTIVO
89981.0,Luis Rojas,,3005370154,CC,34633461,SUSPENDIDO
24513.0,Carlos Gomez,luisrojas@yahoo.com,3013909778,TI,14198873,ACTIVO
20625.0,Ana Martinez,anamartinez@hotmail.com,3104320690,CE,13946110,desconocido
,Maria Lopez,carlosgomez@hotmail.com,3109433931,TI,19901616,INACTIVO
75958.0,Luis Rojas,luisrojas@gmail.com,3111879799,CC,45143969,desconocido
,Luis Rojas,anamartinez@yahoo.com,3107781798,CC,56053591,INACTIVO
79267.0,Juan Perez,luisrojas@hotmail.com,abc123,CE,39266060,SUSPENDIDO
85436.0,Carlos Gomez,carlosgomez@yahoo.com,abc123,TI,57082039,ACTIVO
22255.0,Luis Rojas,juanperez@gmail.com,3014706432,CC,,SUSPENDIDO
30648.0,Juan Perez,luisrojas@gmail.com,3009928632,TI,95443883,INACTIVO
68537.0,Sofia Torres,anamartinez@gmail.com,3012590040,CE,,ACTIVO
,Maria Lopez,juanperez@gmail.com,3006065619,CC,90110843,INACTIVO
,Sofia Torres,carlosgomez@hotmail.com,3028243776,CC,76005763,ACTIVO
90885.0,Ana Martinez,luisrojas@gmail.com,3017023534,CE,77994824,desconocido
81911.0,Maria Lopez,anamartinez@gmail.com,3101327115,TI,39046788,desconocido
16631.0,Juan Perez,marialopez@hotmail.com,3115758094,TI,36651358,INACTIVO
,Carlos Gomez,marialopez@yahoo.com,3024496988,TI,31195970,ACTIVO
58359.0,Maria Lopez,marialopez@yahoo.com,abc123,CC,99318330,INACTIVO
95521.0,Luis Rojas,juanperez@hotmail.com,3011068669,CC,,SUSPENDIDO
4406.0,Luis Rojas,anamartinez@yahoo.com,abc123,CE,25472866,SUSPENDIDO
2677.0,Ana Martinez,carlosgomez@hotmail.com,3026739295,CC,,SUSPENDIDO
,Maria Lopez,carlosgomez@hotmail.com,3007326132,CE,67143210,SUSPENDIDO
31317.0,Luis Rojas,carlosgomez@gmail.com,3104000029,TI,,INACTIVO
51750.0,Sofia Torres,anamartinez@gmail.com,3007477353,CE,67853588,desconocido
93569.0,Luis Rojas,juanperez@hotmail.com,3004108634,TI,25256624,ACTIVO
40564.0,Maria Lopez,marialopez@hotmail.com,abc123,TI,74558686,ACTIVO
11564.0,Carlos Gomez,sofiatorres@yahoo.com,3104895583,TI,93025103,desconocido
5348.0,Sofia Torres,,3108775828,TI,75887103,INACTIVO
95171.0,Ana Martinez,marialopez@yahoo.com,3113406507,TI,34813665,SUSPENDIDO
74643.0,Sofia Torres,sofiatorres@gmail.com,3026964056,CE,23896267,desconocido
81995.0,Maria Lopez,luisrojas@gmail.com,3115249857,CC,55710688,SUSPENDIDO
15021.0,Carlos Gomez,,3017658694,CC,51992209,SUSPENDIDO
30046.0,Luis Rojas,juanperez@gmail.com,abc123,CC,62705052,ACTIVO
5413.0,Sofia Torres,sofiatorres@hotmail.com,abc123,CE,36007918,ACTIVO
16739.0,Juan Perez,sofiatorres@yahoo.com,3012784433,CC,,INACTIVO
84945.0,Maria Lopez,anamartinez@hotmail.com,3018341225,TI,,ACTIVO
59086.0,Luis Rojas,anamartinez@gmail.com,3023482752,CE,78383984,desconocido
52318.0,Ana Martinez,luisrojas@yahoo.com,3001238411,CC,,ACTIVO
99621.0,Luis Rojas,luisrojas@yahoo.com,abc123,TI,93211774,ACTIVO
59143.0,Juan Perez,,3102033873,CE,53687016,ACTIVO
41703.0,Juan Perez,juanperez@yahoo.com,3116874718,CC,,INACTIVO
79629.0,Carlos Gomez,,3114632538,TI,74035959,INACTIVO
,Sofia Torres,juanperez@gmail.com,3003050511,CC,22058658,INACTIVO
45925.0,Maria Lopez,,3117193415,CC,56907670,SUSPENDIDO
21244.0,Maria Lopez,anamartinez@gmail.com,3013386303,CC,22326580,desconocido
84836.0,Ana Martinez,anamartinez@yahoo.com,abc123,CE,16460921,INACTIVO
,Ana Martinez,marialopez@yahoo.com,3014115251,TI,32002346,SUSPENDIDO
13123.0,Carlos Gomez,carlosgomez@gmail.com,abc123,TI,63227504,INACTIVO
32483.0,Maria Lopez,sofiatorres@gmail.com,3016347842,TI,41877958,INACTIVO
79608.0,Carlos Gomez,juanperez@gmail.com,3001823505,CE,29019414,desconocido
,Luis Rojas,carlosgomez@yahoo.com,3022535072,TI,46372086,ACTIVO
20233.0,Carlos Gomez,luisrojas@yahoo.com,abc123,CE,35450442,SUSPENDIDO
,Juan Perez,marialopez@gmail.com,3022080570,CC,97759545,SUSPENDIDO
97883.0,Juan Perez,sofiatorres@hotmail.com,abc123,TI,88293129,SUSPENDIDO
86639.0,Maria Lopez,juanperez@hotmail.com,3016502101,TI,,ACTIVO
8284.0,Luis Rojas,carlosgomez@gmail.com,3018866012,TI,,SUSPENDIDO
88946.0,Maria Lopez,,3117332754,CE,36641182,INACTIVO
86242.0,Carlos Gomez,luisrojas@hotmail.com,3007430538,CE,,INACTIVO
28663.0,Ana Martinez,marialopez@yahoo.com,3114077174,TI,,INACTIVO
40563.0,Carlos Gomez,,3008859737,CC,63517987,INACTIVO
37860.0,Sofia Torres,carlosgomez@hotmail.com,3113750434,CC,,SUSPENDIDO
36124.0,Sofia Torres,,3006561511,CE,99164165,ACTIVO
,Juan Perez,marialopez@hotmail.com,3112584615,CE,78186961,SUSPENDIDO
46092.0,Maria Lopez,anamartinez@yahoo.com,3028808887,CC,,SUSPENDIDO
45181.0,Juan Perez,,3008290591,TI,57334127,INACTIVO
95423.0,Carlos Gomez,juanperez@gmail.com,abc123,TI,40447118,INACTIVO
34968.0,Ana Martinez,,3008550108,CC,79666586,INACTIVO
85517.0,Luis Rojas,,3111309627,CE,42199145,SUSPENDIDO
25565.0,Luis Rojas,marialopez@hotmail.com,abc123,CE,10941928,SUSPENDIDO
72790.0,Juan Perez,,3013125902,TI,40153794,SUSPENDIDO
39505.0,Ana Martinez,marialopez@gmail.com,3024869802,CC,35144278,ACTIVO
60286.0,Juan Perez,marialopez@yahoo.com,3113738965,CC,,SUSPENDIDO
,Maria Lopez,luisrojas@yahoo.com,3102325356,TI,87466292,ACTIVO
59392.0,Maria Lopez,carlosgomez@hotmail.com,3007997051,CE,56045940,desconocido
67634.0,Luis Rojas,luisrojas@hotmail.com,3107217008,CE,,SUSPENDIDO
,Maria Lopez,anamartinez@hotmail.com,3019964803,CC,28006578,ACTIVO
19643.0,Sofia Torres,carlosgomez@hotmail.com,3113988094,CC,,INACTIVO
24496.0,Juan Perez,marialopez@yahoo.com,3019703223,CC,,INACTIVO
85080.0,Maria Lopez,,3112191036,TI,39141342,INACTIVO
46254.0,Maria Lopez,carlosgomez@yahoo.com,3103489961,CC,63971151,SUSPENDIDO
,Juan Perez,carlosgomez@hotmail.com,3108572502,CE,11742229,ACTIVO
70404.0,Ana Martinez,carlosgomez@hotmail.com,abc123,TI,39828184,INACTIVO
86676.0,Sofia Torres,marialopez@hotmail.com,3115957472,CE,52621521,desconocido
75087.0,Juan Perez,,3116767897,TI,70525688,ACTIVO
39520.0,Luis Rojas,,3024063220,TI,88726477,ACTIVO
,Maria Lopez,sofiatorres@gmail.com,3023555875,CC,44896097,ACTIVO
,Sofia Torres,juanperez@hotmail.com,3006907720,CC,92110191,ACTIVO
2663.0,Juan Perez,,3023844038,CE,38875785,SUSPENDIDO
94511.0,Juan Perez,carlosgomez@hotmail.com,3001076053,TI,,SUSPENDIDO
14823.0,Sofia Torres,,3105230490,CE,88617755,ACTIVO
63620.0,Carlos Gomez,marialopez@hotmail.com,abc123,TI,94110121,ACTIVO
46216.0,Ana Martinez,anamartinez@hotmail.com,abc123,CC,75160025,SUSPENDIDO
30041.0,Ana Martinez,marialopez@gmail.com,abc123,TI,98480102,INACTIVO
67290.0,Juan Perez,carlosgomez@gmail.com,3001504263,TI,74426057,INACTIVO
55518.0,Luis Rojas,sofiatorres@yahoo.com,3022569974,CC,,SUSPENDIDO
28645.0,Sofia Torres,marialopez@hotmail.com,3013515286,TI,55697885,desconocido
4350.0,Luis Rojas,,3009053318,CC,37986111,INACTIVO
59546.0,Carlos Gomez,,3029352300,TI,24428124,SUSPENDIDO
71284.0,Sofia Torres,luisrojas@hotmail.com,3002159425,CC,60037401,SUSPENDIDO
58640.0,Luis Rojas,sofiatorres@yahoo.com,3029443195,CC,38661211,desconocido
11056.0,Maria Lopez,marialopez@yahoo.com,abc123,CC,91908509,ACTIVO
37877.0,Carlos Gomez,carlosgomez@hotmail.com,3117611698,CE,88393945,desconocido
23327.0,Ana Martinez,luisrojas@yahoo.com,3108277011,TI,,ACTIVO
87830.0,Ana Martinez,luisrojas@yahoo.com,3029909116,TI,,ACTIVO
,Ana Martinez,juanperez@yahoo.com,3001712250,TI,88653563,ACTIVO
55126.0,Ana Martinez,sofiatorres@gmail.com,abc123,CC,90822046,INACTIVO
82894.0,Luis Rojas,,3105012824,CE,30242126,SUSPENDIDO
1692.0,Carlos Gomez,marialopez@yahoo.com,3001665316,TI,,SUSPENDIDO
67256.0,Luis Rojas,juanperez@gmail.com,3008469839,TI,84977201,desconocido
53416.0,Luis Rojas,,3013801084,CE,84957266,ACTIVO
87701.0,Maria Lopez,luisrojas@yahoo.com,3006846604,CC,,ACTIVO
88177.0,Luis Rojas,luisrojas@hotmail.com,abc123,CC,62795216,ACTIVO
6644.0,Maria Lopez,sofiatorres@hotmail.com,abc123,CE,41723840,INACTIVO
36829.0,Juan Perez,juanperez@yahoo.com,3103799744,CC,,SUSPENDIDO
73347.0,Maria Lopez,,3117636967,CE,51469673,SUSPENDIDO
77021.0,Maria Lopez,anamartinez@yahoo.com,3015160748,TI,78172068,INACTIVO
88893.0,Sofia Torres,,3001052467,CE,68038247,SUSPENDIDO
26668.0,Ana Martinez,carlosgomez@hotmail.com,abc123,CE,34672853,INACTIVO
,Sofia Torres,juanperez@yahoo.com,3014154343,CC,98944201,SUSPENDIDO
36126.0,Maria Lopez,,3015459258,TI,75276853,INACTIVO
17957.0,Maria Lopez,luisrojas@hotmail.com,3007376670,CC,43775905,ACTIVO
60133.0,Juan Perez,,3023907687,CE,76150628,ACTIVO
29902.0,Ana Martinez,luisrojas@gmail.com,3118339866,CC,64810439,desconocido
,Juan Perez,anamartinez@yahoo.com,3027448314,TI,96625166,SUSPENDIDO
52593.0,Luis Rojas,marialopez@yahoo.com,3025131518,TI,,INACTIVO
82373.0,Ana Martinez,juanperez@yahoo.com,abc123,CC,80603345,SUSPENDIDO
11567.0,Juan Perez,anamartinez@hotmail.com,abc123,CC,95729434,INACTIVO
58060.0,Luis Rojas,,3029698842,CC,65195483,INACTIVO
71139.0,Luis Rojas,,3107406835,TI,84338753,ACTIVO
,Luis Rojas,juanperez@hotmail.com,3002669776,TI,63511397,SUSPENDIDO
,Luis Rojas,sofiatorres@gmail.com,3024807864,CE,43900634,ACTIVO
73897.0,Ana Martinez,sofiatorres@gmail.com,abc123,CC,18996909,ACTIVO
65320.0,Luis Rojas,carlosgomez@hotmail.com,3023748194,CE,,SUSPENDIDO
38784.0,Juan Perez,juanperez@yahoo.com,3009860455,CC,55861261,SUSPENDIDO
,Luis Rojas,carlosgomez@hotmail.com,3003468940,CE,69384534,INACTIVO
36974.0,Sofia Torres,marialopez@yahoo.com,abc123,TI,25017284,SUSPENDIDO
82960.0,Sofia Torres,anamartinez@gmail.com,abc123,CE,56809615,SUSPENDIDO
22463.0,Sofia Torres,marialopez@hotmail.com,3108999381,TI,29517089,SUSPENDIDO
32126.0,Carlos Gomez,carlosgomez@yahoo.com,3007819027,CC,,ACTIVO
96623.0,Carlos Gomez,luisrojas@yahoo.com,3025401046,CE,,SUSPENDIDO
52953.0,Maria Lopez,marialopez@gmail.com,abc123,CE,19090420,INACTIVO
,Maria Lopez,marialopez@hotmail.com,3018230617,TI,11216416,ACTIVO
63201.0,Luis Rojas,marialopez@hotmail.com,3026077005,TI,59216734,desconocido
19913.0,Sofia Torres,anamartinez@hotmail.com,3003481518,CE,48125972,INACTIVO
79257.0,Sofia Torres,,3113364368,CE,60312314,INACTIVO
,Sofia Torres,carlosgomez@gmail.com,3017786044,TI,65202665,INACTIVO
9011.0,Ana Martinez,juanperez@yahoo.com,3002494338,TI,51962082,desconocido
75470.0,Sofia Torres,,3005827874,CE,14146912,ACTIVO
18535.0,Maria Lopez,marialopez@gmail.com,abc123,CC,93876724,ACTIVO
,Juan Perez,carlosgomez@hotmail.com,3006938275,CC,94966963,ACTIVO
57837.0,Maria Lopez,,3117868846,CC,47621473,INACTIVO
79536.0,Juan Perez,sofiatorres@gmail.com,3029439402,TI,10881074,SUSPENDIDO
13418.0,Maria Lopez,juanperez@hotmail.com,abc123,CE,24265679,ACTIVO
55939.0,Luis Rojas,marialopez@gmail.com,3103730582,CC,30569929,INACTIVO
9798.0,Luis Rojas,carlosgomez@hotmail.com,3104815425,TI,88066591,desconocido
55434.0,Sofia Torres,sofiatorres@hotmail.com,3004156583,TI,,ACTIVO
51054.0,Carlos Gomez,marialopez@hotmail.com,3003895698,TI,55089609,INACTIVO
46554.0,Maria Lopez,,3029505112,TI,20130595,SUSPENDIDO
88913.0,Luis Rojas,,3029913121,TI,50929073,ACTIVO
,Ana Martinez,carlosgomez@hotmail.com,3103284924,CC,93239155,INACTIVO
40049.0,Carlos Gomez,juanperez@gmail.com,3012659763,TI,,SUSPENDIDO
29406.0,Maria Lopez,,3118878220,CC,60231904,SUSPENDIDO
79118.0,Carlos Gomez,luisrojas@gmail.com,3013362094,CC,,ACTIVO
8925.0,Juan Perez,marialopez@gmail.com,3011490935,TI,55133397,desconocido
25134.0,Juan Perez,,3017338839,TI,84181070,ACTIVO
82574.0,Sofia Torres,anamartinez@gmail.com,abc123,CC,62624343,INACTIVO
30650.0,Juan Perez,sofiatorres@yahoo.com,3019899737,TI,,SUSPENDIDO
20916.0,Sofia Torres,,3024163065,CC,41839322,SUSPENDIDO
65145.0,Ana Martinez,sofiatorres@gmail.com,abc123,TI,22633438,SUSPENDIDO
,Maria Lopez,sofiatorres@yahoo.com,3116999775,TI,30863104,ACTIVO
59698.0,Maria Lopez,sofiatorres@gmail.com,3014083647,CE,23820447,desconocido
42346.0,Juan Perez,luisrojas@hotmail.com,abc123,TI,80010138,SUSPENDIDO
62332.0,Maria Lopez,juanperez@gmail.com,3007920234,TI,98102564,desconocido
65031.0,Sofia Torres,juanperez@yahoo.com,abc123,CC,61952001,ACTIVO
,Luis Rojas,carlosgomez@yahoo.com,3009320720,CC,24742902,SUSPENDIDO
37642.0,Ana Martinez,marialopez@gmail.com,3003072006,CE,78788809,desconocido
78187.0,Ana Martinez,marialopez@hotmail.com,3003094091,CE,26874158,INACTIVO
81375.0,Luis Rojas,juanperez@hotmail.com,abc123,CC,56493787,ACTIVO
28576.0,Carlos Gomez,sofiatorres@hotmail.com,abc123,CE,34145437,ACTIVO
30756.0,Ana Martinez,marialopez@gmail.com,3111401502,TI,28258963,desconocido
56303.0,Luis Rojas,sofiatorres@gmail.com,abc123,TI,42164013,SUSPENDIDO
99934.0,Maria Lopez,,3003823920,CC,86505069,INACTIVO
69866.0,Juan Perez,,3101123604,CE,63938588,ACTIVO
72803.0,Carlos Gomez,juanperez@hotmail.com,abc123,CE,86750496,ACTIVO
19803.0,Luis Rojas,luisrojas@yahoo.com,3105669218,TI,67553400,ACTIVO
,Ana Martinez,carlosgomez@yahoo.com,3018414303,TI,14557866,SUSPENDIDO
29064.0,Sofia Torres,carlosgomez@hotmail.com,3005983618,CC,,ACTIVO
,Luis Rojas,luisrojas@yahoo.com,3112447672,CC,41975113,INACTIVO
53356.0,Luis Rojas,sofiatorres@yahoo.com,abc123,TI,54523419,ACTIVO
90611.0,Sofia Torres,anamartinez@hotmail.com,3024822142,CE,42890726,desconocido
34347.0,Sofia Torres,juanperez@hotmail.com,3114683163,TI,,INACTIVO
39289.0,Maria Lopez,marialopez@yahoo.com,abc123,CE,94022682,SUSPENDIDO
,Ana Martinez,anamartinez@hotmail.com,3008206211,CC,65840083,SUSPENDIDO
20330.0,Sofia Torres,marialopez@yahoo.com,abc123,CE,20957486,INACTIVO
,Ana Martinez,juanperez@gmail.com,3022489510,CC,60695933,SUSPENDIDO
27637.0,Sofia Torres,juanperez@yahoo.com,3102251344,CE,,SUSPENDIDO
,Maria Lopez,carlosgomez@yahoo.com,3017827623,CC,61295235,SUSPENDIDO
66703.0,Carlos Gomez,anamartinez@gmail.com,3009106278,CC,,SUSPENDIDO
74091.0,Maria Lopez,luisrojas@yahoo.com,3115234872,CC,,ACTIVO
30285.0,Carlos Gomez,,3108037820,CC,41423244,INACTIVO
7669.0,Maria Lopez,,3008706464,CE,85704766,INACTIVO
6700.0,Ana Martinez,,3103698350,TI,91206452,ACTIVO
84469.0,Luis Rojas,,3107118364,CE,19814054,ACTIVO
82986.0,Carlos Gomez,anamartinez@yahoo.com,abc123,TI,48196857,ACTIVO
40351.0,Sofia Torres,juanperez@hotmail.com,3117547378,CE,63022505,SUSPENDIDO
,Ana Martinez,marialopez@gmail.com,3003184821,CC,10561171,SUSPENDIDO
73916.0,Juan Perez,,3003603926,CC,96965667,ACTIVO
44170.0,Carlos Gomez,luisrojas@yahoo.com,3102938367,TI,48729941,ACTIVO
,Sofia Torres,sofiatorres@hotmail.com,3004816164,TI,54496638,INACTIVO
33426.0,Ana Martinez,luisrojas@gmail.com,3006882014,CE,,SUSPENDIDO
16885.0,Juan Perez,sofiatorres@hotmail.com,3018651586,CE,,SUSPENDIDO
29059.0,Luis Rojas,juanperez@hotmail.com,abc123,TI,18680323,INACTIVO
,Luis Rojas,luisrojas@hotmail.com,3025489307,TI,37789414,ACTIVO
32420.0,Luis Rojas,,3112212580,CC,78506758,SUSPENDIDO
9139.0,Carlos Gomez,,3114137001,CE,52048254,INACTIVO
,Maria Lopez,marialopez@yahoo.com,3015135170,TI,87048829,INACTIVO
85525.0,Maria Lopez,carlosgomez@hotmail.com,3113816650,CC,20367288,desconocido
55904.0,Maria Lopez,,3018313433,TI,88075934,INACTIVO
59561.0,Sofia Torres,anamartinez@yahoo.com,3108955371,CC,59410098,desconocido
40347.0,Juan Perez,,3111576882,CC,49353877,SUSPENDIDO
35439.0,Sofia Torres,luisrojas@gmail.com,3106307894,CE,64247522,desconocido
98546.0,Luis Rojas,,3009381881,CE,96191420,INACTIVO
,Sofia Torres,juanperez@hotmail.com,3007613169,TI,69143301,SUSPENDIDO
31826.0,Maria Lopez,luisrojas@hotmail.com,3001433098,CC,,INACTIVO
79637.0,Carlos Gomez,marialopez@yahoo.com,3101116544,CE,,ACTIVO
88230.0,Ana Martinez,,3115945913,CC,58222474,INACTIVO
32033.0,Sofia Torres,sofiatorres@hotmail.com,3029411605,TI,22597147,SUSPENDIDO
87216.0,Carlos Gomez,carlosgomez@gmail.com,3015325291,CC,11567271,desconocido
54119.0,Maria Lopez,anamartinez@yahoo.com,3011644685,CE,38285557,desconocido
4145.0,Ana Martinez,sofiatorres@hotmail.com,abc123,CC,83109199,INACTIVO
6796.0,Maria Lopez,luisrojas@yahoo.com,abc123,TI,94125675,SUSPENDIDO
48200.0,Juan Perez,marialopez@yahoo.com,3017141918,CC,66970848,desconocido
,Sofia Torres,luisrojas@hotmail.com,3008050428,CC,45370570,ACTIVO
,Carlos Gomez,anamartinez@gmail.com,3004388954,CC,92821527,INACTIVO
90323.0,Ana Martinez,anamartinez@gmail.com,3003047486,CE,,SUSPENDIDO
19977.0,Ana Martinez,luisrojas@yahoo.com,abc123,CC,72926191,ACTIVO
,Maria Lopez,anamartinez@hotmail.com,3002270077,CE,40011386,ACTIVO
69021.0,Ana Martinez,,3104727981,TI,77783805,INACTIVO
51930.0,Sofia Torres,sofiatorres@yahoo.com,3029203210,CE,93623612,desconocido
27558.0,Maria Lopez,,3006756651,CC,58135468,ACTIVO
68388.0,Sofia Torres,sofiatorres@gmail.com,3028557024,TI,,ACTIVO
44728.0,Luis Rojas,carlosgomez@hotmail.com,3103192434,CE,17279913,desconocido
92840.0,Ana Martinez,marialopez@gmail.com,3026171092,CC,,SUSPENDIDO
11888.0,Luis Rojas,luisrojas@yahoo.com,abc123,CE,22943429,SUSPENDIDO
5204.0,Ana Martinez,luisrojas@hotmail.com,3006840814,TI,73818410,INACTIVO
,Maria Lopez,carlosgomez@hotmail.com,3007093924,CE,38148009,INACTIVO
51762.0,Ana Martinez,,3111918793,CC,51688476,SUSPENDIDO
14491.0,Carlos Gomez,,3013519281,TI,40774159,ACTIVO
44523.0,Ana Martinez,,3003973090,TI,81891518,INACTIVO
,Luis Rojas,anamartinez@hotmail.com,3107928321,CE,53991977,ACTIVO
18105.0,Maria Lopez,luisrojas@yahoo.com,3116722392,TI,51929470,ACTIVO
11918.0,Sofia Torres,juanperez@hotmail.com,3103065991,TI,,INACTIVO
5237.0,Carlos Gomez,carlosgomez@hotmail.com,3014748809,CC,85322232,desconocido
88656.0,Luis Rojas,luisrojas@yahoo.com,3022876033,TI,,INACTIVO
89513.0,Carlos Gomez,luisrojas@gmail.com,abc123,CE,29828039,SUSPENDIDO
,Carlos Gomez,carlosgomez@gmail.com,3106159762,TI,40013315,SUSPENDIDO
13703.0,Luis Rojas,anamartinez@gmail.com,3022210032,TI,75209020,ACTIVO
63884.0,Ana Martinez,luisrojas@hotmail.com,abc123,CC,76162165,SUSPENDIDO
7944.0,Maria Lopez,anamartinez@gmail.com,3106877762,CE,87001266,desconocido
92700.0,Luis Rojas,anamartinez@yahoo.com,3011040253,TI,97974651,SUSPENDIDO
17483.0,Carlos Gomez,luisrojas@yahoo.com,abc123,CC,21326965,SUSPENDIDO
92342.0,Carlos Gomez,carlosgomez@gmail.com,3014856740,CE,49061057,SUSPENDIDO
13804.0,Ana Martinez,sofiatorres@yahoo.com,3101166437,CE,,INACTIVO
10204.0,Maria Lopez,sofiatorres@gmail.com,abc123,TI,87168549,ACTIVO
94862.0,Ana Martinez,,3003313008,CE,81460561,ACTIVO
68503.0,Carlos Gomez,,3102850077,CE,16789130,ACTIVO
78585.0,Sofia Torres,juanperez@yahoo.com,abc123,TI,63941906,ACTIVO
81617.0,Sofia Torres,juanperez@yahoo.com,3004100998,CE,,SUSPENDIDO
73008.0,Maria Lopez,anamartinez@gmail.com,abc123,CE,88249678,INACTIVO
62393.0,Juan Perez,,3028284906,CC,67010725,INACTIVO
56861.0,Juan Perez,juanperez@gmail.com,abc123,CC,84052762,ACTIVO
,Ana Martinez,anamartinez@yahoo.com,3026259977,CC,26381938,SUSPENDIDO
46748.0,Juan Perez,juanperez@yahoo.com,3113449193,CC,,SUSPENDIDO
54725.0,Maria Lopez,luisrojas@hotmail.com,abc123,TI,26042669,ACTIVO
13836.0,Juan Perez,,3022171842,CC,93116476,SUSPENDIDO
16832.0,Juan Perez,,3004995484,TI,30480786,SUSPENDIDO
,Luis Rojas,marialopez@hotmail.com,3103914561,TI,95509694,ACTIVO
94232.0,Carlos Gomez,marialopez@hotmail.com,abc123,CC,15864086,INACTIVO
36877.0,Sofia Torres,juanperez@gmail.com,3102689289,CE,,INACTIVO
,Juan Perez,juanperez@hotmail.com,3112573845,TI,87708726,INACTIVO
54608.0,Juan Perez,juanperez@yahoo.com,abc123,CE,41354179,INACTIVO
6669.0,Luis Rojas,,3001939925,CC,74301361,ACTIVO
93304.0,Luis Rojas,,3113141239,CE,40140471,ACTIVO
20123.0,Maria Lopez,juanperez@gmail.com,3025234623,CC,,SUSPENDIDO
84647.0,Maria Lopez,marialopez@gmail.com,3114983688,CE,73060007,SUSPENDIDO
66218.0,Luis Rojas,,3118231385,CC,65089345,ACTIVO
73935.0,Luis Rojas,,3025604908,CC,34687698,INACTIVO
30754.0,Maria Lopez,marialopez@yahoo.com,3017608955,CC,95419728,SUSPENDIDO
69780.0,Sofia Torres,juanperez@yahoo.com,abc123,CC,70873163,INACTIVO
12167.0,Ana Martinez,carlosgomez@hotmail.com,3105935371,CE,74541654,desconocido
65098.0,Juan Perez,sofiatorres@hotmail.com,3118134764,CC,,SUSPENDIDO
72249.0,Maria Lopez,anamartinez@gmail.com,abc123,TI,53257618,ACTIVO
49485.0,Maria Lopez,luisrojas@gmail.com,abc123,CE,11280697,ACTIVO
60281.0,Juan Perez,sofiatorres@yahoo.com,3113817469,CE,36822930,ACTIVO
,Luis Rojas,carlosgomez@hotmail.com,3106596469,CC,64011753,INACTIVO
31656.0,Luis Rojas,juanperez@gmail.com,abc123,CC,29455172,INACTIVO
53319.0,Juan Perez,marialopez@hotmail.com,3119533185,TI,47878569,desconocido
80643.0,Luis Rojas,marialopez@hotmail.com,3105772884,CC,87751024,SUSPENDIDO
5619.0,Luis Rojas,luisrojas@gmail.com,3005365485,CC,,ACTIVO
2804.0,Maria Lopez,luisrojas@gmail.com,3026096994,CE,67060605,SUSPENDIDO
67717.0,Carlos Gomez,luisrojas@hotmail.com,3106048125,CC,53676554,desconocido
62423.0,Carlos Gomez,juanperez@hotmail.com,abc123,CC,84730805,INACTIVO
,Ana Martinez,anamartinez@hotmail.com,3114489670,TI,78845504,SUSPENDIDO
69770.0,Maria Lopez,carlosgomez@hotmail.com,3116741467,TI,72823175,SUSPENDIDO
46806.0,Ana Martinez,luisrojas@yahoo.com,3119289081,TI,,SUSPENDIDO
71495.0,Sofia Torres,anamartinez@gmail.com,abc123,CC,43991403,ACTIVO
66800.0,Ana Martinez,luisrojas@yahoo.com,3027782048,CE,81661422,SUSPENDIDO
,Carlos Gomez,marialopez@gmail.com,3017509259,CC,63741537,SUSPENDIDO
91330.0,Luis Rojas,,3027183192,CC,53536277,INACTIVO
47338.0,Carlos Gomez,anamartinez@hotmail.com,3103796316,CE,,INACTIVO
66109.0,Luis Rojas,juanperez@yahoo.com,3027931912,CE,,ACTIVO
45406.0,Maria Lopez,marialopez@hotmail.com,3025499657,CE,19204950,ACTIVO
74893.0,Sofia Torres,carlosgomez@yahoo.com,abc123,TI,72460384,INACTIVO
3582.0,Ana Martinez,,3102003035,CE,14464225,INACTIVO
6663.0,Carlos Gomez,anamartinez@yahoo.com,3028607982,CC,43578791,desconocido
18945.0,Ana Martinez,luisrojas@gmail.com,3119034432,CE,,ACTIVO
,Ana Martinez,anamartinez@gmail.com,3101490138,CC,72644080,INACTIVO
75107.0,Ana Martinez,carlosgomez@hotmail.com,abc123,CE,21268180,INACTIVO
9655.0,Juan Perez,juanperez@gmail.com,3109254038,CE,68305751,desconocido
7357.0,Juan Perez,anamartinez@gmail.com,3117196304,CC,38820080,INACTIVO
6353.0,Carlos Gomez,sofiatorres@hotmail.com,3106653449,CC,75217348,desconocido
57995.0,Maria Lopez,marialopez@yahoo.com,3017691496,CC,,ACTIVO
63143.0,Juan Perez,,3118062746,CC,93501102,ACTIVO
16406.0,Ana Martinez,luisrojas@gmail.com,3003980438,CE,42108973,desconocido
77579.0,Maria Lopez,sofiatorres@yahoo.com,3007222191,CC,,ACTIVO
53177.0,Maria Lopez,juanperez@hotmail.com,abc123,TI,40394766,INACTIVO
42559.0,Sofia Torres,marialopez@hotmail.com,abc123,CE,37954877,INACTIVO
43852.0,Sofia Torres,anamartinez@yahoo.com,3025196446,CC,,INACTIVO
29732.0,Maria Lopez,carlosgomez@gmail.com,3104525267,TI,12944911,desconocido
5200.0,Luis Rojas,anamartinez@gmail.com,3106736123,CE,,ACTIVO
8549.0,Ana Martinez,,3015304544,CC,16608936,INACTIVO
43949.0,Luis Rojas,sofiatorres@hotmail.com,abc123,TI,21033716,SUSPENDIDO
,Carlos Gomez,luisrojas@yahoo.com,3004871393,CE,92199246,ACTIVO
38617.0,Sofia Torres,anamartinez@gmail.com,3105892596,CC,56347407,desconocido
75037.0,Juan Perez,sofiatorres@yahoo.com,abc123,CC,13656278,SUSPENDIDO
63688.0,Maria Lopez,luisrojas@yahoo.com,3007145087,TI,19601261,SUSPENDIDO
96384.0,Luis Rojas,,3027259853,CC,91436556,INACTIVO
,Juan Perez,sofiatorres@gmail.com,3008954106,TI,81194878,SUSPENDIDO
34230.0,Sofia Torres,anamartinez@gmail.com,3108459297,CC,,INACTIVO
34507.0,Ana Martinez,,3109739680,TI,17895206,SUSPENDIDO
81543.0,Carlos Gomez,carlosgomez@yahoo.com,3115790977,CE,55444801,desconocido
6065.0,Sofia Torres,anamartinez@yahoo.com,abc123,TI,67560653,INACTIVO
32811.0,Ana Martinez,anamartinez@hotmail.com,3109385494,TI,78738116,INACTIVO
37345.0,Luis Rojas,anamartinez@hotmail.com,abc123,CC,11881624,ACTIVO
70157.0,Sofia Torres,carlosgomez@yahoo.com,abc123,CE,88073214,SUSPENDIDO
88848.0,Sofia Torres,marialopez@hotmail.com,3012996485,CE,60797225,desconocido
73970.0,Ana Martinez,juanperez@gmail.com,abc123,CE,45931352,ACTIVO
,Juan Perez,carlosgomez@hotmail.com,3025361612,CC,65022566,ACTIVO
4983.0,Ana Martinez,marialopez@yahoo.com,3104622226,TI,,INACTIVO
42346.0,Carlos Gomez,marialopez@yahoo.com,abc123,TI,47281835,INACTIVO
,Ana Martinez,juanperez@yahoo.com,3009704494,TI,95010307,SUSPENDIDO
78345.0,Juan Perez,,3105107058,CC,84460509,INACTIVO
68156.0,Ana Martinez,,3114656211,TI,56583994,ACTIVO
80381.0,Ana Martinez,,3108642681,CE,99117573,INACTIVO
58260.0,Juan Perez,,3026045965,CE,21700503,SUSPENDIDO
9124.0,Maria Lopez,,3006595619,CC,50835636,SUSPENDIDO
73393.0,Luis Rojas,anamartinez@gmail.com,3119340661,CE,,SUSPENDIDO
61787.0,Juan Perez,,3113367812,CC,49645756,ACTIVO
57688.0,Ana Martinez,carlosgomez@yahoo.com,3021428021,TI,53129688,SUSPENDIDO
15280.0,Maria Lopez,sofiatorres@yahoo.com,abc123,CE,71890191,ACTIVO
13411.0,Carlos Gomez,luisrojas@gmail.com,abc123,CE,87259558,INACTIVO
21322.0,Maria Lopez,marialopez@yahoo.com,3024220069,CE,,INACTIVO
4068.0,Juan Perez,carlosgomez@yahoo.com,3107331935,TI,58050442,ACTIVO
81333.0,Juan Perez,,3118488190,CE,40233952,SUSPENDIDO
56713.0,Juan Perez,juanperez@yahoo.com,abc123,CC,37358661,INACTIVO
1651.0,Juan Perez,sofiatorres@yahoo.com,abc123,TI,12130636,ACTIVO
18241.0,Luis Rojas,luisrojas@hotmail.com,3026999592,CC,,SUSPENDIDO
88488.0,Carlos Gomez,luisrojas@gmail.com,3024612837,CC,96826561,ACTIVO
91587.0,Juan Perez,,3002023303,CE,13208930,INACTIVO
49415.0,Juan Perez,juanperez@gmail.com,3107435805,CC,,INACTIVO
46250.0,Juan Perez,sofiatorres@yahoo.com,abc123,CC,59473504,ACTIVO
66592.0,Carlos Gomez,sofiatorres@yahoo.com,abc123,TI,38825923,SUSPENDIDO
28245.0,Maria Lopez,carlosgomez@gmail.com,3016083644,CC,,INACTIVO
,Maria Lopez,juanperez@gmail.com,3026057913,TI,99491138,SUSPENDIDO
18346.0,Maria Lopez,anamartinez@hotmail.com,3117648824,TI,88159157,SUSPENDIDO
12635.0,Ana Martinez,sofiatorres@yahoo.com,abc123,CC,84888332,SUSPENDIDO
,Ana Martinez,anamartinez@gmail.com,3012306657,CE,68879075,ACTIVO
73640.0,Juan Perez,,3011553648,TI,13162166,INACTIVO
,Carlos Gomez,anamartinez@yahoo.com,3108346120,CC,11019225,ACTIVO
89237.0,Ana Martinez,,3113214396,CE,15324267,ACTIVO
58521.0,Ana Martinez,juanperez@yahoo.com,3119796776,CE,56807358,desconocido
1510.0,Juan Perez,juanperez@hotmail.com,3118618387,CC,90018463,desconocido
1370.0,Juan Perez,carlosgomez@hotmail.com,3105943501,TI,,SUSPENDIDO
36097.0,Carlos Gomez,,3013397110,CE,70711414,INACTIVO
,Sofia Torres,carlosgomez@yahoo.com,3112243321,CC,61752895,SUSPENDIDO
81822.0,Juan Perez,sofiatorres@hotmail.com,abc123,CC,86770138,INACTIVO
4469.0,Sofia Torres,carlosgomez@hotmail.com,3001069461,CC,,INACTIVO
,Carlos Gomez,juanperez@hotmail.com,3015957065,CE,77290109,SUSPENDIDO
174.0,Juan Perez,juanperez@gmail.com,3012565237,CE,,INACTIVO
55344.0,Sofia Torres,,3114376085,CE,31768249,INACTIVO
49480.0,Ana Martinez,luisrojas@gmail.com,3116171881,TI,,SUSPENDIDO
,Sofia Torres,marialopez@hotmail.com,3015956869,CC,42743077,SUSPENDIDO
18783.0,Juan Perez,juanperez@yahoo.com,abc123,CE,68736703,SUSPENDIDO
66097.0,Juan Perez,luisrojas@yahoo.com,3103843931,CC,,INACTIVO
10073.0,Maria Lopez,juanperez@gmail.com,3023682562,CE,,ACTIVO
,Juan Perez,marialopez@yahoo.com,3117029389,CE,97426747,INACTIVO
75223.0,Ana Martinez,anamartinez@gmail.com,3029692800,CE,,ACTIVO
24583.0,Luis Rojas,marialopez@hotmail.com,3002858132,CC,,ACTIVO
15733.0,Maria Lopez,,3104085421,CE,26282995,INACTIVO
58250.0,Luis Rojas,luisrojas@gmail.com,3018412079,CE,66873086,INACTIVO
47050.0,Carlos Gomez,luisrojas@yahoo.com,3029729094,TI,50414263,INACTIVO
1855.0,Sofia Torres,anamartinez@yahoo.com,3007403889,TI,58677481,ACTIVO
95072.0,Carlos Gomez,carlosgomez@hotmail.com,3003266290,CE,,ACTIVO
58779.0,Luis Rojas,juanperez@gmail.com,3013074516,TI,,SUSPENDIDO
53245.0,Maria Lopez,,3113550343,CC,21172027,SUSPENDIDO
24475.0,Juan Perez,,3006400039,CE,36193619,INACTIVO
33753.0,Sofia Torres,juanperez@yahoo.com,3111115075,CC,56980805,desconocido
52292.0,Luis Rojas,luisrojas@yahoo.com,3001144196,TI,18408967,desconocido
86345.0,Juan Perez,marialopez@hotmail.com,3108330279,CE,70229885,INACTIVO
93964.0,Maria Lopez,,3113462958,TI,17901178,SUSPENDIDO
96429.0,Juan Perez,,3015291579,TI,40251687,SUSPENDIDO
,Juan Perez,juanperez@hotmail.com,3119608402,CE,68124448,ACTIVO
,Ana Martinez,carlosgomez@yahoo.com,3001751885,CC,62575120,ACTIVO
,Maria Lopez,anamartinez@hotmail.com,3105277715,CC,41437399,INACTIVO
89210.0,Ana Martinez,juanperez@yahoo.com,3115074268,CC,,SUSPENDIDO
22707.0,Maria Lopez,anamartinez@yahoo.com,abc123,CC,46022087,SUSPENDIDO
,Sofia Torres,sofiatorres@gmail.com,3104715934,CE,84499918,INACTIVO
,Maria Lopez,sofiatorres@gmail.com,3005087156,CC,90402680,SUSPENDIDO
40648.0,Juan Perez,juanperez@yahoo.com,3111810338,CC,,INACTIVO
90395.0,Sofia Torres,sofiatorres@yahoo.com,3027748936,CC,,ACTIVO
74794.0,Luis Rojas,anamartinez@hotmail.com,3115638335,CE,62054543,desconocido
41880.0,Luis Rojas,,3113404864,CC,14240489,SUSPENDIDO
31997.0,Carlos Gomez,anamartinez@hotmail.com,3105401602,CE,37916470,INACTIVO
55786.0,Sofia Torres,,3022466770,TI,70401146,ACTIVO
24447.0,Carlos Gomez,anamartinez@yahoo.com,3016901399,TI,33545592,SUSPENDIDO
68822.0,Maria Lopez,,3002688454,CE,53004358,INACTIVO
53409.0,Carlos Gomez,marialopez@yahoo.com,3027738114,CE,,ACTIVO
59902.0,Juan Perez,,3115356875,CC,47838373,ACTIVO
48899.0,Sofia Torres,carlosgomez@hotmail.com,3022268559,CE,,INACTIVO
97347.0,Ana Martinez,anamartinez@hotmail.com,3013736767,CC,19320304,desconocido
,Juan Perez,sofiatorres@gmail.com,3117814065,TI,44608376,SUSPENDIDO
58622.0,Juan Perez,,3112266690,CC,78663917,INACTIVO
21448.0,Sofia Torres,,3101976154,CE,83792194,INACTIVO
71139.0,Sofia Torres,anamartinez@hotmail.com,3006497790,CC,,ACTIVO
,Luis Rojas,luisrojas@gmail.com,3017057100,CE,28473528,ACTIVO
,Juan Perez,sofiatorres@yahoo.com,3029102125,TI,65853903,SUSPENDIDO
,Luis Rojas,anamartinez@gmail.com,3118538287,CE,89692480,ACTIVO
92813.0,Juan Perez,,3102162431,CE,88648881,ACTIVO
,Maria Lopez,carlosgomez@gmail.com,3021810754,TI,85706340,SUSPENDIDO
63581.0,Ana Martinez,,3107752097,CC,14515945,INACTIVO
,Ana Martinez,marialopez@yahoo.com,3023138761,TI,92707776,SUSPENDIDO
86732.0,Maria Lopez,,3015890046,CE,71436949,ACTIVO
,Sofia Torres,juanperez@yahoo.com,3112552010,TI,96417526,SUSPENDIDO
67681.0,Juan Perez,,3016473176,CC,73170739,INACTIVO
78196.0,Carlos Gomez,marialopez@yahoo.com,abc123,CC,19601626,SUSPENDIDO
16044.0,Maria Lopez,,3014447414,CC,30682845,ACTIVO
92211.0,Sofia Torres,carlosgomez@yahoo.com,3017350670,CC,96774382,desconocido
,Luis Rojas,anamartinez@gmail.com,3025661281,TI,78504108,INACTIVO
8941.0,Juan Perez,,3102251713,CC,20455364,SUSPENDIDO
97072.0,Sofia Torres,luisrojas@gmail.com,3023349083,CC,,INACTIVO
13835.0,Juan Perez,luisrojas@gmail.com,3014526061,CC,23737669,desconocido
17920.0,Carlos Gomez,anamartinez@gmail.com,3019567162,TI,16002785,desconocido
,Luis Rojas,juanperez@gmail.com,3011176811,TI,31526821,ACTIVO
82928.0,Carlos Gomez,sofiatorres@hotmail.com,abc123,CE,98984848,INACTIVO
53589.0,Carlos Gomez,carlosgomez@hotmail.com,3105021104,CC,,SUSPENDIDO
77125.0,Luis Rojas,carlosgomez@gmail.com,3008356475,TI,,INACTIVO
33656.0,Ana Martinez,,3019096089,TI,16200321,SUSPENDIDO
65488.0,Luis Rojas,carlosgomez@hotmail.com,3007511762,TI,30794017,ACTIVO
67201.0,Carlos Gomez,luisrojas@gmail.com,3004391415,TI,51496902,desconocido
35476.0,Maria Lopez,,3101155637,TI,78988820,SUSPENDIDO
,Juan Perez,luisrojas@hotmail.com,3015810809,CC,14535994,INACTIVO
39033.0,Carlos Gomez,carlosgomez@gmail.com,3027404164,TI,,INACTIVO
28293.0,Sofia Torres,juanperez@hotmail.com,3001988233,CC,,INACTIVO
59025.0,Luis Rojas,luisrojas@gmail.com,3023835359,TI,25331423,desconocido
35336.0,Carlos Gomez,carlosgomez@yahoo.com,3011737298,CC,,SUSPENDIDO
,Ana Martinez,luisrojas@yahoo.com,3101128194,CC,44334821,SUSPENDIDO
19675.0,Maria Lopez,carlosgomez@hotmail.com,abc123,TI,39296628,INACTIVO
57378.0,Ana Martinez,marialopez@hotmail.com,3005022737,TI,18984910,ACTIVO
7228.0,Maria Lopez,anamartinez@yahoo.com,3113882651,TI,,ACTIVO
35173.0,Sofia Torres,anamartinez@gmail.com,3109605857,CE,81933441,desconocido
86115.0,Juan Perez,juanperez@gmail.com,abc123,CE,74442707,SUSPENDIDO
79104.0,Juan Perez,anamartinez@gmail.com,3108685353,TI,,SUSPENDIDO
,Luis Rojas,carlosgomez@yahoo.com,3026128380,CC,71999863,SUSPENDIDO
37014.0,Juan Perez,,3103868987,CC,91478963,ACTIVO
12675.0,Sofia Torres,anamartinez@yahoo.com,abc123,CC,72529620,ACTIVO
59248.0,Maria Lopez,luisrojas@hotmail.com,3012176953,CE,21668665,desconocido
37024.0,Maria Lopez,,3114279396,CE,14920164,INACTIVO
,Ana Martinez,carlosgomez@hotmail.com,3025198161,CE,55228469,INACTIVO
39769.0,Sofia Torres,anamartinez@yahoo.com,3021169656,CC,,SUSPENDIDO
64361.0,Juan Perez,,3113837950,TI,15777114,INACTIVO
44462.0,Juan Perez,carlosgomez@hotmail.com,3029720017,CC,91048569,INACTIVO
,Luis Rojas,juanperez@hotmail.com,3005078927,CC,10072047,INACTIVO
68916.0,Maria Lopez,sofiatorres@yahoo.com,3111874830,TI,11258645,desconocido
32386.0,Ana Martinez,marialopez@yahoo.com,3114091028,CE,,ACTIVO
66692.0,Luis Rojas,luisrojas@hotmail.com,3019865740,TI,93853229,desconocido
27708.0,Maria Lopez,carlosgomez@hotmail.com,abc123,TI,87216149,SUSPENDIDO
,Maria Lopez,sofiatorres@gmail.com,3106978179,TI,66195077,SUSPENDIDO
31776.0,Juan Perez,,3109733761,CE,59506443,ACTIVO
,Maria Lopez,marialopez@yahoo.com,3013086766,CE,89023810,INACTIVO
,Carlos Gomez,juanperez@gmail.com,3019862171,TI,48289226,INACTIVO
,Sofia Torres,carlosgomez@hotmail.com,3023704235,CC,18481829,SUSPENDIDO
91529.0,Ana Martinez,,3003404866,CE,13770068,ACTIVO
,Ana Martinez,juanperez@gmail.com,3009062987,TI,36107241,ACTIVO
74972.0,Sofia Torres,luisrojas@gmail.com,abc123,CE,42761008,SUSPENDIDO
41067.0,Ana Martinez,,3007674160,CC,66015414,INACTIVO
84459.0,Sofia Torres,,3011501958,TI,93587846,INACTIVO
,Juan Perez,anamartinez@hotmail.com,3026541752,CE,15649528,INACTIVO
63664.0,Carlos Gomez,luisrojas@gmail.com,abc123,TI,35074987,SUSPENDIDO
75435.0,Luis Rojas,marialopez@yahoo.com,3102112647,TI,,ACTIVO
97469.0,Sofia Torres,,3021874021,CC,38325702,SUSPENDIDO
,Carlos Gomez,carlosgomez@gmail.com,3119885935,TI,81940820,SUSPENDIDO
96439.0,Carlos Gomez,juanperez@gmail.com,3024803809,TI,97233128,ACTIVO
,Maria Lopez,anamartinez@hotmail.com,3014865339,TI,67591497,ACTIVO
51138.0,Luis Rojas,carlosgomez@hotmail.com,abc123,CC,97022039,SUSPENDIDO
31867.0,Carlos Gomez,,3022061640,CC,88686238,SUSPENDIDO
912.0,Ana Martinez,carlosgomez@yahoo.com,3017107803,CC,,INACTIVO
69846.0,Juan Perez,marialopez@yahoo.com,3006041697,CC,82419008,desconocido
89340.0,Maria Lopez,luisrojas@yahoo.com,3026665206,CE,89274713,desconocido
72778.0,Ana Martinez,anamartinez@yahoo.com,3009144228,TI,,INACTIVO
15452.0,Juan Perez,marialopez@gmail.com,3009133870,CC,,SUSPENDIDO
45547.0,Luis Rojas,sofiatorres@hotmail.com,3008753401,CC,15303414,ACTIVO
36052.0,Luis Rojas,sofiatorres@yahoo.com,3007111490,CC,,ACTIVO
,Sofia Torres,luisrojas@gmail.com,3103739507,CC,72941625,SUSPENDIDO
96114.0,Carlos Gomez,,3024776658,CC,74550640,INACTIVO
,Juan Perez,sofiatorres@gmail.com,3019106567,CE,48122210,INACTIVO
71217.0,Carlos Gomez,sofiatorres@yahoo.com,abc123,CC,98852084,SUSPENDIDO
86469.0,Ana Martinez,,3012511718,CE,54152093,ACTIVO
49583.0,Ana Martinez,juanperez@gmail.com,3103591907,TI,74323539,INACTIVO
,Sofia Torres,marialopez@hotmail.com,3011859388,CC,85980620,INACTIVO
44120.0,Carlos Gomez,anamartinez@hotmail.com,3105318961,CC,17956803,desconocido
,Juan Perez,juanperez@yahoo.com,3104332004,TI,97468330,INACTIVO
8999.0,Sofia Torres,,3111233971,CC,15062919,ACTIVO
93702.0,Luis Rojas,marialopez@yahoo.com,3002721577,CC,34619686,desconocido
98664.0,Juan Perez,carlosgomez@gmail.com,3021376699,CE,,SUSPENDIDO
55517.0,Carlos Gomez,luisrojas@yahoo.com,3004369625,TI,,ACTIVO
85568.0,Luis Rojas,juanperez@gmail.com,3016086369,CE,,SUSPENDIDO
47725.0,Juan Perez,marialopez@yahoo.com,abc123,TI,96592247,INACTIVO
67006.0,Maria Lopez,anamartinez@gmail.com,abc123,CC,96464878,SUSPENDIDO
14567.0,Luis Rojas,carlosgomez@yahoo.com,3013177068,CE,29468525,SUSPENDIDO
63183.0,Luis Rojas,,3016686855,TI,57811855,SUSPENDIDO
65865.0,Carlos Gomez,,3021702799,TI,97091442,SUSPENDIDO
,Carlos Gomez,luisrojas@gmail.com,3003515668,CE,67257316,SUSPENDIDO
88913.0,Luis Rojas,,3108937333,CE,81315408,ACTIVO
7534.0,Carlos Gomez,carlosgomez@hotmail.com,3014409993,CE,91608702,ACTIVO
54303.0,Juan Perez,juanperez@yahoo.com,abc123,CE,21342374,ACTIVO
41602.0,Juan Perez,luisrojas@hotmail.com,abc123,TI,40658119,SUSPENDIDO
12771.0,Luis Rojas,marialopez@yahoo.com,3108581449,TI,,SUSPENDIDO
88088.0,Carlos Gomez,,3107634748,CE,78325368,SUSPENDIDO
34853.0,Sofia Torres,anamartinez@hotmail.com,3115150987,CE,60593425,desconocido
60925.0,Juan Perez,,3105778723,CC,18850976,ACTIVO
89980.0,Luis Rojas,,3104568811,CE,78586835,SUSPENDIDO
25661.0,Juan Perez,marialopez@yahoo.com,3007230416,CE,,SUSPENDIDO
81911.0,Carlos Gomez,,3008921416,CC,31289772,INACTIVO
96157.0,Juan Perez,sofiatorres@gmail.com,abc123,CE,47557387,SUSPENDIDO
86725.0,Luis Rojas,sofiatorres@yahoo.com,abc123,CE,13319654,SUSPENDIDO
26724.0,Carlos Gomez,carlosgomez@hotmail.com,3011528604,TI,,INACTIVO
99861.0,Sofia Torres,marialopez@hotmail.com,abc123,TI,43485819,SUSPENDIDO
17189.0,Sofia Torres,marialopez@yahoo.com,3023916325,TI,33418852,SUSPENDIDO
37209.0,Juan Perez,,3101828635,CE,64845897,INACTIVO
22244.0,Ana Martinez,luisrojas@hotmail.com,3022410670,TI,92277884,desconocido
42795.0,Ana Martinez,sofiatorres@hotmail.com,3107251450,TI,,SUSPENDIDO
34224.0,Juan Perez,carlosgomez@hotmail.com,3118578354,CC,59787986,SUSPENDIDO
82501.0,Carlos Gomez,,3027823002,TI,38571688,SUSPENDIDO
77997.0,Sofia Torres,carlosgomez@hotmail.com,3022842561,CE,56840715,INACTIVO
59667.0,Sofia Torres,,3019295269,CE,43267720,SUSPENDIDO
25725.0,Juan Perez,juanperez@hotmail.com,3027316976,CE,,INACTIVO
,Sofia Torres,carlosgomez@yahoo.com,3016738467,CE,57747015,INACTIVO
,Luis Rojas,carlosgomez@gmail.com,3114274316,TI,83952176,INACTIVO
46085.0,Luis Rojas,luisrojas@gmail.com,3013203620,CE,,INACTIVO
92893.0,Sofia Torres,,3009675680,CC,51898893,INACTIVO
32891.0,Sofia Torres,,3109118973,CE,18279747,SUSPENDIDO
92999.0,Sofia Torres,carlosgomez@yahoo.com,abc123,TI,90100467,SUSPENDIDO
57883.0,Juan Perez,marialopez@hotmail.com,3006742653,CC,,ACTIVO
3977.0,Juan Perez,anamartinez@hotmail.com,abc123,CC,29255669,INACTIVO
3475.0,Luis Rojas,marialopez@gmail.com,3006801947,TI,,INACTIVO
11930.0,Ana Martinez,juanperez@yahoo.com,3016675448,CC,46937030,ACTIVO
215.0,Sofia Torres,,3027903079,CC,53487876,INACTIVO
,Sofia Torres,carlosgomez@hotmail.com,3108690300,CC,84071523,SUSPENDIDO
41790.0,Luis Rojas,,3007142236,CE,63756523,INACTIVO
10723.0,Luis Rojas,juanperez@hotmail.com,abc123,CC,22212973,ACTIVO
28217.0,Juan Perez,carlosgomez@hotmail.com,3116973697,TI,89416499,SUSPENDIDO
,Carlos Gomez,marialopez@hotmail.com,3116879372,TI,77992889,INACTIVO
3395.0,Carlos Gomez,,3114859346,TI,93670757,SUSPENDIDO
21887.0,Ana Martinez,luisrojas@gmail.com,abc123,CE,36508141,ACTIVO
77696.0,Maria Lopez,luisrojas@gmail.com,abc123,TI,35113977,ACTIVO
66036.0,Juan Perez,,3004482303,CE,86015221,INACTIVO
,Carlos Gomez,carlosgomez@hotmail.com,3102562745,CE,40016770,SUSPENDIDO
,Maria Lopez,juanperez@gmail.com,3116348717,CC,39407390,SUSPENDIDO
97908.0,Carlos Gomez,sofiatorres@gmail.com,3001584063,TI,41842842,desconocido
20464.0,Sofia Torres,sofiatorres@gmail.com,3001939166,CC,,SUSPENDIDO
,Maria Lopez,carlosgomez@hotmail.com,3021892411,CC,34348177,SUSPENDIDO
,Juan Perez,marialopez@yahoo.com,3024114610,TI,90512796,ACTIVO
79988.0,Ana Martinez,luisrojas@gmail.com,3102724693,TI,76000369,desconocido
81577.0,Ana Martinez,anamartinez@hotmail.com,3013871663,CE,,INACTIVO
,Carlos Gomez,juanperez@yahoo.com,3014721850,TI,63151238,SUSPENDIDO
36326.0,Maria Lopez,,3009893285,TI,53134043,INACTIVO
57476.0,Luis Rojas,marialopez@hotmail.com,3015149016,TI,,INACTIVO
94801.0,Luis Rojas,sofiatorres@gmail.com,3027894914,TI,39972305,INACTIVO
45263.0,Ana Martinez,,3003210616,CC,79885945,ACTIVO
97924.0,Luis Rojas,carlosgomez@hotmail.com,3005467067,CC,,SUSPENDIDO
80091.0,Maria Lopez,anamartinez@hotmail.com,3112723934,CE,80254397,SUSPENDIDO
,Ana Martinez,luisrojas@yahoo.com,3024271758,CE,85933572,INACTIVO
,Sofia Torres,luisrojas@hotmail.com,3018828106,CC,67068693,ACTIVO
70077.0,Juan Perez,anamartinez@gmail.com,3105064219,TI,88777388,ACTIVO
68732.0,Sofia Torres,juanperez@yahoo.com,3008378718,CE,71096637,INACTIVO
78501.0,Sofia Torres,juanperez@yahoo.com,abc123,CE,27174620,ACTIVO
10635.0,Maria Lopez,marialopez@yahoo.com,abc123,CC,38695713,INACTIVO
90346.0,Luis Rojas,marialopez@gmail.com,3105573275,TI,69432586,desconocido
,Luis Rojas,anamartinez@yahoo.com,3102948667,CE,28291210,SUSPENDIDO
34583.0,Carlos Gomez,,3005866261,CC,89639471,ACTIVO
36367.0,Luis Rojas,juanperez@yahoo.com,3023583615,CC,31759253,INACTIVO
62714.0,Maria Lopez,anamartinez@gmail.com,3101524858,CE,,INACTIVO
29601.0,Juan Perez,,3017291498,CE,24693613,INACTIVO
55172.0,Luis Rojas,,3011258173,CC,47147839,SUSPENDIDO
47072.0,Carlos Gomez,,3113848508,TI,46099319,SUSPENDIDO
69900.0,Sofia Torres,,3017359258,CC,82598854,SUSPENDIDO
31026.0,Sofia Torres,,3105732458,CC,82237228,INACTIVO
,Juan Perez,anamartinez@yahoo.com,3029480125,TI,11869350,ACTIVO
9104.0,Carlos Gomez,,3019731584,CC,42702737,INACTIVO
,Ana Martinez,carlosgomez@yahoo.com,3118341821,CC,87233801,INACTIVO
30172.0,Juan Perez,,3015954424,TI,82387039,SUSPENDIDO
11986.0,Maria Lopez,sofiatorres@gmail.com,3105504637,CC,,INACTIVO
83709.0,Maria Lopez,anamartinez@yahoo.com,abc123,TI,24385400,ACTIVO
94970.0,Juan Perez,,3027546126,TI,78498520,ACTIVO
,Maria Lopez,marialopez@hotmail.com,3104152676,CE,78384221,INACTIVO
54222.0,Ana Martinez,,3112494194,CE,14742693,ACTIVO
62469.0,Carlos Gomez,sofiatorres@hotmail.com,3114339831,TI,78131713,SUSPENDIDO
,Sofia Torres,juanperez@yahoo.com,3113534590,CE,75113101,INACTIVO
74970.0,Ana Martinez,carlosgomez@gmail.com,abc123,CE,17160831,SUSPENDIDO
88293.0,Sofia Torres,anamartinez@yahoo.com,3021866714,CE,,SUSPENDIDO
46858.0,Carlos Gomez,sofiatorres@gmail.com,3111148434,CC,,SUSPENDIDO
56372.0,Ana Martinez,luisrojas@yahoo.com,3015818330,TI,63613504,ACTIVO
68643.0,Ana Martinez,juanperez@yahoo.com,3113022106,CE,,ACTIVO
,Ana Martinez,sofiatorres@yahoo.com,3006994530,CC,56640977,INACTIVO
,Luis Rojas,marialopez@yahoo.com,3111609454,CE,44766291,SUSPENDIDO
,Carlos Gomez,marialopez@gmail.com,3001600618,CC,59693554,ACTIVO
60043.0,Carlos Gomez,anamartinez@hotmail.com,3105894201,CC,,SUSPENDIDO
77178.0,Juan Perez,anamartinez@yahoo.com,abc123,CC,44267278,SUSPENDIDO
28773.0,Juan Perez,anamartinez@hotmail.com,abc123,CE,85208416,INACTIVO
,Juan Perez,juanperez@yahoo.com,3108812840,CE,40422370,ACTIVO
66715.0,Sofia Torres,sofiatorres@gmail.com,3106709122,CE,,ACTIVO
24785.0,Sofia Torres,anamartinez@gmail.com,3002846592,CE,,ACTIVO
58253.0,Luis Rojas,luisrojas@hotmail.com,3019808421,TI,90936092,desconocido
53868.0,Sofia Torres,marialopez@gmail.com,3014619383,CC,,INACTIVO
45567.0,Maria Lopez,luisrojas@hotmail.com,3101270235,CC,63697304,desconocido
34233.0,Maria Lopez,,3116691264,TI,49636510,INACTIVO
56194.0,Carlos Gomez,,3117599010,CC,50277030,INACTIVO
43042.0,Carlos Gomez,sofiatorres@gmail.com,abc123,TI,67333010,INACTIVO
27483.0,Maria Lopez,carlosgomez@hotmail.com,3005466499,TI,,SUSPENDIDO
92929.0,Maria Lopez,anamartinez@gmail.com,3111728237,CC,91899739,desconocido
4407.0,Luis Rojas,juanperez@yahoo.com,3009765535,TI,68052888,desconocido
47644.0,Sofia Torres,marialopez@yahoo.com,3104470421,TI,,INACTIVO
,Ana Martinez,carlosgomez@gmail.com,3012730800,CE,71909970,SUSPENDIDO
53974.0,Carlos Gomez,,3013944658,CE,93597609,ACTIVO
,Luis Rojas,anamartinez@gmail.com,3017613454,CE,59650328,ACTIVO
10709.0,Luis Rojas,marialopez@yahoo.com,3116624017,CE,,SUSPENDIDO
83716.0,Sofia Torres,juanperez@gmail.com,abc123,CE,90583174,SUSPENDIDO
52622.0,Sofia Torres,sofiatorres@hotmail.com,abc123,TI,88289272,INACTIVO
30148.0,Sofia Torres,sofiatorres@yahoo.com,3105820737,CE,,INACTIVO
12218.0,Juan Perez,,3024868457,CE,85029024,INACTIVO
54985.0,Maria Lopez,marialopez@gmail.com,3106989778,CE,35860306,desconocido
89578.0,Carlos Gomez,,3005643990,CC,63247268,SUSPENDIDO
64498.0,Sofia Torres,,3017172335,CC,51645964,INACTIVO
16388.0,Maria Lopez,,3022567664,CE,30123486,INACTIVO
39638.0,Ana Martinez,sofiatorres@gmail.com,3008280720,CC,,INACTIVO
17624.0,Sofia Torres,juanperez@hotmail.com,abc123,CC,82722668,ACTIVO
5368.0,Ana Martinez,marialopez@gmail.com,abc123,TI,59468564,SUSPENDIDO
59834.0,Sofia Torres,sofiatorres@gmail.com,3019327276,CC,88485324,desconocido
20838.0,Maria Lopez,anamartinez@gmail.com,3104214870,CE,,ACTIVO
53815.0,Sofia Torres,anamartinez@yahoo.com,abc123,CE,16911763,SUSPENDIDO
12287.0,Ana Martinez,luisrojas@hotmail.com,3027837423,CC,,INACTIVO
43173.0,Luis Rojas,anamartinez@gmail.com,3018553944,CE,90683550,desconocido
17519.0,Ana Martinez,carlosgomez@yahoo.com,3103851694,TI,,SUSPENDIDO
58498.0,Ana Martinez,juanperez@yahoo.com,abc123,CC,24596396,INACTIVO
80587.0,Luis Rojas,anamartinez@hotmail.com,3029911644,CC,22205676,SUSPENDIDO
,Sofia Torres,carlosgomez@gmail.com,3117814611,CC,82125024,SUSPENDIDO
23507.0,Carlos Gomez,marialopez@yahoo.com,3017595469,CC,,ACTIVO
50302.0,Sofia Torres,carlosgomez@yahoo.com,abc123,CE,33915848,SUSPENDIDO
,Juan Perez,carlosgomez@hotmail.com,3103529429,CE,98130729,ACTIVO
91958.0,Maria Lopez,carlosgomez@yahoo.com,abc123,CC,31151212,INACTIVO
,Maria Lopez,luisrojas@hotmail.com,3026425485,CE,96193833,SUSPENDIDO
67480.0,Maria Lopez,marialopez@yahoo.com,3008704255,CC,11580718,SUSPENDIDO
52512.0,Juan Perez,,3027355762,CE,97732696,SUSPENDIDO
20961.0,Juan Perez,sofiatorres@gmail.com,3023422968,TI,18332867,desconocido
81818.0,Luis Rojas,carlosgomez@yahoo.com,3011687298,TI,,INACTIVO
25839.0,Ana Martinez,carlosgomez@yahoo.com,3013524989,TI,,INACTIVO
91594.0,Ana Martinez,marialopez@gmail.com,3027772881,CC,,ACTIVO
,Sofia Torres,carlosgomez@hotmail.com,3103701733,CE,97018731,SUSPENDIDO
8705.0,Ana Martinez,,3105268790,TI,52765514,ACTIVO
6138.0,Maria Lopez,marialopez@yahoo.com,3116987790,CC,45299140,SUSPENDIDO
,Carlos Gomez,sofiatorres@yahoo.com,3027200679,TI,30930802,SUSPENDIDO
20517.0,Sofia Torres,,3101082920,CE,89536967,INACTIVO
71844.0,Carlos Gomez,luisrojas@yahoo.com,3119918405,CE,,ACTIVO
28659.0,Sofia Torres,sofiatorres@hotmail.com,3106772082,CE,68924428,SUSPENDIDO
66137.0,Luis Rojas,luisrojas@hotmail.com,3117049617,CE,,INACTIVO
99787.0,Ana Martinez,marialopez@gmail.com,abc123,CE,96747260,ACTIVO
11435.0,Maria Lopez,carlosgomez@yahoo.com,3027688920,TI,47289357,desconocido
,Maria Lopez,juanperez@yahoo.com,3002887382,CC,74852048,ACTIVO
50820.0,Sofia Torres,,3029932361,TI,82055053,SUSPENDIDO
17984.0,Carlos Gomez,anamartinez@gmail.com,3014323543,CE,,INACTIVO
,Maria Lopez,luisrojas@gmail.com,3013341304,TI,71391150,ACTIVO
6869.0,Juan Perez,,3102222611,CC,28255148,ACTIVO
63384.0,Juan Perez,luisrojas@hotmail.com,3114391175,CC,,ACTIVO
13298.0,Juan Perez,,3015877597,CE,31763863,SUSPENDIDO
42517.0,Sofia Torres,sofiatorres@gmail.com,abc123,CC,20106560,ACTIVO
73339.0,Luis Rojas,marialopez@hotmail.com,abc123,CE,86582345,INACTIVO
98283.0,Carlos Gomez,,3022166661,TI,61644613,INACTIVO
95400.0,Luis Rojas,,3101864492,TI,38618325,SUSPENDIDO
60773.0,Ana Martinez,carlosgomez@hotmail.com,3101864599,TI,,INACTIVO
,Sofia Torres,carlosgomez@gmail.com,3024466502,CC,55630531,INACTIVO
,Maria Lopez,marialopez@hotmail.com,3008143799,TI,80288058,INACTIVO
,Ana Martinez,sofiatorres@yahoo.com,3107118376,CC,84252665,SUSPENDIDO
65277.0,Ana Martinez,anamartinez@yahoo.com,3009618169,CE,76768929,ACTIVO
27919.0,Luis Rojas,anamartinez@hotmail.com,abc123,TI,80959188,INACTIVO
14824.0,Luis Rojas,carlosgomez@hotmail.com,abc123,CC,96251082,SUSPENDIDO
94260.0,Maria Lopez,luisrojas@yahoo.com,abc123,CE,73959154,ACTIVO
,Juan Perez,marialopez@gmail.com,3101733693,CC,29395973,INACTIVO
42186.0,Luis Rojas,carlosgomez@gmail.com,3106414288,CC,74837357,desconocido
64262.0,Carlos Gomez,luisrojas@gmail.com,3103620590,CE,20128920,INACTIVO
44409.0,Luis Rojas,carlosgomez@gmail.com,3117515260,TI,,ACTIVO
28216.0,Sofia Torres,sofiatorres@hotmail.com,abc123,CC,91506857,SUSPENDIDO
,Sofia Torres,anamartinez@yahoo.com,3014997309,CC,48922747,INACTIVO
15531.0,Ana Martinez,luisrojas@hotmail.com,abc123,CC,61956869,ACTIVO
,Juan Perez,luisrojas@hotmail.com,3118565693,CE,72912346,INACTIVO
85705.0,Maria Lopez,sofiatorres@yahoo.com,3107996719,TI,68640240,desconocido
18387.0,Carlos Gomez,carlosgomez@yahoo.com,abc123,TI,36198489,SUSPENDIDO
2844.0,Sofia Torres,anamartinez@yahoo.com,abc123,CC,53743829,INACTIVO
,Juan Perez,luisrojas@yahoo.com,3022065386,CE,14866730,ACTIVO
660.0,Sofia Torres,sofiatorres@hotmail.com,3008110012,TI,,ACTIVO
82546.0,Sofia Torres,sofiatorres@yahoo.com,abc123,TI,59230479,SUSPENDIDO
66832.0,Maria Lopez,juanperez@hotmail.com,3011987866,CC,,SUSPENDIDO
,Maria Lopez,sofiatorres@gmail.com,3119415253,CE,19742305,SUSPENDIDO
31214.0,Luis Rojas,carlosgomez@gmail.com,3003382411,CC,,SUSPENDIDO
,Maria Lopez,anamartinez@yahoo.com,3116280236,TI,59861510,SUSPENDIDO
11534.0,Ana Martinez,,3019763038,CE,26833230,ACTIVO
28124.0,Ana Martinez,luisrojas@hotmail.com,abc123,CE,15351190,ACTIVO
77753.0,Maria Lopez,juanperez@hotmail.com,abc123,CC,92198639,ACTIVO
5043.0,Ana Martinez,sofiatorres@gmail.com,3002819507,TI,35277123,ACTIVO
75356.0,Sofia Torres,marialopez@yahoo.com,abc123,CE,70532499,ACTIVO
67026.0,Maria Lopez,juanperez@hotmail.com,3002891463,CC,,ACTIVO
91095.0,Ana Martinez,sofiatorres@gmail.com,3114128929,CE,86457071,ACTIVO
66929.0,Maria Lopez,,3112249733,TI,60599606,SUSPENDIDO
77961.0,Sofia Torres,luisrojas@yahoo.com,3019366538,CE,,SUSPENDIDO
52009.0,Maria Lopez,marialopez@gmail.com,3005964475,TI,,INACTIVO
78802.0,Carlos Gomez,luisrojas@hotmail.com,3101355825,TI,51550594,SUSPENDIDO
40896.0,Maria Lopez,,3105281301,TI,11732088,ACTIVO
70866.0,Maria Lopez,marialopez@hotmail.com,3101894050,TI,,ACTIVO
72253.0,Juan Perez,juanperez@gmail.com,3103890806,CC,86771433,INACTIVO
25816.0,Carlos Gomez,marialopez@gmail.com,abc123,CE,75816107,INACTIVO
39002.0,Maria Lopez,anamartinez@gmail.com,3112773158,CE,,ACTIVO
49860.0,Maria Lopez,,3029017398,TI,10039694,INACTIVO
97606.0,Sofia Torres,luisrojas@hotmail.com,abc123,CE,59016143,SUSPENDIDO
84343.0,Juan Perez,anamartinez@yahoo.com,3014371046,TI,18844265,ACTIVO
91087.0,Ana Martinez,juanperez@gmail.com,3119748299,CE,,INACTIVO
65607.0,Sofia Torres,,3014237699,CE,70027246,ACTIVO
30711.0,Ana Martinez,luisrojas@hotmail.com,3115142193,CE,38540864,ACTIVO
86458.0,Sofia Torres,carlosgomez@yahoo.com,3111300516,CE,,INACTIVO
14115.0,Sofia Torres,,3028105913,TI,67233892,INACTIVO
14530.0,Sofia Torres,carlosgomez@hotmail.com,3118559010,TI,79563024,INACTIVO
92695.0,Maria Lopez,,3101498061,CE,13399094,ACTIVO
77224.0,Juan Perez,marialopez@gmail.com,3003241429,TI,,INACTIVO
,Maria Lopez,luisrojas@hotmail.com,3105775338,TI,12777525,ACTIVO
31326.0,Juan Perez,marialopez@hotmail.com,abc123,TI,51407730,ACTIVO
39681.0,Ana Martinez,luisrojas@gmail.com,3022150819,CC,24971948,desconocido
57784.0,Juan Perez,sofiatorres@hotmail.com,3001325637,CE,,ACTIVO
18398.0,Ana Martinez,,3107553261,CE,61268579,SUSPENDIDO
59644.0,Ana Martinez,,3104109265,CE,23994411,INACTIVO
39749.0,Maria Lopez,carlosgomez@gmail.com,abc123,CE,18933924,SUSPENDIDO
59671.0,Maria Lopez,carlosgomez@yahoo.com,3006572644,CC,97215321,desconocido
44317.0,Juan Perez,marialopez@hotmail.com,3008312391,CE,85874880,desconocido
39209.0,Juan Perez,,3109791870,CE,91950355,SUSPENDIDO
18065.0,Sofia Torres,luisrojas@yahoo.com,3107708527,CE,,INACTIVO
,Carlos Gomez,juanperez@gmail.com,3009291960,CE,61671299,SUSPENDIDO
38777.0,Sofia Torres,,3007973924,CC,47875297,INACTIVO
54421.0,Maria Lopez,anamartinez@yahoo.com,3012670967,CE,34462498,desconocido
31827.0,Luis Rojas,sofiatorres@gmail.com,3119504227,CC,,SUSPENDIDO
10879.0,Luis Rojas,,3005564307,CE,28557099,SUSPENDIDO
37840.0,Carlos Gomez,juanperez@gmail.com,abc123,CC,84256921,ACTIVO
57249.0,Luis Rojas,sofiatorres@yahoo.com,abc123,CE,78741465,SUSPENDIDO
,Maria Lopez,luisrojas@gmail.com,3115837158,TI,21474404,SUSPENDIDO
26027.0,Ana Martinez,anamartinez@hotmail.com,3001536546,CE,86024196,desconocido
41128.0,Carlos Gomez,sofiatorres@hotmail.com,abc123,CE,73608600,SUSPENDIDO
3001.0,Juan Perez,,3107321290,CC,92346814,ACTIVO
35346.0,Carlos Gomez,marialopez@gmail.com,3008706485,TI,11280396,INACTIVO
21470.0,Sofia Torres,sofiatorres@yahoo.com,3024615484,CE,21567734,INACTIVO
14478.0,Luis Rojas,juanperez@hotmail.com,abc123,TI,56017627,ACTIVO
13165.0,Juan Perez,,3105577891,TI,42676970,SUSPENDIDO
32814.0,Ana Martinez,anamartinez@yahoo.com,3016716813,TI,10493316,desconocido
36838.0,Sofia Torres,anamartinez@gmail.com,3115618012,CE,,INACTIVO
7916.0,Carlos Gomez,,3005248211,TI,66846262,INACTIVO
,Carlos Gomez,anamartinez@hotmail.com,3112714093,TI,45653929,ACTIVO
,Luis Rojas,sofiatorres@hotmail.com,3022726920,CC,88881976,SUSPENDIDO
61704.0,Carlos Gomez,luisrojas@yahoo.com,abc123,TI,10443615,INACTIVO
25703.0,Juan Perez,marialopez@yahoo.com,3108888647,CE,,INACTIVO
21394.0,Juan Perez,marialopez@yahoo.com,3101041855,CC,58338794,INACTIVO
98388.0,Luis Rojas,juanperez@yahoo.com,3029145446,CE,51203535,desconocido
53298.0,Ana Martinez,carlosgomez@hotmail.com,abc123,CC,24029741,ACTIVO
59852.0,Carlos Gomez,anamartinez@gmail.com,3026583267,CC,,INACTIVO
2214.0,Carlos Gomez,anamartinez@yahoo.com,abc123,TI,97509579,SUSPENDIDO
39755.0,Carlos Gomez,,3002260932,CC,65769562,ACTIVO
12410.0,Sofia Torres,juanperez@yahoo.com,3111072765,TI,,SUSPENDIDO
92433.0,Luis Rojas,anamartinez@hotmail.com,3015476464,CE,,INACTIVO
,Ana Martinez,carlosgomez@hotmail.com,3106505840,CC,74870024,SUSPENDIDO
55776.0,Ana Martinez,anamartinez@gmail.com,3115396253,CE,68879838,ACTIVO
31994.0,Sofia Torres,,3006235137,CC,71092046,SUSPENDIDO
77471.0,Luis Rojas,,3113423145,CE,91374124,ACTIVO
11489.0,Juan Perez,luisrojas@hotmail.com,3012529063,CE,,SUSPENDIDO
25980.0,Juan Perez,luisrojas@hotmail.com,3113337182,TI,,INACTIVO
3846.0,Luis Rojas,juanperez@yahoo.com,3005174294,CE,50699384,SUSPENDIDO
93831.0,Luis Rojas,luisrojas@yahoo.com,3019419946,CC,46110502,desconocido
18894.0,Sofia Torres,carlosgomez@yahoo.com,3011932340,TI,,SUSPENDIDO
,Luis Rojas,sofiatorres@yahoo.com,3025581821,TI,56093755,INACTIVO
70800.0,Maria Lopez,anamartinez@yahoo.com,abc123,CE,47016223,SUSPENDIDO
84750.0,Juan Perez,sofiatorres@gmail.com,3007882535,CC,,SUSPENDIDO
79559.0,Luis Rojas,carlosgomez@gmail.com,3003612677,TI,25792022,SUSPENDIDO
23313.0,Carlos Gomez,,3116167222,CC,58287371,ACTIVO
36370.0,Ana Martinez,,3007460277,TI,81217413,SUSPENDIDO
72183.0,Maria Lopez,carlosgomez@gmail.com,3106462456,TI,74199498,ACTIVO
5381.0,Carlos Gomez,luisrojas@yahoo.com,3005175293,CE,,INACTIVO
33786.0,Carlos Gomez,marialopez@yahoo.com,3021525469,CC,,INACTIVO
,Juan Perez,juanperez@gmail.com,3116154593,TI,93579988,SUSPENDIDO
4726.0,Luis Rojas,carlosgomez@hotmail.com,3101703057,CE,35080680,INACTIVO
37650.0,Maria Lopez,luisrojas@hotmail.com,3029867868,TI,,SUSPENDIDO
99634.0,Maria Lopez,juanperez@gmail.com,abc123,CC,43427661,SUSPENDIDO
62316.0,Carlos Gomez,luisrojas@gmail.com,abc123,TI,40910185,SUSPENDIDO
20331.0,Luis Rojas,,3016793707,TI,97493164,INACTIVO
22410.0,Maria Lopez,anamartinez@yahoo.com,3104870756,CC,,INACTIVO
38864.0,Luis Rojas,marialopez@hotmail.com,3018724923,CE,54618059,ACTIVO
6345.0,Sofia Torres,carlosgomez@yahoo.com,3026480462,TI,,ACTIVO
75418.0,Luis Rojas,anamartinez@yahoo.com,abc123,TI,23951322,INACTIVO
90384.0,Sofia Torres,luisrojas@yahoo.com,3027226349,CC,20864367,INACTIVO
86385.0,Juan Perez,,3025558328,TI,69562848,INACTIVO
46181.0,Maria Lopez,juanperez@yahoo.com,3106609335,CC,77734490,INACTIVO
61451.0,Juan Perez,marialopez@yahoo.com,abc123,CC,83669050,ACTIVO
81885.0,Sofia Torres,anamartinez@gmail.com,3028191284,TI,54149804,desconocido
19252.0,Carlos Gomez,sofiatorres@gmail.com,3116492928,TI,65350477,desconocido
80658.0,Luis Rojas,carlosgomez@gmail.com,3015590525,CC,,INACTIVO
63377.0,Maria Lopez,juanperez@hotmail.com,abc123,CC,83044209,ACTIVO
23138.0,Maria Lopez,luisrojas@gmail.com,abc123,TI,56574676,ACTIVO
18123.0,Carlos Gomez,luisrojas@hotmail.com,3102526842,CC,,SUSPENDIDO
55202.0,Ana Martinez,sofiatorres@hotmail.com,abc123,CC,42442613,SUSPENDIDO
63382.0,Luis Rojas,luisrojas@hotmail.com,3002776632,CE,50113475,INACTIVO
,Carlos Gomez,marialopez@hotmail.com,3019985829,CC,82811400,SUSPENDIDO
,Juan Perez,marialopez@gmail.com,3104224552,CC,58221739,INACTIVO
96403.0,Luis Rojas,marialopez@hotmail.com,3116817551,CC,53738571,INACTIVO
35329.0,Juan Perez,luisrojas@yahoo.com,3027294046,CC,,ACTIVO
,Luis Rojas,anamartinez@yahoo.com,3002934794,CC,77567668,ACTIVO
69106.0,Maria Lopez,sofiatorres@yahoo.com,3006080178,TI,,ACTIVO
,Maria Lopez,carlosgomez@hotmail.com,3017291087,CE,56996770,INACTIVO
58105.0,Carlos Gomez,marialopez@gmail.com,3107965409,CC,,INACTIVO
59321.0,Maria Lopez,sofiatorres@gmail.com,abc123,CE,73108637,SUSPENDIDO
,Luis Rojas,anamartinez@hotmail.com,3106665656,TI,98649136,ACTIVO
78249.0,Ana Martinez,carlosgomez@yahoo.com,3017541418,CE,,INACTIVO
,Maria Lopez,anamartinez@yahoo.com,3118382623,CE,18609274,ACTIVO
34391.0,Luis Rojas,juanperez@yahoo.com,3104865007,TI,,INACTIVO
59557.0,Juan Perez,marialopez@gmail.com,3017812660,TI,,SUSPENDIDO
,Carlos Gomez,luisrojas@gmail.com,3004862794,CC,88304222,ACTIVO
55644.0,Juan Perez,luisrojas@yahoo.com,3006958456,CE,,SUSPENDIDO
96935.0,Juan Perez,carlosgomez@yahoo.com,3115137348,CC,90771258,SUSPENDIDO
9367.0,Luis Rojas,anamartinez@gmail.com,3103758780,TI,,ACTIVO
18154.0,Sofia Torres,,3101598693,CC,89299531,ACTIVO
92726.0,Maria Lopez,anamartinez@gmail.com,3019840668,CE,,SUSPENDIDO
73457.0,Sofia Torres,,3011614216,TI,86884800,SUSPENDIDO
24649.0,Sofia Torres,anamartinez@gmail.com,abc123,TI,98323276,INACTIVO
95531.0,Ana Martinez,,3002801636,TI,48799755,ACTIVO
29019.0,Maria Lopez,juanperez@hotmail.com,3107075432,CE,,INACTIVO
73203.0,Ana Martinez,luisrojas@yahoo.com,3117814212,TI,72877410,desconocido
,Carlos Gomez,sofiatorres@yahoo.com,3017033975,CE,19635642,ACTIVO
73608.0,Sofia Torres,,3019918012,CC,13014009,ACTIVO
,Maria Lopez,marialopez@hotmail.com,3118502577,CE,58593790,INACTIVO
21714.0,Maria Lopez,marialopez@gmail.com,abc123,CE,12322781,SUSPENDIDO
,Juan Perez,anamartinez@yahoo.com,3006874920,CE,57743423,INACTIVO
,Sofia Torres,sofiatorres@hotmail.com,3117191614,CE,15111352,INACTIVO
38440.0,Juan Perez,anamartinez@gmail.com,abc123,TI,10576272,INACTIVO
,Juan Perez,anamartinez@yahoo.com,3107593781,CE,43965999,ACTIVO
33090.0,Juan Perez,carlosgomez@yahoo.com,abc123,CE,28890815,INACTIVO
27748.0,Carlos Gomez,juanperez@hotmail.com,abc123,CC,59029383,ACTIVO
,Sofia Torres,luisrojas@hotmail.com,3114150757,CE,30611526,ACTIVO
84609.0,Sofia Torres,,3026626258,CC,23873100,INACTIVO
41513.0,Juan Perez,,3007588265,CE,86908175,INACTIVO
6147.0,Luis Rojas,,3111282667,CE,48600622,SUSPENDIDO
21618.0,Juan Perez,anamartinez@gmail.com,abc123,TI,30837979,INACTIVO
29536.0,Luis Rojas,luisrojas@hotmail.com,abc123,CE,55390427,ACTIVO
65394.0,Carlos Gomez,,3012250046,CE,96563026,SUSPENDIDO
30022.0,Juan Perez,,3014811913,CC,74745645,SUSPENDIDO
89342.0,Maria Lopez,marialopez@gmail.com,abc123,CE,57435483,SUSPENDIDO
50164.0,Luis Rojas,,3006814689,CE,41641045,SUSPENDIDO
2031.0,Carlos Gomez,luisrojas@hotmail.com,abc123,CE,29382336,INACTIVO
25796.0,Ana Martinez,,3018920466,CC,97151542,SUSPENDIDO
68949.0,Ana Martinez,luisrojas@gmail.com,abc123,CC,72371232,SUSPENDIDO
34666.0,Ana Martinez,,3016012867,CC,56950546,SUSPENDIDO
68157.0,Sofia Torres,juanperez@hotmail.com,abc123,TI,27769808,SUSPENDIDO
26462.0,Maria Lopez,juanperez@hotmail.com,3009306934,CE,23284123,desconocido
85697.0,Carlos Gomez,,3017940270,CE,64144365,ACTIVO
38312.0,Ana Martinez,luisrojas@hotmail.com,3106083658,CE,79570398,INACTIVO
81051.0,Sofia Torres,marialopez@hotmail.com,abc123,CC,46939188,ACTIVO
,Luis Rojas,juanperez@yahoo.com,3012732544,TI,25661592,ACTIVO
,Juan Perez,marialopez@hotmail.com,3104977019,CC,14564160,INACTIVO
68650.0,Carlos Gomez,,3105931930,CE,59165857,SUSPENDIDO
699.0,Juan Perez,carlosgomez@gmail.com,3011314344,TI,16954679,desconocido
25208.0,Maria Lopez,,3023119542,TI,25288337,SUSPENDIDO
47368.0,Juan Perez,carlosgomez@gmail.com,abc123,CE,54269453,INACTIVO
10582.0,Maria Lopez,anamartinez@yahoo.com,3112096763,CC,23261851,desconocido
79652.0,Luis Rojas,anamartinez@gmail.com,3024031958,CC,97682969,ACTIVO
,Luis Rojas,juanperez@gmail.com,3111023742,CC,28531042,INACTIVO
70355.0,Sofia Torres,marialopez@yahoo.com,abc123,TI,53989878,ACTIVO
46472.0,Carlos Gomez,,3105982939,CC,97226147,SUSPENDIDO
37658.0,Maria Lopez,anamartinez@yahoo.com,abc123,TI,18508511,ACTIVO
4921.0,Carlos Gomez,,3024533665,TI,59411922,INACTIVO
,Ana Martinez,sofiatorres@gmail.com,3103047885,CC,84947433,INACTIVO
,Carlos Gomez,carlosgomez@yahoo.com,3024030091,CE,63047931,ACTIVO
9621.0,Juan Perez,carlosgomez@hotmail.com,abc123,TI,94531945,SUSPENDIDO
,Maria Lopez,marialopez@yahoo.com,3106367281,CE,90032158,SUSPENDIDO
78884.0,Maria Lopez,,3103448147,TI,14338103,INACTIVO
25302.0,Juan Perez,carlosgomez@hotmail.com,3004545540,CC,,ACTIVO
,Carlos Gomez,juanperez@gmail.com,3119906418,CC,19565467,SUSPENDIDO
14963.0,Luis Rojas,marialopez@hotmail.com,abc123,CE,55043977,SUSPENDIDO
78423.0,Sofia Torres,luisrojas@hotmail.com,3011588588,CE,28511619,SUSPENDIDO
39522.0,Luis Rojas,anamartinez@hotmail.com,abc123,CC,11914193,INACTIVO
1889.0,Sofia Torres,,3017008802,CC,41828700,SUSPENDIDO
,Luis Rojas,carlosgomez@yahoo.com,3005866849,TI,79851654,ACTIVO
,Carlos Gomez,anamartinez@gmail.com,3029520470,TI,90855403,SUSPENDIDO
16600.0,Ana Martinez,anamartinez@gmail.com,abc123,CE,66863370,SUSPENDIDO
,Ana Martinez,anamartinez@yahoo.com,3105470834,CE,80373392,INACTIVO
81738.0,Carlos Gomez,carlosgomez@yahoo.com,3002768983,CC,,ACTIVO
41485.0,Juan Perez,,3111291834,CE,28093329,SUSPENDIDO
48025.0,Maria Lopez,sofiatorres@hotmail.com,abc123,TI,48930740,INACTIVO
32385.0,Carlos Gomez,,3029482227,TI,11434837,ACTIVO
,Sofia Torres,marialopez@gmail.com,3104703558,TI,91549030,INACTIVO
,Juan Perez,anamartinez@hotmail.com,3004568631,CE,76902907,SUSPENDIDO
35299.0,Juan Perez,,3024411315,CC,31383262,ACTIVO
21865.0,Carlos Gomez,sofiatorres@hotmail.com,3011664992,CC,17944914,ACTIVO
92381.0,Luis Rojas,juanperez@yahoo.com,3012104345,CE,75517625,INACTIVO
68965.0,Carlos Gomez,luisrojas@gmail.com,abc123,CE,39693141,SUSPENDIDO
28835.0,Juan Perez,sofiatorres@gmail.com,3107436831,CC,79812450,ACTIVO
7615.0,Juan Perez,sofiatorres@yahoo.com,abc123,CC,69783793,INACTIVO
38002.0,Luis Rojas,,3019112920,TI,72983012,INACTIVO
98351.0,Sofia Torres,sofiatorres@hotmail.com,abc123,CE,18912619,ACTIVO
6795.0,Luis Rojas,juanperez@yahoo.com,3014415833,TI,,INACTIVO
14438.0,Juan Perez,anamartinez@hotmail.com,3114649909,TI,52702536,desconocido
76103.0,Sofia Torres,sofiatorres@hotmail.com,3002843156,TI,62330690,SUSPENDIDO
45591.0,Carlos Gomez,carlosgomez@hotmail.com,3027856287,CE,,INACTIVO
88030.0,Ana Martinez,,3028464373,CC,25846479,ACTIVO
95054.0,Juan Perez,,3025458121,CC,40166868,ACTIVO
52085.0,Carlos Gomez,luisrojas@hotmail.com,abc123,CC,48988323,ACTIVO
43863.0,Ana Martinez,luisrojas@gmail.com,3118431842,CC,48125360,desconocido
5931.0,Maria Lopez,,3016075766,TI,26266004,SUSPENDIDO
72846.0,Carlos Gomez,luisrojas@hotmail.com,abc123,TI,69910888,SUSPENDIDO
17768.0,Carlos Gomez,marialopez@hotmail.com,abc123,CE,31016177,INACTIVO
60304.0,Juan Perez,anamartinez@yahoo.com,3107331651,CE,,INACTIVO
69000.0,Carlos Gomez,,3023490928,TI,29189498,SUSPENDIDO
27562.0,Maria Lopez,luisrojas@yahoo.com,3004842934,CE,,INACTIVO
54372.0,Maria Lopez,marialopez@hotmail.com,3101383835,CE,26191290,INACTIVO
55524.0,Carlos Gomez,luisrojas@yahoo.com,abc123,TI,55193718,INACTIVO
30050.0,Luis Rojas,sofiatorres@yahoo.com,3119938371,CE,,INACTIVO
57798.0,Carlos Gomez,carlosgomez@gmail.com,3012740824,CC,,ACTIVO
96204.0,Ana Martinez,anamartinez@yahoo.com,3104561772,CC,,INACTIVO
82489.0,Luis Rojas,,3113039538,CE,86028243,INACTIVO
,Luis Rojas,juanperez@hotmail.com,3022641726,TI,93677109,INACTIVO
68192.0,Maria Lopez,juanperez@yahoo.com,3007416570,TI,,ACTIVO
12978.0,Juan Perez,luisrojas@yahoo.com,3019073091,TI,,ACTIVO
13641.0,Maria Lopez,,3008364363,TI,64634555,INACTIVO
55910.0,Maria Lopez,anamartinez@yahoo.com,3113801554,TI,82105160,desconocido
,Carlos Gomez,sofiatorres@yahoo.com,3009122199,TI,89865416,ACTIVO
35341.0,Sofia Torres,anamartinez@hotmail.com,3115671505,CC,,ACTIVO
,Ana Martinez,carlosgomez@yahoo.com,3003687383,TI,12550361,SUSPENDIDO
53791.0,Luis Rojas,marialopez@gmail.com,abc123,CC,92345366,INACTIVO
16148.0,Carlos Gomez,carlosgomez@hotmail.com,3111276053,CC,,ACTIVO
,Luis Rojas,luisrojas@hotmail.com,3103615478,TI,73121391,ACTIVO
61804.0,Maria Lopez,,3014407027,CC,51686955,ACTIVO
,Carlos Gomez,sofiatorres@hotmail.com,3108028618,TI,90542307,INACTIVO
74179.0,Sofia Torres,carlosgomez@yahoo.com,abc123,CE,29566755,SUSPENDIDO
31925.0,Juan Perez,,3024403375,CC,36583573,ACTIVO
51783.0,Ana Martinez,juanperez@gmail.com,3023269000,CC,96648293,desconocido
79507.0,Juan Perez,sofiatorres@yahoo.com,3008327452,CC,38477612,desconocido
96291.0,Ana Martinez,luisrojas@hotmail.com,3028568895,CC,,INACTIVO
,Luis Rojas,carlosgomez@gmail.com,3028408810,CC,53255884,SUSPENDIDO
88425.0,Luis Rojas,carlosgomez@gmail.com,3026795841,TI,51222558,ACTIVO
86153.0,Sofia Torres,anamartinez@hotmail.com,3112689488,TI,80353728,INACTIVO
78778.0,Juan Perez,luisrojas@gmail.com,abc123,CC,57973249,INACTIVO
88868.0,Ana Martinez,marialopez@hotmail.com,3006058915,TI,,INACTIVO
61482.0,Ana Martinez,luisrojas@gmail.com,abc123,CE,69739234,INACTIVO
,Maria Lopez,anamartinez@gmail.com,3102872585,TI,82317760,INACTIVO
13635.0,Ana Martinez,,3115951720,CE,32930031,SUSPENDIDO
24333.0,Carlos Gomez,luisrojas@hotmail.com,3015507585,TI,,INACTIVO
12661.0,Ana Martinez,anamartinez@gmail.com,abc123,CE,37467019,INACTIVO
46906.0,Carlos Gomez,,3019747288,TI,88113086,SUSPENDIDO
28107.0,Juan Perez,luisrojas@yahoo.com,3001685953,CC,,ACTIVO
14036.0,Ana Martinez,,3008870121,TI,94100461,INACTIVO
,Maria Lopez,sofiatorres@gmail.com,3018246878,CC,91844428,ACTIVO
82081.0,Maria Lopez,carlosgomez@hotmail.com,3117612111,CC,82903869,INACTIVO
57815.0,Carlos Gomez,juanperez@yahoo.com,3108006430,CE,,ACTIVO
,Carlos Gomez,marialopez@hotmail.com,3119777353,CC,25017451,SUSPENDIDO
523.0,Sofia Torres,sofiatorres@hotmail.com,abc123,TI,60913441,INACTIVO
71587.0,Ana Martinez,carlosgomez@gmail.com,abc123,TI,92567679,SUSPENDIDO
28397.0,Maria Lopez,luisrojas@hotmail.com,3109787061,CC,,SUSPENDIDO
62827.0,Ana Martinez,,3007744198,CE,80245886,ACTIVO
76754.0,Juan Perez,sofiatorres@yahoo.com,3008804873,TI,,SUSPENDIDO
46970.0,Sofia Torres,,3112047896,TI,81304936,INACTIVO
83563.0,Carlos Gomez,,3104169045,TI,27875732,INACTIVO
45598.0,Ana Martinez,luisrojas@gmail.com,3119489952,CE,95934055,SUSPENDIDO
90212.0,Sofia Torres,carlosgomez@gmail.com,3105585054,CE,,ACTIVO
59723.0,Ana Martinez,marialopez@gmail.com,abc123,CC,55519091,ACTIVO
37535.0,Juan Perez,,3021040653,CE,71811294,INACTIVO
81352.0,Carlos Gomez,,3117250195,TI,99721014,SUSPENDIDO
19547.0,Sofia Torres,juanperez@gmail.com,3105764179,CC,,SUSPENDIDO
70285.0,Ana Martinez,juanperez@hotmail.com,3024772064,CE,,ACTIVO
75825.0,Ana Martinez,anamartinez@gmail.com,3003097966,TI,,INACTIVO
98735.0,Luis Rojas,luisrojas@yahoo.com,abc123,TI,15365949,INACTIVO
,Juan Perez,luisrojas@gmail.com,3116228897,CC,90021621,SUSPENDIDO
53292.0,Ana Martinez,luisrojas@yahoo.com,3104549191,TI,69084260,INACTIVO
51514.0,Carlos Gomez,,3021650084,CC,62071149,SUSPENDIDO
6438.0,Maria Lopez,anamartinez@hotmail.com,abc123,TI,44612631,SUSPENDIDO
82532.0,Sofia Torres,anamartinez@hotmail.com,abc123,CE,18264744,ACTIVO
7251.0,Juan Perez,sofiatorres@hotmail.com,3002893034,CE,,ACTIVO
31291.0,Juan Perez,,3118072151,CC,50513484,ACTIVO
,Ana Martinez,juanperez@yahoo.com,3109010634,CE,45959559,SUSPENDIDO
71050.0,Maria Lopez,anamartinez@hotmail.com,3012593090,CC,82936209,INACTIVO
48513.0,Luis Rojas,carlosgomez@hotmail.com,3017279204,CC,53833720,desconocido
92038.0,Luis Rojas,anamartinez@hotmail.com,3002501743,CE,,ACTIVO
,Ana Martinez,marialopez@yahoo.com,3014016012,TI,41686323,ACTIVO
10934.0,Sofia Torres,luisrojas@hotmail.com,abc123,CC,51400529,ACTIVO
,Luis Rojas,anamartinez@hotmail.com,3106322789,TI,98829875,SUSPENDIDO
,Ana Martinez,sofiatorres@hotmail.com,3027182345,TI,94559948,ACTIVO
72778.0,Ana Martinez,juanperez@gmail.com,3024052520,TI,93526372,desconocido
,Juan Perez,carlosgomez@hotmail.com,3114256664,TI,93775707,SUSPENDIDO
89043.0,Luis Rojas,,3011925379,TI,37035784,SUSPENDIDO
40198.0,Maria Lopez,juanperez@hotmail.com,3029647517,TI,,ACTIVO
36002.0,Sofia Torres,anamartinez@hotmail.com,3008220938,CC,,SUSPENDIDO
,Sofia Torres,anamartinez@yahoo.com,3118992076,TI,94523916,INACTIVO
9210.0,Luis Rojas,,3101350883,CC,71071810,INACTIVO
17137.0,Juan Perez,marialopez@gmail.com,3007689353,CC,,INACTIVO
44578.0,Sofia Torres,juanperez@hotmail.com,3014912940,CC,,INACTIVO
85450.0,Maria Lopez,luisrojas@gmail.com,3114025561,CC,57300502,desconocido
68141.0,Maria Lopez,,3029943504,CC,78297428,INACTIVO
,Sofia Torres,sofiatorres@hotmail.com,3002032713,TI,37763644,SUSPENDIDO
,Sofia Torres,sofiatorres@yahoo.com,3013570139,TI,92373144,INACTIVO
39002.0,Juan Perez,luisrojas@hotmail.com,abc123,CE,11095012,INACTIVO
16146.0,Maria Lopez,carlosgomez@yahoo.com,3024573193,CE,,INACTIVO
98814.0,Juan Perez,,3023320853,TI,27887018,INACTIVO
25795.0,Sofia Torres,juanperez@yahoo.com,abc123,CE,18302107,ACTIVO
82137.0,Ana Martinez,anamartinez@gmail.com,3117968765,CE,46595190,SUSPENDIDO
,Maria Lopez,luisrojas@yahoo.com,3018056650,CE,37648492,INACTIVO
36548.0,Carlos Gomez,sofiatorres@yahoo.com,3022812147,CC,37601578,INACTIVO
27041.0,Luis Rojas,luisrojas@gmail.com,3022803760,CE,,SUSPENDIDO
27443.0,Juan Perez,juanperez@hotmail.com,abc123,CC,89872560,INACTIVO
,Ana Martinez,anamartinez@hotmail.com,3005182447,TI,82671817,INACTIVO
56093.0,Juan Perez,carlosgomez@gmail.com,3119610146,TI,52834329,SUSPENDIDO
61049.0,Luis Rojas,,3024899010,CE,15787717,ACTIVO
7559.0,Juan Perez,sofiatorres@gmail.com,abc123,CC,46485347,INACTIVO
86367.0,Ana Martinez,marialopez@hotmail.com,3009590592,CE,,ACTIVO
89143.0,Sofia Torres,,3012589766,TI,33244026,SUSPENDIDO
22928.0,Ana Martinez,carlosgomez@hotmail.com,3109988793,CE,,INACTIVO
,Juan Perez,luisrojas@gmail.com,3024789401,CC,59065351,ACTIVO
53606.0,Sofia Torres,,3019724639,CC,51836982,ACTIVO
10007.0,Sofia Torres,luisrojas@yahoo.com,abc123,CC,93377731,SUSPENDIDO
34803.0,Carlos Gomez,juanperez@hotmail.com,3026654901,CC,,INACTIVO
48179.0,Sofia Torres,sofiatorres@hotmail.com,3102285046,TI,71086716,SUSPENDIDO
29204.0,Ana Martinez,sofiatorres@hotmail.com,3009703995,TI,74152281,INACTIVO
2063.0,Luis Rojas,carlosgomez@gmail.com,abc123,CC,26657078,ACTIVO
8576.0,Sofia Torres,carlosgomez@hotmail.com,3016519092,CC,,ACTIVO
,Ana Martinez,luisrojas@gmail.com,3009299143,CE,96018807,INACTIVO
28252.0,Carlos Gomez,,3018074367,CE,29610407,ACTIVO
,Ana Martinez,juanperez@gmail.com,3106261260,CC,98266607,ACTIVO
,Maria Lopez,sofiatorres@hotmail.com,3002642177,CE,63066865,ACTIVO
70754.0,Maria Lopez,,3029286782,TI,77280221,ACTIVO
,Juan Perez,marialopez@gmail.com,3109628543,CC,60080899,SUSPENDIDO
76037.0,Carlos Gomez,carlosgomez@hotmail.com,3106199204,CE,67128585,desconocido
20595.0,Sofia Torres,luisrojas@gmail.com,3105760988,TI,27668887,ACTIVO
,Sofia Torres,carlosgomez@yahoo.com,3026506192,TI,60846542,ACTIVO
,Carlos Gomez,juanperez@gmail.com,3019942164,TI,93409754,ACTIVO
5880.0,Carlos Gomez,juanperez@yahoo.com,3105303530,CC,68553062,SUSPENDIDO
33675.0,Carlos Gomez,juanperez@yahoo.com,abc123,CC,31452165,SUSPENDIDO
95839.0,Maria Lopez,,3112378928,CC,28685662,ACTIVO
19590.0,Maria Lopez,juanperez@gmail.com,3105719675,TI,,SUSPENDIDO
81432.0,Luis Rojas,,3021688157,CC,45573630,ACTIVO
33343.0,Luis Rojas,sofiatorres@hotmail.com,3007406490,TI,69096977,desconocido
31794.0,Juan Perez,anamartinez@hotmail.com,3024943609,TI,,SUSPENDIDO
,Luis Rojas,luisrojas@hotmail.com,3117167084,CC,59557036,ACTIVO
71336.0,Maria Lopez,marialopez@hotmail.com,3116055351,CE,,SUSPENDIDO
,Juan Perez,sofiatorres@yahoo.com,3017256010,CE,94143790,INACTIVO
48080.0,Ana Martinez,anamartinez@hotmail.com,3022197833,TI,33966074,SUSPENDIDO
83233.0,Juan Perez,carlosgomez@hotmail.com,3004282866,TI,83254879,desconocido
12482.0,Carlos Gomez,juanperez@hotmail.com,abc123,CE,98757683,ACTIVO
50927.0,Ana Martinez,sofiatorres@yahoo.com,abc123,CC,64852876,SUSPENDIDO
10946.0,Sofia Torres,juanperez@hotmail.com,abc123,TI,86007705,INACTIVO
52481.0,Luis Rojas,luisrojas@yahoo.com,3025554024,CE,,INACTIVO
78895.0,Maria Lopez,juanperez@gmail.com,3012233439,TI,11675118,INACTIVO
54876.0,Ana Martinez,luisrojas@hotmail.com,abc123,TI,83676358,SUSPENDIDO
2930.0,Luis Rojas,luisrojas@hotmail.com,3001768416,CC,,ACTIVO
,Juan Perez,sofiatorres@hotmail.com,3119256537,CC,76597471,SUSPENDIDO
,Ana Martinez,juanperez@yahoo.com,3022510903,CC,15972570,SUSPENDIDO
21594.0,Juan Perez,,3018736230,CE,90313587,INACTIVO
26185.0,Luis Rojas,carlosgomez@gmail.com,3102102950,CE,50255065,desconocido
96494.0,Carlos Gomez,carlosgomez@hotmail.com,3109314916,CC,19601692,ACTIVO
2801.0,Sofia Torres,anamartinez@hotmail.com,3002400182,CC,87572175,ACTIVO
69294.0,Carlos Gomez,luisrojas@yahoo.com,abc123,CC,32522166,SUSPENDIDO
96939.0,Carlos Gomez,juanperez@hotmail.com,3023807125,CE,,SUSPENDIDO
86714.0,Ana Martinez,,3023354152,CC,65083226,ACTIVO
,Sofia Torres,sofiatorres@hotmail.com,3023775702,TI,36188684,INACTIVO
,Luis Rojas,anamartinez@gmail.com,3005060894,CE,94555482,ACTIVO
13133.0,Sofia Torres,luisrojas@yahoo.com,3116966199,TI,,ACTIVO
87674.0,Ana Martinez,sofiatorres@gmail.com,3022777702,CC,35881562,ACTIVO
53759.0,Luis Rojas,anamartinez@gmail.com,3018717877,CC,42489038,desconocido
27916.0,Sofia Torres,juanperez@yahoo.com,3011055270,CC,,SUSPENDIDO
3140.0,Ana Martinez,juanperez@hotmail.com,3106114603,TI,,INACTIVO
,Ana Martinez,sofiatorres@yahoo.com,3005552340,CC,28670457,ACTIVO
89549.0,Maria Lopez,carlosgomez@hotmail.com,abc123,CE,48612064,ACTIVO
,Luis Rojas,luisrojas@yahoo.com,3013228282,TI,44005687,INACTIVO
38667.0,Maria Lopez,sofiatorres@gmail.com,3112619168,CC,82913608,desconocido
58022.0,Sofia Torres,juanperez@yahoo.com,3014642221,CC,,SUSPENDIDO
25698.0,Juan Perez,,3119961075,CE,17389344,INACTIVO
,Carlos Gomez,sofiatorres@yahoo.com,3118779451,TI,30280696,ACTIVO
90066.0,Luis Rojas,,3006953767,CE,25132158,SUSPENDIDO
21861.0,Carlos Gomez,,3112949387,CE,50959605,INACTIVO
,Luis Rojas,luisrojas@gmail.com,3114934491,CC,98505060,ACTIVO
85221.0,Carlos Gomez,,3101735378,TI,13889755,ACTIVO
75395.0,Ana Martinez,carlosgomez@hotmail.com,3102498426,CE,11417078,desconocido
23309.0,Sofia Torres,marialopez@hotmail.com,abc123,CC,75592311,ACTIVO
50168.0,Ana Martinez,luisrojas@gmail.com,3106645345,TI,49581848,INACTIVO
25433.0,Luis Rojas,juanperez@hotmail.com,3113489028,CE,,INACTIVO
,Carlos Gomez,carlosgomez@gmail.com,3114017506,CC,66663968,SUSPENDIDO
44124.0,Ana Martinez,,3004848629,CE,20949852,INACTIVO
69074.0,Sofia Torres,,3013902194,TI,73650147,INACTIVO
27946.0,Ana Martinez,marialopez@gmail.com,3029999820,TI,55212812,desconocido
52634.0,Luis Rojas,,3004357809,CE,22311175,ACTIVO
35610.0,Sofia Torres,,3023324335,CC,68208283,ACTIVO
,Luis Rojas,anamartinez@yahoo.com,3019836875,CE,16647248,INACTIVO
,Ana Martinez,marialopez@hotmail.com,3105054403,CC,58091654,SUSPENDIDO
29125.0,Ana Martinez,anamartinez@yahoo.com,abc123,TI,23839455,ACTIVO
29959.0,Juan Perez,marialopez@hotmail.com,3018435328,CC,73536437,INACTIVO
22153.0,Sofia Torres,marialopez@yahoo.com,3007849402,CE,97414106,SUSPENDIDO
71996.0,Luis Rojas,luisrojas@yahoo.com,abc123,CE,30453611,SUSPENDIDO
,Carlos Gomez,anamartinez@yahoo.com,3103158357,TI,84462717,SUSPENDIDO
,Maria Lopez,carlosgomez@yahoo.com,3114261758,TI,50689269,ACTIVO
97097.0,Luis Rojas,marialopez@yahoo.com,abc123,TI,50451817,SUSPENDIDO
79818.0,Carlos Gomez,luisrojas@gmail.com,abc123,CC,33764275,ACTIVO
,Luis Rojas,luisrojas@gmail.com,3006759760,TI,56186015,SUSPENDIDO
57268.0,Ana Martinez,luisrojas@hotmail.com,3002939114,CE,,SUSPENDIDO
73884.0,Luis Rojas,,3019040844,CE,12223132,ACTIVO
91815.0,Juan Perez,,3114672480,TI,47985869,INACTIVO
85263.0,Ana Martinez,sofiatorres@hotmail.com,3013506901,TI,,INACTIVO
7533.0,Luis Rojas,sofiatorres@gmail.com,3113438618,TI,,ACTIVO
3389.0,Ana Martinez,,3114153373,TI,14724837,SUSPENDIDO
24601.0,Luis Rojas,,3004283633,CC,70811533,ACTIVO
10666.0,Carlos Gomez,juanperez@hotmail.com,abc123,CE,17047160,SUSPENDIDO
10577.0,Carlos Gomez,sofiatorres@gmail.com,3013723351,CE,22209551,desconocido
15455.0,Maria Lopez,luisrojas@hotmail.com,abc123,CC,43405377,INACTIVO
37227.0,Carlos Gomez,,3111448694,CC,52233898,INACTIVO
,Sofia Torres,marialopez@gmail.com,3104415865,CE,64027679,SUSPENDIDO
55590.0,Luis Rojas,sofiatorres@hotmail.com,3005014574,CE,,SUSPENDIDO
,Ana Martinez,luisrojas@yahoo.com,3104880077,CC,63451920,ACTIVO
50605.0,Juan Perez,,3013492522,CC,97148156,SUSPENDIDO
86659.0,Juan Perez,,3115681934,CC,30013927,INACTIVO
34494.0,Maria Lopez,anamartinez@hotmail.com,3023600926,CC,,SUSPENDIDO
70068.0,Maria Lopez,sofiatorres@yahoo.com,abc123,CC,31817620,SUSPENDIDO
9169.0,Juan Perez,,3029051814,CE,74796950,SUSPENDIDO
41439.0,Juan Perez,,3016243974,CC,88912117,ACTIVO
,Maria Lopez,juanperez@hotmail.com,3001719666,CC,74406732,SUSPENDIDO
70991.0,Carlos Gomez,carlosgomez@gmail.com,3112277903,TI,,SUSPENDIDO
53383.0,Carlos Gomez,luisrojas@hotmail.com,abc123,TI,46273193,SUSPENDIDO
24325.0,Maria Lopez,,3029002818,CC,64367501,SUSPENDIDO
83517.0,Ana Martinez,juanperez@hotmail.com,3013210968,CC,62648847,desconocido
99682.0,Sofia Torres,carlosgomez@hotmail.com,abc123,CC,24461064,SUSPENDIDO
29680.0,Luis Rojas,juanperez@gmail.com,3027486905,CE,15120001,desconocido
31801.0,Carlos Gomez,sofiatorres@gmail.com,3021543911,CE,43270830,INACTIVO
39941.0,Juan Perez,anamartinez@yahoo.com,3019117766,CE,63043390,SUSPENDIDO
2248.0,Luis Rojas,juanperez@hotmail.com,3023369164,CE,,INACTIVO
94582.0,Sofia Torres,luisrojas@yahoo.com,3029735203,CC,63971166,desconocido
74248.0,Maria Lopez,,3027433242,CE,31286623,INACTIVO
87978.0,Ana Martinez,,3104241618,CE,68217780,INACTIVO
,Juan Perez,marialopez@hotmail.com,3007085511,CE,64833148,ACTIVO
10053.0,Luis Rojas,,3028646425,CE,84906849,ACTIVO
,Sofia Torres,anamartinez@yahoo.com,3107167337,CE,91036591,SUSPENDIDO
41242.0,Sofia Torres,marialopez@yahoo.com,3116565503,CC,45443278,SUSPENDIDO
29520.0,Maria Lopez,marialopez@yahoo.com,3016708633,CE,,ACTIVO
88340.0,Ana Martinez,,3005122683,TI,36676372,ACTIVO
,Sofia Torres,marialopez@gmail.com,3025722234,CE,59442487,ACTIVO
,Luis Rojas,anamartinez@hotmail.com,3004198033,TI,35112849,INACTIVO
,Ana Martinez,luisrojas@gmail.com,3013898740,CE,58754925,SUSPENDIDO
13193.0,Carlos Gomez,marialopez@hotmail.com,3025777268,TI,,SUSPENDIDO
8961.0,Sofia Torres,sofiatorres@yahoo.com,abc123,CC,39329419,INACTIVO
,Carlos Gomez,luisrojas@yahoo.com,3101346463,TI,52682713,INACTIVO
54392.0,Carlos Gomez,sofiatorres@gmail.com,abc123,CC,69217556,SUSPENDIDO
,Carlos Gomez,luisrojas@yahoo.com,3019131769,TI,60413501,ACTIVO
81335.0,Carlos Gomez,juanperez@yahoo.com,3111984893,CE,,SUSPENDIDO
45912.0,Luis Rojas,juanperez@gmail.com,3107913167,CE,88083916,INACTIVO
79200.0,Carlos Gomez,luisrojas@hotmail.com,3024443562,CE,,SUSPENDIDO
,Carlos Gomez,anamartinez@hotmail.com,3019726324,TI,65098269,ACTIVO
7163.0,Sofia Torres,sofiatorres@yahoo.com,3013727301,TI,,SUSPENDIDO
45644.0,Carlos Gomez,anamartinez@gmail.com,3018100346,CC,,ACTIVO
53530.0,Sofia Torres,sofiatorres@hotmail.com,3117528978,TI,96897981,SUSPENDIDO
75910.0,Luis Rojas,carlosgomez@gmail.com,3119094704,TI,28996948,INACTIVO
10800.0,Juan Perez,sofiatorres@hotmail.com,3116157590,CC,,ACTIVO
,Ana Martinez,luisrojas@gmail.com,3104547307,CE,78349457,ACTIVO
,Luis Rojas,juanperez@yahoo.com,3005721482,TI,72604313,SUSPENDIDO
59658.0,Sofia Torres,anamartinez@gmail.com,abc123,TI,87888783,ACTIVO
52825.0,Maria Lopez,juanperez@gmail.com,3001527168,CC,14060679,desconocido
50413.0,Juan Perez,anamartinez@gmail.com,3012193117,CC,91373214,INACTIVO
,Ana Martinez,anamartinez@hotmail.com,3002886486,CC,97396407,SUSPENDIDO
,Ana Martinez,sofiatorres@yahoo.com,3017481455,CE,35885239,INACTIVO
,Sofia Torres,luisrojas@hotmail.com,3114544058,CE,77324601,SUSPENDIDO
,Carlos Gomez,anamartinez@hotmail.com,3003942174,CE,52504959,SUSPENDIDO
89486.0,Ana Martinez,juanperez@hotmail.com,3001505032,CE,,INACTIVO
,Sofia Torres,juanperez@hotmail.com,3007146575,CC,52421502,INACTIVO
51518.0,Sofia Torres,,3005107099,CC,41151286,ACTIVO
81147.0,Maria Lopez,luisrojas@gmail.com,3114241143,TI,,SUSPENDIDO
,Sofia Torres,luisrojas@gmail.com,3001228267,CC,62233209,SUSPENDIDO
,Carlos Gomez,carlosgomez@gmail.com,3114102047,CE,13148133,INACTIVO
53840.0,Luis Rojas,marialopez@yahoo.com,3003849752,TI,43463041,desconocido
36104.0,Maria Lopez,carlosgomez@yahoo.com,3018335708,CC,23974223,INACTIVO
,Juan Perez,juanperez@gmail.com,3115461123,CC,61248521,ACTIVO
84383.0,Ana Martinez,sofiatorres@gmail.com,3008597670,CC,,SUSPENDIDO
73686.0,Juan Perez,anamartinez@gmail.com,3008859448,TI,,ACTIVO
35415.0,Carlos Gomez,,3109365061,CC,91549046,SUSPENDIDO
,Juan Perez,carlosgomez@yahoo.com,3007939651,CE,54641848,SUSPENDIDO
59964.0,Juan Perez,sofiatorres@yahoo.com,3013656021,CE,68161097,INACTIVO
13850.0,Luis Rojas,luisrojas@gmail.com,3118693492,TI,33053270,SUSPENDIDO
95151.0,Luis Rojas,juanperez@hotmail.com,abc123,CC,41153096,INACTIVO
48261.0,Maria Lopez,marialopez@yahoo.com,abc123,CE,64591438,SUSPENDIDO
71946.0,Ana Martinez,juanperez@gmail.com,3024643944,CE,,ACTIVO
71327.0,Carlos Gomez,juanperez@yahoo.com,3019925512,TI,,SUSPENDIDO
12633.0,Luis Rojas,sofiatorres@yahoo.com,abc123,CE,15268984,ACTIVO
68673.0,Ana Martinez,carlosgomez@yahoo.com,abc123,TI,61665138,ACTIVO
75054.0,Luis Rojas,anamartinez@yahoo.com,3114065570,TI,49934190,ACTIVO
30961.0,Juan Perez,,3107552929,CE,58327529,ACTIVO
6348.0,Juan Perez,carlosgomez@gmail.com,3017207273,CC,18060460,desconocido
11881.0,Sofia Torres,anamartinez@yahoo.com,3017034936,TI,,ACTIVO
,Luis Rojas,carlosgomez@gmail.com,3027160248,TI,94515574,SUSPENDIDO
25407.0,Luis Rojas,carlosgomez@gmail.com,3115213989,TI,,ACTIVO
67276.0,Carlos Gomez,marialopez@hotmail.com,3001766670,TI,99348495,desconocido
,Sofia Torres,juanperez@yahoo.com,3003735114,CC,15865740,SUSPENDIDO
4647.0,Carlos Gomez,anamartinez@gmail.com,3018858380,CE,,ACTIVO
,Carlos Gomez,luisrojas@yahoo.com,3027648628,CC,78845601,INACTIVO
,Maria Lopez,anamartinez@gmail.com,3105465488,TI,19791170,SUSPENDIDO
78015.0,Carlos Gomez,marialopez@hotmail.com,3007535991,CE,,ACTIVO
62321.0,Juan Perez,luisrojas@hotmail.com,3009372775,CC,,ACTIVO
65892.0,Juan Perez,carlosgomez@hotmail.com,3011084503,CC,97736283,desconocido
,Juan Perez,juanperez@gmail.com,3023130058,CC,40146664,ACTIVO
17347.0,Ana Martinez,luisrojas@hotmail.com,3013421619,CE,,SUSPENDIDO
59722.0,Ana Martinez,sofiatorres@hotmail.com,abc123,CC,76385068,ACTIVO
93117.0,Sofia Torres,luisrojas@yahoo.com,3011501537,CC,,ACTIVO
95130.0,Carlos Gomez,,3017795399,TI,37816915,ACTIVO
74980.0,Juan Perez,carlosgomez@hotmail.com,3107140467,CE,71261006,desconocido
80898.0,Sofia Torres,luisrojas@hotmail.com,3101908474,CC,,SUSPENDIDO
22294.0,Maria Lopez,,3005875237,TI,42116147,ACTIVO
32976.0,Sofia Torres,juanperez@gmail.com,3026141465,CC,48046082,ACTIVO
3033.0,Maria Lopez,anamartinez@yahoo.com,3104757435,CC,26037005,INACTIVO
86922.0,Luis Rojas,anamartinez@gmail.com,3111296884,CC,,SUSPENDIDO
9258.0,Maria Lopez,carlosgomez@yahoo.com,3004263464,CE,,INACTIVO
,Juan Perez,sofiatorres@gmail.com,3113974770,CC,38307735,SUSPENDIDO
68907.0,Juan Perez,luisrojas@hotmail.com,abc123,CE,22636981,ACTIVO
,Luis Rojas,marialopez@hotmail.com,3022329805,CE,86691057,INACTIVO
1238.0,Carlos Gomez,sofiatorres@gmail.com,3008606536,CC,,INACTIVO
87343.0,Maria Lopez,anamartinez@hotmail.com,abc123,CE,67251627,ACTIVO
75818.0,Juan Perez,,3015127433,TI,41154490,ACTIVO
68031.0,Ana Martinez,anamartinez@gmail.com,3006679941,CE,61077794,desconocido
23249.0,Carlos Gomez,luisrojas@gmail.com,3113504667,CC,58630148,desconocido
85527.0,Maria Lopez,juanperez@hotmail.com,3018853400,CC,81864663,desconocido
2655.0,Carlos Gomez,,3011036068,CC,37517409,SUSPENDIDO
95138.0,Ana Martinez,sofiatorres@gmail.com,abc123,CC,55487287,INACTIVO
99372.0,Maria Lopez,marialopez@yahoo.com,abc123,CC,84379025,INACTIVO
23091.0,Maria Lopez,sofiatorres@hotmail.com,3026179519,CE,,INACTIVO
89130.0,Maria Lopez,juanperez@yahoo.com,3029999302,TI,69577652,desconocido
26426.0,Ana Martinez,anamartinez@hotmail.com,3005768988,TI,92676370,desconocido
,Ana Martinez,sofiatorres@yahoo.com,3016647963,TI,15423429,SUSPENDIDO
44167.0,Sofia Torres,marialopez@yahoo.com,abc123,CE,99706412,INACTIVO
,Luis Rojas,carlosgomez@gmail.com,3022518073,CE,65670020,INACTIVO
24365.0,Sofia Torres,marialopez@yahoo.com,abc123,CC,56629346,SUSPENDIDO
,Carlos Gomez,sofiatorres@yahoo.com,3008847190,CE,13189583,INACTIVO
64355.0,Luis Rojas,sofiatorres@yahoo.com,abc123,CE,59395243,SUSPENDIDO
60532.0,Carlos Gomez,sofiatorres@yahoo.com,abc123,CC,85862393,INACTIVO
74939.0,Carlos Gomez,,3113236135,CE,71943972,SUSPENDIDO
52110.0,Juan Perez,anamartinez@hotmail.com,abc123,CE,59837638,SUSPENDIDO
54747.0,Sofia Torres,juanperez@gmail.com,abc123,CE,59951366,ACTIVO
14203.0,Carlos Gomez,sofiatorres@hotmail.com,abc123,TI,74905937,ACTIVO
,Luis Rojas,sofiatorres@gmail.com,3018070088,CE,26213637,INACTIVO
80818.0,Carlos Gomez,luisrojas@yahoo.com,3105367893,CC,68548765,ACTIVO
,Sofia Torres,juanperez@gmail.com,3028734019,CC,42423819,SUSPENDIDO
,Maria Lopez,luisrojas@hotmail.com,3011665806,CE,82177286,SUSPENDIDO
8914.0,Sofia Torres,,3101415045,CC,71376406,ACTIVO
42795.0,Ana Martinez,sofiatorres@yahoo.com,3111137953,TI,,ACTIVO
66157.0,Maria Lopez,,3001337371,TI,94268463,INACTIVO
,Maria Lopez,juanperez@hotmail.com,3026970499,TI,65573835,INACTIVO
93591.0,Luis Rojas,luisrojas@yahoo.com,3012097394,TI,56206638,desconocido
51132.0,Juan Perez,juanperez@yahoo.com,abc123,CC,88838430,ACTIVO
93209.0,Maria Lopez,sofiatorres@gmail.com,abc123,CE,11555873,SUSPENDIDO
,Maria Lopez,sofiatorres@yahoo.com,3114200615,CC,30115261,INACTIVO
65380.0,Maria Lopez,juanperez@yahoo.com,abc123,CE,65519043,INACTIVO
44209.0,Carlos Gomez,marialopez@yahoo.com,3104384425,TI,,INACTIVO
88434.0,Maria Lopez,marialopez@gmail.com,3016794098,CE,,INACTIVO
70894.0,Carlos Gomez,,3002313896,CC,80221669,INACTIVO
,Carlos Gomez,luisrojas@hotmail.com,3017388256,CC,73076452,ACTIVO
64119.0,Sofia Torres,marialopez@yahoo.com,3101253141,CC,,INACTIVO
,Maria Lopez,carlosgomez@hotmail.com,3024949173,TI,12913960,SUSPENDIDO
91352.0,Sofia Torres,carlosgomez@hotmail.com,abc123,TI,32113165,SUSPENDIDO
62270.0,Maria Lopez,luisrojas@gmail.com,3025000326,TI,85425548,desconocido
24519.0,Ana Martinez,sofiatorres@yahoo.com,3117477751,TI,,INACTIVO
68316.0,Ana Martinez,,3114602992,CE,57872845,SUSPENDIDO
97488.0,Sofia Torres,,3107216557,CE,84226824,ACTIVO
97921.0,Juan Perez,luisrojas@yahoo.com,3113648563,CE,65079906,SUSPENDIDO
24081.0,Ana Martinez,marialopez@yahoo.com,3015484361,TI,75271607,ACTIVO
29559.0,Ana Martinez,marialopez@yahoo.com,abc123,CE,34460895,ACTIVO
23147.0,Carlos Gomez,luisrojas@hotmail.com,3105394311,TI,,SUSPENDIDO
80888.0,Sofia Torres,,3103752467,CC,95801702,INACTIVO
91614.0,Luis Rojas,,3028012958,TI,50052772,SUSPENDIDO
56561.0,Carlos Gomez,,3028585476,CC,77592221,ACTIVO
47327.0,Ana Martinez,juanperez@gmail.com,3006901709,CE,,SUSPENDIDO
67432.0,Sofia Torres,sofiatorres@hotmail.com,3003080415,CC,67263521,ACTIVO
98277.0,Carlos Gomez,,3105446331,TI,89341099,SUSPENDIDO
23531.0,Luis Rojas,luisrojas@yahoo.com,abc123,CE,73581380,INACTIVO
42949.0,Luis Rojas,,3019892504,CE,41665094,INACTIVO
,Ana Martinez,sofiatorres@yahoo.com,3001473009,CC,62961780,INACTIVO
19213.0,Maria Lopez,marialopez@gmail.com,3105454796,TI,,SUSPENDIDO
94763.0,Ana Martinez,anamartinez@hotmail.com,3118865589,CE,,SUSPENDIDO
18986.0,Sofia Torres,,3009607372,CC,49723027,ACTIVO
59726.0,Juan Perez,marialopez@yahoo.com,abc123,CE,29605402,INACTIVO
19607.0,Carlos Gomez,luisrojas@gmail.com,3029173043,CE,,ACTIVO
89937.0,Carlos Gomez,juanperez@gmail.com,3116483510,CE,,INACTIVO
9372.0,Luis Rojas,juanperez@yahoo.com,3108362833,CC,,ACTIVO
54743.0,Ana Martinez,juanperez@hotmail.com,3101412643,TI,,SUSPENDIDO
764.0,Sofia Torres,anamartinez@gmail.com,3005500459,CC,57198768,ACTIVO
66559.0,Juan Perez,sofiatorres@yahoo.com,3026126623,CE,90621275,INACTIVO
40628.0,Juan Perez,juanperez@yahoo.com,3104513189,TI,80811052,desconocido
88865.0,Maria Lopez,sofiatorres@gmail.com,3029052869,CE,,INACTIVO
63438.0,Carlos Gomez,,3018905032,CE,50257677,SUSPENDIDO
58228.0,Carlos Gomez,,3119031282,TI,61205010,ACTIVO
,Carlos Gomez,juanperez@gmail.com,3009706470,TI,92567730,SUSPENDIDO
40036.0,Juan Perez,juanperez@hotmail.com,3024523540,CC,12939817,desconocido
47136.0,Juan Perez,juanperez@gmail.com,abc123,CE,77892814,SUSPENDIDO
74627.0,Luis Rojas,sofiatorres@gmail.com,abc123,TI,80355243,ACTIVO
34797.0,Carlos Gomez,juanperez@gmail.com,3029072146,CE,68092781,INACTIVO
,Luis Rojas,anamartinez@yahoo.com,3101347318,CC,11565130,ACTIVO
14206.0,Ana Martinez,,3018428642,CC,42472011,SUSPENDIDO
97602.0,Ana Martinez,,3008003828,CE,83487877,SUSPENDIDO
17154.0,Luis Rojas,juanperez@yahoo.com,3025511417,TI,62758362,desconocido
,Ana Martinez,sofiatorres@gmail.com,3112925025,CE,54449029,ACTIVO
7825.0,Carlos Gomez,carlosgomez@gmail.com,3013974896,TI,,SUSPENDIDO
8622.0,Sofia Torres,sofiatorres@yahoo.com,abc123,CE,67693333,ACTIVO
54995.0,Luis Rojas,sofiatorres@yahoo.com,abc123,CC,30364945,INACTIVO
17166.0,Ana Martinez,marialopez@yahoo.com,3007645076,TI,11323610,SUSPENDIDO
,Juan Perez,carlosgomez@hotmail.com,3108871483,CE,96765249,ACTIVO
13447.0,Carlos Gomez,,3111140929,TI,48010451,SUSPENDIDO
15241.0,Luis Rojas,carlosgomez@gmail.com,3109798232,CC,18201680,SUSPENDIDO
5516.0,Carlos Gomez,,3019797059,TI,21268291,INACTIVO
54866.0,Sofia Torres,sofiatorres@hotmail.com,3017816994,CC,54231949,INACTIVO
10359.0,Ana Martinez,,3012414408,CC,13951017,INACTIVO
80738.0,Juan Perez,carlosgomez@yahoo.com,abc123,CC,88864844,ACTIVO
18959.0,Luis Rojas,luisrojas@hotmail.com,3012879613,CE,81501496,ACTIVO
41655.0,Luis Rojas,luisrojas@hotmail.com,3024103807,CE,,SUSPENDIDO
77685.0,Luis Rojas,carlosgomez@hotmail.com,3105271643,TI,95344608,desconocido
88487.0,Sofia Torres,,3117774628,CE,90621462,SUSPENDIDO
42979.0,Ana Martinez,luisrojas@hotmail.com,3001749778,CC,15197787,SUSPENDIDO
40720.0,Luis Rojas,,3018276660,CE,62747949,ACTIVO
39141.0,Sofia Torres,luisrojas@yahoo.com,3018988160,TI,64961684,ACTIVO
25847.0,Ana Martinez,anamartinez@hotmail.com,3004288024,CC,10364903,desconocido
32706.0,Luis Rojas,,3016234225,CE,84869219,INACTIVO
6360.0,Carlos Gomez,,3115858077,TI,42970524,SUSPENDIDO
99771.0,Juan Perez,juanperez@hotmail.com,abc123,CC,85652587,INACTIVO
5156.0,Maria Lopez,marialopez@yahoo.com,abc123,CE,79055002,SUSPENDIDO
74476.0,Sofia Torres,marialopez@hotmail.com,abc123,TI,39017630,INACTIVO
,Juan Perez,marialopez@hotmail.com,3019319931,CE,48604245,INACTIVO
60559.0,Luis Rojas,carlosgomez@yahoo.com,3012898029,TI,,SUSPENDIDO
,Ana Martinez,sofiatorres@hotmail.com,3114753848,TI,14840295,SUSPENDIDO
80277.0,Sofia Torres,,3113445443,TI,71703054,SUSPENDIDO
20595.0,Maria Lopez,anamartinez@gmail.com,abc123,CE,19773691,SUSPENDIDO
76747.0,Ana Martinez,marialopez@gmail.com,3106867258,CE,93784753,desconocido
,Sofia Torres,sofiatorres@hotmail.com,3005252980,CC,22091446,INACTIVO
,Carlos Gomez,sofiatorres@hotmail.com,3104385286,CE,39816810,INACTIVO
43650.0,Sofia Torres,,3008533523,TI,82253521,SUSPENDIDO
21254.0,Ana Martinez,sofiatorres@hotmail.com,3007306137,CC,14272007,INACTIVO
,Juan Perez,marialopez@yahoo.com,3026229022,CC,40248611,INACTIVO
62023.0,Carlos Gomez,,3104387651,CE,44274465,INACTIVO
,Ana Martinez,marialopez@hotmail.com,3004466201,TI,86110597,INACTIVO
,Maria Lopez,marialopez@hotmail.com,3024366527,TI,15938812,SUSPENDIDO
,Maria Lopez,juanperez@gmail.com,3025824725,CC,69976466,SUSPENDIDO
26347.0,Maria Lopez,marialopez@hotmail.com,3113464213,CC,,ACTIVO
,Carlos Gomez,anamartinez@yahoo.com,3108405987,CC,48979423,INACTIVO
40780.0,Maria Lopez,juanperez@hotmail.com,3114492443,CE,,SUSPENDIDO
,Carlos Gomez,carlosgomez@hotmail.com,3102872737,CC,40538185,SUSPENDIDO
56106.0,Maria Lopez,sofiatorres@gmail.com,3016353298,TI,56500225,desconocido
,Juan Perez,carlosgomez@yahoo.com,3117983075,CC,76876080,ACTIVO
71598.0,Carlos Gomez,juanperez@hotmail.com,abc123,CE,87137452,SUSPENDIDO
33320.0,Maria Lopez,sofiatorres@yahoo.com,abc123,CE,87395533,SUSPENDIDO
94388.0,Maria Lopez,luisrojas@hotmail.com,abc123,TI,92683642,ACTIVO
96103.0,Maria Lopez,anamartinez@gmail.com,3109132408,CC,65296192,SUSPENDIDO
,Luis Rojas,carlosgomez@gmail.com,3023831281,CE,45227869,SUSPENDIDO
93671.0,Juan Perez,anamartinez@gmail.com,3105590945,CC,,INACTIVO
39855.0,Juan Perez,carlosgomez@hotmail.com,3015539212,CC,55245693,desconocido
44170.0,Carlos Gomez,marialopez@yahoo.com,3023059759,CC,63826168,INACTIVO
,Maria Lopez,marialopez@yahoo.com,3016478954,TI,11169459,INACTIVO
,Maria Lopez,carlosgomez@yahoo.com,3005515668,CE,72599409,SUSPENDIDO
63442.0,Maria Lopez,marialopez@yahoo.com,abc123,TI,96155511,ACTIVO
69278.0,Luis Rojas,,3011421004,CE,69025126,SUSPENDIDO
95873.0,Ana Martinez,carlosgomez@hotmail.com,3015234076,CC,,SUSPENDIDO
46648.0,Juan Perez,sofiatorres@hotmail.com,abc123,TI,91627546,INACTIVO
53432.0,Sofia Torres,,3105366513,CC,85517840,INACTIVO
91100.0,Carlos Gomez,marialopez@yahoo.com,3107767500,TI,84985128,desconocido
44973.0,Sofia Torres,anamartinez@gmail.com,3021989357,CC,,ACTIVO
6807.0,Carlos Gomez,luisrojas@yahoo.com,abc123,CE,66880450,ACTIVO
2787.0,Sofia Torres,carlosgomez@yahoo.com,3006340389,CC,,ACTIVO
85080.0,Juan Perez,sofiatorres@gmail.com,3016869863,CC,31805992,ACTIVO
,Ana Martinez,sofiatorres@gmail.com,3025656080,CC,12106461,SUSPENDIDO
62586.0,Carlos Gomez,carlosgomez@yahoo.com,3107005994,TI,80237110,SUSPENDIDO
55136.0,Carlos Gomez,sofiatorres@gmail.com,3013955623,TI,,SUSPENDIDO
88319.0,Ana Martinez,marialopez@gmail.com,abc123,CE,61433595,SUSPENDIDO
10911.0,Sofia Torres,,3011407739,TI,62583427,ACTIVO
7019.0,Luis Rojas,marialopez@gmail.com,3111375821,CC,28766462,desconocido
,Carlos Gomez,carlosgomez@hotmail.com,3013154330,CC,33797551,ACTIVO
,Ana Martinez,luisrojas@hotmail.com,3107888317,CC,17490249,ACTIVO
32551.0,Carlos Gomez,,3103289877,CE,29716331,SUSPENDIDO
67554.0,Ana Martinez,juanperez@yahoo.com,3113940600,CE,,ACTIVO
84420.0,Carlos Gomez,,3116839849,TI,66211467,SUSPENDIDO
70143.0,Maria Lopez,,3018351741,TI,13015172,ACTIVO
29310.0,Ana Martinez,juanperez@yahoo.com,3016843526,CC,,SUSPENDIDO
47876.0,Carlos Gomez,luisrojas@yahoo.com,3117141764,CE,48271014,desconocido
13808.0,Sofia Torres,sofiatorres@gmail.com,abc123,CE,73144493,ACTIVO
98428.0,Juan Perez,sofiatorres@yahoo.com,3105438723,CE,,SUSPENDIDO
80304.0,Juan Perez,anamartinez@gmail.com,3027645750,CC,92416587,SUSPENDIDO
3621.0,Juan Perez,juanperez@yahoo.com,abc123,TI,82821173,SUSPENDIDO
56320.0,Carlos Gomez,marialopez@yahoo.com,3023668286,CC,79218136,desconocido
19206.0,Maria Lopez,,3119975927,CC,64611663,ACTIVO
37812.0,Ana Martinez,,3106716448,TI,45278181,INACTIVO
75039.0,Carlos Gomez,,3108727244,TI,86442742,ACTIVO
61475.0,Carlos Gomez,anamartinez@gmail.com,3007458708,TI,35570065,INACTIVO
27262.0,Ana Martinez,,3105084109,CE,35057051,ACTIVO
64224.0,Luis Rojas,marialopez@gmail.com,abc123,CC,49860303,INACTIVO
67921.0,Ana Martinez,,3013999374,CC,11271007,SUSPENDIDO
60744.0,Carlos Gomez,,3115345909,CE,34135891,INACTIVO
81252.0,Maria Lopez,sofiatorres@yahoo.com,3109433223,TI,59832868,desconocido
,Carlos Gomez,anamartinez@yahoo.com,3104206132,CE,42437982,ACTIVO
22181.0,Sofia Torres,,3001011837,CE,15669930,ACTIVO
,Ana Martinez,anamartinez@hotmail.com,3029268785,TI,26344291,INACTIVO
,Carlos Gomez,luisrojas@hotmail.com,3009827628,TI,70638862,INACTIVO
20169.0,Juan Perez,juanperez@yahoo.com,3024896121,CE,,SUSPENDIDO
,Luis Rojas,anamartinez@hotmail.com,3119082760,CC,17598776,SUSPENDIDO
22697.0,Maria Lopez,,3027380752,CE,68312630,SUSPENDIDO
66222.0,Maria Lopez,luisrojas@hotmail.com,abc123,CE,46081372,ACTIVO
92974.0,Sofia Torres,carlosgomez@hotmail.com,abc123,TI,80252498,INACTIVO
,Luis Rojas,juanperez@yahoo.com,3104806225,CC,94042571,INACTIVO
54535.0,Maria Lopez,juanperez@gmail.com,abc123,CC,89619844,ACTIVO
45907.0,Maria Lopez,,3107284278,CC,81621131,SUSPENDIDO
5797.0,Luis Rojas,luisrojas@gmail.com,3107213598,TI,,SUSPENDIDO
66572.0,Ana Martinez,luisrojas@yahoo.com,3027287446,TI,65066491,SUSPENDIDO
53151.0,Carlos Gomez,juanperez@yahoo.com,3016272466,CE,,SUSPENDIDO
3176.0,Sofia Torres,marialopez@gmail.com,3018966425,TI,,SUSPENDIDO
3866.0,Sofia Torres,marialopez@yahoo.com,3013499739,TI,,ACTIVO
56672.0,Ana Martinez,luisrojas@hotmail.com,3007626231,CC,,SUSPENDIDO
2103.0,Sofia Torres,sofiatorres@gmail.com,3022492781,TI,,INACTIVO
48058.0,Sofia Torres,marialopez@gmail.com,3003219110,TI,46471321,INACTIVO
3722.0,Ana Martinez,marialopez@hotmail.com,3103094338,CC,,ACTIVO
12632.0,Maria Lopez,juanperez@gmail.com,abc123,CC,33147812,SUSPENDIDO
,Carlos Gomez,carlosgomez@yahoo.com,3017960078,CC,33812859,INACTIVO
23726.0,Juan Perez,luisrojas@hotmail.com,3106645609,CC,53484470,desconocido
22352.0,Carlos Gomez,,3004330378,CE,40515102,INACTIVO
,Juan Perez,marialopez@yahoo.com,3016154090,CC,84997343,INACTIVO
88726.0,Juan Perez,,3024672239,CC,11074580,SUSPENDIDO
93582.0,Juan Perez,,3013588100,CE,58892575,INACTIVO
,Carlos Gomez,marialopez@yahoo.com,3119825008,CC,77612789,ACTIVO
1285.0,Sofia Torres,,3003779964,CC,64348876,SUSPENDIDO
55630.0,Luis Rojas,sofiatorres@hotmail.com,abc123,CC,25447793,ACTIVO
22971.0,Juan Perez,,3013888478,CC,97493303,INACTIVO
53374.0,Maria Lopez,sofiatorres@hotmail.com,3103477842,TI,,ACTIVO
52341.0,Carlos Gomez,anamartinez@gmail.com,abc123,CC,35676396,INACTIVO
23401.0,Maria Lopez,anamartinez@gmail.com,abc123,TI,33288654,SUSPENDIDO
33591.0,Carlos Gomez,juanperez@yahoo.com,abc123,CC,37333680,ACTIVO
93026.0,Ana Martinez,carlosgomez@gmail.com,3029921130,CE,29837154,ACTIVO
4523.0,Carlos Gomez,anamartinez@yahoo.com,abc123,CC,74347756,ACTIVO
68388.0,Carlos Gomez,luisrojas@gmail.com,3014969256,CC,13460746,SUSPENDIDO
37939.0,Ana Martinez,sofiatorres@gmail.com,abc123,CE,68231893,ACTIVO
,Juan Perez,marialopez@gmail.com,3101574494,CC,76567717,ACTIVO
53378.0,Juan Perez,sofiatorres@hotmail.com,3103238199,CC,40082018,desconocido
78107.0,Maria Lopez,sofiatorres@gmail.com,3008104107,TI,74856779,SUSPENDIDO
,Luis Rojas,juanperez@gmail.com,3112356311,CC,42339879,SUSPENDIDO
1577.0,Luis Rojas,,3025070253,TI,70601247,ACTIVO
,Sofia Torres,marialopez@hotmail.com,3016865318,CE,35496040,INACTIVO
,Ana Martinez,juanperez@yahoo.com,3106693589,TI,14921250,ACTIVO
27290.0,Carlos Gomez,juanperez@yahoo.com,3115409170,TI,18531286,ACTIVO
98120.0,Ana Martinez,,3004489648,CC,10186205,INACTIVO
41148.0,Juan Perez,,3117443942,CC,31132528,ACTIVO
13794.0,Maria Lopez,luisrojas@gmail.com,abc123,CE,23177728,INACTIVO
,Sofia Torres,juanperez@hotmail.com,3105985453,CE,76208865,SUSPENDIDO
,Juan Perez,marialopez@hotmail.com,3111939157,TI,24158644,INACTIVO
,Sofia Torres,carlosgomez@gmail.com,3006831866,TI,11627718,SUSPENDIDO
32392.0,Juan Perez,luisrojas@yahoo.com,abc123,CE,83240878,ACTIVO
51077.0,Maria Lopez,marialopez@gmail.com,3109938364,TI,80855002,INACTIVO
,Sofia Torres,sofiatorres@gmail.com,3003263732,TI,71680750,SUSPENDIDO
36788.0,Ana Martinez,luisrojas@yahoo.com,3004036288,CC,,ACTIVO
5566.0,Ana Martinez,carlosgomez@gmail.com,3021814374,CE,,INACTIVO
,Luis Rojas,carlosgomez@gmail.com,3021530563,CE,92208988,INACTIVO
,Juan Perez,juanperez@gmail.com,3116772513,CE,94240247,SUSPENDIDO
41183.0,Carlos Gomez,luisrojas@yahoo.com,abc123,CE,32712213,INACTIVO
26961.0,Carlos Gomez,marialopez@gmail.com,3112200495,CC,46920709,SUSPENDIDO
82203.0,Juan Perez,luisrojas@gmail.com,3117168049,CC,,INACTIVO
96151.0,Luis Rojas,,3114754590,CE,34562988,INACTIVO
73991.0,Maria Lopez,carlosgomez@yahoo.com,3102023404,CC,,SUSPENDIDO
15813.0,Ana Martinez,marialopez@gmail.com,3116848672,CE,,SUSPENDIDO
46494.0,Ana Martinez,anamartinez@yahoo.com,3029334340,TI,62316150,ACTIVO
86283.0,Luis Rojas,juanperez@yahoo.com,3019656759,CC,83342620,SUSPENDIDO
,Carlos Gomez,anamartinez@hotmail.com,3016855251,CC,18462991,INACTIVO
60526.0,Ana Martinez,,3026009533,TI,76082374,INACTIVO
36608.0,Sofia Torres,luisrojas@gmail.com,3115080705,CC,42000716,desconocido
46231.0,Carlos Gomez,luisrojas@gmail.com,3105973019,CC,,SUSPENDIDO
94930.0,Ana Martinez,,3026905407,TI,72904657,INACTIVO
72400.0,Ana Martinez,,3119059015,CC,55845137,ACTIVO
74484.0,Carlos Gomez,marialopez@hotmail.com,abc123,CE,56163004,INACTIVO
65843.0,Juan Perez,anamartinez@yahoo.com,3027970719,CE,,SUSPENDIDO
,Juan Perez,marialopez@hotmail.com,3014478750,CC,90573342,INACTIVO
44723.0,Sofia Torres,anamartinez@yahoo.com,abc123,TI,84083223,INACTIVO
75955.0,Carlos Gomez,juanperez@yahoo.com,3002885338,CE,57744469,SUSPENDIDO
58858.0,Sofia Torres,carlosgomez@yahoo.com,3104414930,TI,,ACTIVO
53462.0,Juan Perez,carlosgomez@gmail.com,abc123,TI,47198776,INACTIVO
8678.0,Luis Rojas,sofiatorres@yahoo.com,3004686972,CC,45736527,SUSPENDIDO
57670.0,Ana Martinez,sofiatorres@gmail.com,3011327659,CC,24202715,desconocido
,Juan Perez,carlosgomez@gmail.com,3008471399,CE,17211589,ACTIVO
,Sofia Torres,carlosgomez@yahoo.com,3106948604,CE,16253334,SUSPENDIDO
63468.0,Ana Martinez,marialopez@yahoo.com,abc123,CE,73749548,INACTIVO
83462.0,Luis Rojas,juanperez@yahoo.com,abc123,CE,87707387,SUSPENDIDO
74939.0,Juan Perez,luisrojas@hotmail.com,3009938855,TI,48081907,INACTIVO
9973.0,Juan Perez,luisrojas@yahoo.com,3006655947,CE,,SUSPENDIDO
15652.0,Carlos Gomez,luisrojas@hotmail.com,abc123,CE,10319461,INACTIVO
82152.0,Ana Martinez,sofiatorres@gmail.com,3112767021,TI,,INACTIVO
93644.0,Maria Lopez,anamartinez@gmail.com,abc123,TI,32974390,SUSPENDIDO
55096.0,Carlos Gomez,luisrojas@gmail.com,abc123,CE,77899541,INACTIVO
79056.0,Carlos Gomez,juanperez@gmail.com,3019050982,CC,,ACTIVO
60104.0,Maria Lopez,,3026310453,TI,40966702,ACTIVO
67459.0,Luis Rojas,juanperez@yahoo.com,3117530623,TI,,INACTIVO
7017.0,Maria Lopez,juanperez@yahoo.com,3023823268,TI,,SUSPENDIDO
43930.0,Carlos Gomez,marialopez@hotmail.com,abc123,TI,13219566,SUSPENDIDO
85816.0,Maria Lopez,,3004545770,CC,17385341,SUSPENDIDO
45825.0,Sofia Torres,,3104188519,CE,96864934,INACTIVO
35657.0,Luis Rojas,,3001304951,CE,39731143,ACTIVO
96785.0,Carlos Gomez,juanperez@gmail.com,abc123,CE,71611132,SUSPENDIDO
99847.0,Sofia Torres,juanperez@yahoo.com,abc123,TI,80351294,INACTIVO
,Juan Perez,anamartinez@yahoo.com,3006188578,TI,14938070,INACTIVO
,Ana Martinez,anamartinez@hotmail.com,3106433593,TI,93313647,SUSPENDIDO
,Maria Lopez,marialopez@gmail.com,3113499227,CC,72646585,ACTIVO
,Carlos Gomez,marialopez@yahoo.com,3007290842,CE,55131966,INACTIVO
93273.0,Luis Rojas,carlosgomez@yahoo.com,3111319903,CC,,ACTIVO
67351.0,Ana Martinez,luisrojas@gmail.com,abc123,TI,15820065,SUSPENDIDO
24000.0,Maria Lopez,marialopez@hotmail.com,3004383539,TI,,INACTIVO
52985.0,Sofia Torres,juanperez@hotmail.com,3117034673,CC,86015560,desconocido
,Luis Rojas,sofiatorres@hotmail.com,3011718849,TI,68073891,SUSPENDIDO
23378.0,Luis Rojas,juanperez@gmail.com,3113302831,CE,,ACTIVO
,Carlos Gomez,marialopez@hotmail.com,3011184828,CC,66984702,INACTIVO
78332.0,Maria Lopez,carlosgomez@hotmail.com,3023513485,CE,,INACTIVO
99532.0,Juan Perez,juanperez@hotmail.com,abc123,CC,59206096,INACTIVO
75117.0,Sofia Torres,,3016845851,TI,58244481,ACTIVO
95486.0,Juan Perez,juanperez@yahoo.com,3108898067,CC,68653599,desconocido
6766.0,Luis Rojas,marialopez@gmail.com,abc123,TI,50285076,INACTIVO
,Sofia Torres,anamartinez@gmail.com,3015086562,CC,62403026,INACTIVO
,Luis Rojas,anamartinez@gmail.com,3028739144,CE,67952544,INACTIVO
,Ana Martinez,sofiatorres@hotmail.com,3018287695,TI,78718183,INACTIVO
49238.0,Carlos Gomez,,3029223453,TI,99211677,SUSPENDIDO
76499.0,Ana Martinez,,3025641027,CE,37406768,ACTIVO
86761.0,Maria Lopez,,3102604980,CC,56763271,INACTIVO
36863.0,Juan Perez,juanperez@gmail.com,abc123,CC,45619378,SUSPENDIDO
65605.0,Luis Rojas,luisrojas@hotmail.com,3019128910,CE,40950957,desconocido
99163.0,Luis Rojas,sofiatorres@yahoo.com,3008867912,TI,85332455,SUSPENDIDO
19623.0,Ana Martinez,,3102111453,TI,20926246,ACTIVO
59845.0,Juan Perez,juanperez@hotmail.com,3108266133,CC,14179727,ACTIVO
76635.0,Carlos Gomez,luisrojas@yahoo.com,abc123,CE,97283974,SUSPENDIDO
95295.0,Luis Rojas,,3007507454,TI,92614110,INACTIVO
95730.0,Luis Rojas,juanperez@yahoo.com,3009506766,TI,41255171,ACTIVO
24891.0,Sofia Torres,carlosgomez@hotmail.com,abc123,CC,69412821,ACTIVO
83251.0,Ana Martinez,,3118008826,TI,92760028,ACTIVO
55650.0,Carlos Gomez,sofiatorres@hotmail.com,3105776217,CC,82976195,ACTIVO
,Sofia Torres,anamartinez@gmail.com,3015935566,CC,99167665,ACTIVO
9895.0,Carlos Gomez,anamartinez@hotmail.com,abc123,CE,13202334,ACTIVO
,Sofia Torres,marialopez@gmail.com,3011445126,CC,62537968,SUSPENDIDO
39773.0,Luis Rojas,carlosgomez@yahoo.com,abc123,CC,32283848,ACTIVO
44465.0,Maria Lopez,marialopez@yahoo.com,3116338671,CE,,SUSPENDIDO
15954.0,Sofia Torres,anamartinez@hotmail.com,abc123,CC,45934633,SUSPENDIDO
84820.0,Carlos Gomez,carlosgomez@hotmail.com,3022451458,CE,87784206,SUSPENDIDO
42054.0,Sofia Torres,juanperez@yahoo.com,3028232333,CC,,SUSPENDIDO
8971.0,Ana Martinez,,3012124851,CC,83331229,SUSPENDIDO
92418.0,Carlos Gomez,marialopez@hotmail.com,3011374893,TI,,INACTIVO
,Luis Rojas,marialopez@hotmail.com,3005432771,TI,20880101,INACTIVO
16619.0,Sofia Torres,juanperez@gmail.com,3008544154,CC,51834048,desconocido
37851.0,Juan Perez,,3009064240,CE,70482308,ACTIVO
33076.0,Sofia Torres,anamartinez@yahoo.com,3117568724,CC,92718221,INACTIVO
27745.0,Juan Perez,anamartinez@hotmail.com,3104820452,CE,60742521,desconocido
30411.0,Carlos Gomez,anamartinez@hotmail.com,abc123,TI,12641779,SUSPENDIDO
89713.0,Luis Rojas,juanperez@hotmail.com,3003880045,CE,91915883,INACTIVO
2299.0,Juan Perez,carlosgomez@yahoo.com,3004150923,TI,,INACTIVO
50364.0,Ana Martinez,anamartinez@gmail.com,abc123,CC,33735469,INACTIVO
77529.0,Carlos Gomez,anamartinez@yahoo.com,3024866381,TI,65185502,desconocido
,Juan Perez,sofiatorres@gmail.com,3119993995,CC,86799345,SUSPENDIDO
67388.0,Ana Martinez,anamartinez@gmail.com,abc123,CE,13949520,INACTIVO
42949.0,Luis Rojas,,3027316254,CE,64895380,INACTIVO
20295.0,Ana Martinez,marialopez@yahoo.com,abc123,CC,92096327,ACTIVO
57161.0,Ana Martinez,luisrojas@yahoo.com,abc123,CE,95888430,ACTIVO
23042.0,Juan Perez,sofiatorres@yahoo.com,abc123,CE,59384623,SUSPENDIDO
17897.0,Juan Perez,sofiatorres@yahoo.com,3013806372,TI,36911125,desconocido
57259.0,Carlos Gomez,carlosgomez@yahoo.com,3021834472,CC,,ACTIVO
95389.0,Maria Lopez,anamartinez@yahoo.com,abc123,CC,68086159,INACTIVO
37184.0,Luis Rojas,luisrojas@yahoo.com,3001899294,TI,73139715,INACTIVO
80355.0,Carlos Gomez,luisrojas@yahoo.com,3112173489,CE,87269105,INACTIVO
22230.0,Maria Lopez,,3017240663,CC,59775132,ACTIVO
16908.0,Luis Rojas,anamartinez@hotmail.com,abc123,TI,60741704,INACTIVO
94730.0,Juan Perez,luisrojas@yahoo.com,abc123,TI,18652359,INACTIVO
82593.0,Juan Perez,luisrojas@hotmail.com,abc123,CC,62365334,ACTIVO
6039.0,Maria Lopez,carlosgomez@gmail.com,3023264104,CC,19267663,SUSPENDIDO
,Luis Rojas,anamartinez@gmail.com,3001531387,CE,52824423,ACTIVO
35078.0,Juan Perez,anamartinez@hotmail.com,3108333858,CE,62964827,desconocido
,Sofia Torres,carlosgomez@hotmail.com,3028622064,CC,59787361,ACTIVO
74797.0,Carlos Gomez,carlosgomez@gmail.com,3116318367,TI,44247630,SUSPENDIDO
,Carlos Gomez,juanperez@yahoo.com,3021597382,TI,94868692,INACTIVO
50191.0,Maria Lopez,juanperez@gmail.com,3014418153,CE,,ACTIVO
,Luis Rojas,anamartinez@hotmail.com,3027543766,CE,78822941,SUSPENDIDO
,Juan Perez,anamartinez@yahoo.com,3003551408,TI,49655934,ACTIVO
50274.0,Luis Rojas,carlosgomez@yahoo.com,3113489529,TI,16244986,desconocido
21918.0,Luis Rojas,marialopez@gmail.com,3015448784,TI,16901096,desconocido
,Carlos Gomez,luisrojas@yahoo.com,3021272886,TI,80477944,SUSPENDIDO
73939.0,Ana Martinez,,3014301765,CC,51408699,SUSPENDIDO
49075.0,Maria Lopez,carlosgomez@hotmail.com,3016402751,TI,24702635,SUSPENDIDO
45624.0,Juan Perez,juanperez@yahoo.com,abc123,CC,45242964,ACTIVO
,Ana Martinez,juanperez@yahoo.com,3024147707,TI,34500551,INACTIVO
,Sofia Torres,juanperez@gmail.com,3016419433,CC,20011695,INACTIVO
14049.0,Ana Martinez,,3007502886,CC,45213822,INACTIVO
76236.0,Maria Lopez,marialopez@hotmail.com,3101209217,CE,94117196,desconocido
49642.0,Juan Perez,,3003837355,TI,60779068,SUSPENDIDO
,Ana Martinez,anamartinez@hotmail.com,3027401725,CE,93378367,INACTIVO
95139.0,Sofia Torres,luisrojas@yahoo.com,abc123,CE,84757497,ACTIVO
30454.0,Juan Perez,,3017222352,CE,49295720,SUSPENDIDO
69473.0,Ana Martinez,marialopez@gmail.com,abc123,CE,65820959,ACTIVO
54044.0,Maria Lopez,anamartinez@hotmail.com,3009208573,CE,44373778,ACTIVO
7137.0,Luis Rojas,,3014222547,CE,32754755,ACTIVO
45692.0,Sofia Torres,anamartinez@gmail.com,3012764720,TI,62116129,desconocido
87428.0,Luis Rojas,carlosgomez@gmail.com,3022421917,CC,,INACTIVO
42286.0,Ana Martinez,sofiatorres@hotmail.com,abc123,CC,56141879,SUSPENDIDO
17931.0,Juan Perez,sofiatorres@hotmail.com,3013001314,CC,80014022,desconocido
,Carlos Gomez,sofiatorres@hotmail.com,3119264027,TI,38419009,INACTIVO
1607.0,Sofia Torres,carlosgomez@yahoo.com,3024138426,CE,,ACTIVO
80576.0,Maria Lopez,marialopez@hotmail.com,3004062059,TI,,ACTIVO
57266.0,Carlos Gomez,juanperez@gmail.com,abc123,TI,80316967,INACTIVO
99308.0,Sofia Torres,,3006066839,CC,31771278,ACTIVO
60854.0,Luis Rojas,luisrojas@hotmail.com,abc123,CE,81092178,SUSPENDIDO
15894.0,Maria Lopez,carlosgomez@gmail.com,3026843102,TI,,ACTIVO
84132.0,Carlos Gomez,luisrojas@hotmail.com,abc123,CC,89493199,SUSPENDIDO
24589.0,Maria Lopez,,3115742483,CE,56116132,ACTIVO
43347.0,Luis Rojas,anamartinez@yahoo.com,3113338250,CE,,INACTIVO
71897.0,Ana Martinez,sofiatorres@yahoo.com,3117514213,CC,,ACTIVO
4643.0,Ana Martinez,anamartinez@yahoo.com,3008152811,TI,28860312,desconocido
177.0,Maria Lopez,anamartinez@hotmail.com,3103152061,CC,79627655,ACTIVO
44645.0,Carlos Gomez,,3111737045,CE,25727030,SUSPENDIDO
39725.0,Juan Perez,sofiatorres@yahoo.com,3012820990,CE,,SUSPENDIDO
,Ana Martinez,anamartinez@gmail.com,3008734555,CE,51767740,INACTIVO
49562.0,Maria Lopez,luisrojas@hotmail.com,3104830525,CE,90478319,desconocido
6015.0,Sofia Torres,marialopez@hotmail.com,3016788113,CC,,SUSPENDIDO
54501.0,Ana Martinez,luisrojas@hotmail.com,abc123,CE,33707226,SUSPENDIDO
87963.0,Sofia Torres,sofiatorres@yahoo.com,3001335755,TI,,SUSPENDIDO
21616.0,Luis Rojas,luisrojas@yahoo.com,3108613553,CE,91120729,desconocido
25778.0,Ana Martinez,,3008595922,CC,94636884,SUSPENDIDO
40805.0,Carlos Gomez,marialopez@yahoo.com,3113045008,CE,,SUSPENDIDO
,Sofia Torres,luisrojas@hotmail.com,3107643201,CC,72443611,INACTIVO
62581.0,Juan Perez,,3105769341,TI,44786550,SUSPENDIDO
48623.0,Sofia Torres,luisrojas@hotmail.com,abc123,CE,51846995,ACTIVO
85593.0,Maria Lopez,juanperez@gmail.com,abc123,TI,34771642,INACTIVO
82940.0,Juan Perez,luisrojas@hotmail.com,abc123,TI,24490861,INACTIVO
38986.0,Juan Perez,juanperez@gmail.com,3005426682,CC,,ACTIVO
11098.0,Juan Perez,luisrojas@yahoo.com,3016686123,TI,87824964,SUSPENDIDO
82517.0,Ana Martinez,marialopez@gmail.com,3118909507,CE,,SUSPENDIDO
86841.0,Luis Rojas,marialopez@gmail.com,abc123,CE,26376049,SUSPENDIDO
73306.0,Ana Martinez,marialopez@yahoo.com,3021478810,CC,36362933,desconocido
52229.0,Juan Perez,marialopez@hotmail.com,3016794361,CC,77402184,desconocido
78214.0,Luis Rojas,anamartinez@yahoo.com,3014489521,CE,,INACTIVO
51796.0,Ana Martinez,sofiatorres@hotmail.com,3106013599,CC,83895954,SUSPENDIDO
,Juan Perez,carlosgomez@hotmail.com,3113687601,CE,84242242,ACTIVO
,Sofia Torres,juanperez@yahoo.com,3016747842,TI,64269360,SUSPENDIDO
48442.0,Luis Rojas,sofiatorres@gmail.com,3023711560,CE,27696037,desconocido
55505.0,Juan Perez,sofiatorres@gmail.com,3004443631,CE,,SUSPENDIDO
29830.0,Ana Martinez,anamartinez@gmail.com,abc123,CE,17080568,SUSPENDIDO
78313.0,Juan Perez,carlosgomez@hotmail.com,3102755404,TI,58601571,INACTIVO
36743.0,Luis Rojas,juanperez@gmail.com,abc123,TI,40801702,ACTIVO
78287.0,Ana Martinez,luisrojas@hotmail.com,abc123,TI,79100293,SUSPENDIDO
19567.0,Carlos Gomez,luisrojas@hotmail.com,abc123,CC,65957655,ACTIVO
76329.0,Maria Lopez,marialopez@hotmail.com,3116801933,CC,,INACTIVO
,Carlos Gomez,marialopez@gmail.com,3022926834,CC,81722260,SUSPENDIDO
24728.0,Ana Martinez,luisrojas@yahoo.com,abc123,CE,82466687,SUSPENDIDO
4487.0,Juan Perez,anamartinez@hotmail.com,3115592381,TI,,SUSPENDIDO
40324.0,Luis Rojas,carlosgomez@hotmail.com,3104339646,TI,,INACTIVO
,Ana Martinez,marialopez@gmail.com,3112467668,TI,13398390,SUSPENDIDO
,Ana Martinez,anamartinez@yahoo.com,3017387751,TI,87917476,ACTIVO
,Carlos Gomez,sofiatorres@gmail.com,3025940098,TI,84600613,ACTIVO
16407.0,Carlos Gomez,juanperez@yahoo.com,3022778336,CC,69067209,desconocido
8893.0,Luis Rojas,anamartinez@hotmail.com,abc123,CE,26371898,ACTIVO
95099.0,Maria Lopez,juanperez@hotmail.com,3105144353,CE,,ACTIVO
95857.0,Maria Lopez,luisrojas@yahoo.com,3008371612,CE,,INACTIVO
82360.0,Sofia Torres,juanperez@yahoo.com,3021172756,CC,68186999,INACTIVO
21051.0,Sofia Torres,marialopez@yahoo.com,3024801209,CE,,SUSPENDIDO
,Sofia Torres,luisrojas@yahoo.com,3029783816,CE,80906677,ACTIVO
31971.0,Sofia Torres,luisrojas@hotmail.com,abc123,TI,82849952,SUSPENDIDO
63859.0,Juan Perez,sofiatorres@hotmail.com,3115664294,CC,55363236,ACTIVO
17129.0,Juan Perez,,3114683214,TI,68794987,INACTIVO
90309.0,Luis Rojas,,3107669154,CC,74484036,ACTIVO
64132.0,Maria Lopez,anamartinez@yahoo.com,3104486286,CE,,ACTIVO
47189.0,Carlos Gomez,,3108808310,TI,84086248,ACTIVO
50709.0,Carlos Gomez,juanperez@hotmail.com,abc123,TI,13911407,INACTIVO
48327.0,Juan Perez,juanperez@yahoo.com,abc123,CC,24766760,INACTIVO
7092.0,Carlos Gomez,anamartinez@yahoo.com,abc123,CC,39892809,ACTIVO
38148.0,Carlos Gomez,sofiatorres@hotmail.com,abc123,CC,11273770,INACTIVO
78374.0,Carlos Gomez,,3119637066,TI,69858970,ACTIVO
29633.0,Ana Martinez,,3007320715,CC,16278211,INACTIVO
,Luis Rojas,anamartinez@gmail.com,3024698671,CC,85232149,ACTIVO
40580.0,Luis Rojas,sofiatorres@hotmail.com,3111242331,TI,15954242,desconocido
71429.0,Ana Martinez,marialopez@gmail.com,3107480712,TI,75652281,desconocido
74560.0,Luis Rojas,,3026866165,CC,40347776,SUSPENDIDO
16955.0,Carlos Gomez,sofiatorres@yahoo.com,3106015629,CE,35741420,SUSPENDIDO
67988.0,Luis Rojas,,3029879905,CC,26983693,SUSPENDIDO
31774.0,Carlos Gomez,carlosgomez@gmail.com,abc123,TI,63446239,SUSPENDIDO
,Maria Lopez,luisrojas@yahoo.com,3005842127,CE,70618235,SUSPENDIDO
46835.0,Maria Lopez,juanperez@yahoo.com,abc123,CE,35463886,SUSPENDIDO
27209.0,Sofia Torres,luisrojas@yahoo.com,3007491796,TI,,ACTIVO
1711.0,Juan Perez,marialopez@hotmail.com,abc123,TI,88939016,ACTIVO
35741.0,Maria Lopez,sofiatorres@gmail.com,abc123,CE,40469880,ACTIVO
,Maria Lopez,anamartinez@gmail.com,3109338360,TI,66746396,ACTIVO
97118.0,Maria Lopez,juanperez@gmail.com,3028679377,CE,34852086,INACTIVO
30920.0,Juan Perez,sofiatorres@gmail.com,3106108580,TI,,SUSPENDIDO
73121.0,Juan Perez,carlosgomez@yahoo.com,3015535788,CE,74413136,desconocido
32928.0,Maria Lopez,,3014848476,TI,63412482,ACTIVO
73721.0,Maria Lopez,,3117202324,CE,46963157,SUSPENDIDO
27328.0,Ana Martinez,marialopez@yahoo.com,3013473296,CE,,SUSPENDIDO
86975.0,Carlos Gomez,,3029424304,CC,90712059,SUSPENDIDO
,Maria Lopez,juanperez@hotmail.com,3022385206,CC,82555070,ACTIVO
25086.0,Ana Martinez,carlosgomez@hotmail.com,3018388948,CC,,INACTIVO
,Juan Perez,anamartinez@yahoo.com,3016688165,CE,10337650,SUSPENDIDO
,Carlos Gomez,anamartinez@yahoo.com,3018143695,CC,86206032,SUSPENDIDO
15941.0,Maria Lopez,anamartinez@gmail.com,3005536802,CE,,INACTIVO
80028.0,Ana Martinez,sofiatorres@gmail.com,3011002527,CE,67239320,ACTIVO
,Ana Martinez,carlosgomez@yahoo.com,3006395894,TI,81854214,SUSPENDIDO
20988.0,Juan Perez,juanperez@yahoo.com,abc123,CE,72069719,INACTIVO
513.0,Ana Martinez,marialopez@yahoo.com,3001427080,CE,16975301,desconocido
,Luis Rojas,marialopez@hotmail.com,3119599488,CC,61490118,ACTIVO
,Luis Rojas,anamartinez@yahoo.com,3009658330,CE,82717688,ACTIVO
33600.0,Carlos Gomez,anamartinez@yahoo.com,3024940477,CE,,SUSPENDIDO
,Ana Martinez,marialopez@yahoo.com,3014108286,CE,17121255,ACTIVO
,Juan Perez,anamartinez@hotmail.com,3027816729,CC,46177201,ACTIVO
49822.0,Ana Martinez,luisrojas@hotmail.com,3101054696,CE,27319231,desconocido
32331.0,Juan Perez,anamartinez@hotmail.com,abc123,CC,66110039,SUSPENDIDO
54093.0,Luis Rojas,,3104392258,CC,40147764,ACTIVO
,Maria Lopez,carlosgomez@yahoo.com,3024619412,TI,80040539,INACTIVO
48368.0,Sofia Torres,anamartinez@hotmail.com,3026469334,TI,54716397,INACTIVO
64832.0,Maria Lopez,,3016252614,CE,81469037,SUSPENDIDO
49613.0,Carlos Gomez,marialopez@yahoo.com,3028814033,TI,33304684,desconocido
12287.0,Luis Rojas,carlosgomez@hotmail.com,3109238227,TI,,ACTIVO
97093.0,Maria Lopez,marialopez@gmail.com,3022269729,TI,,SUSPENDIDO
76550.0,Carlos Gomez,luisrojas@gmail.com,3026211802,TI,25890882,desconocido
76575.0,Juan Perez,,3102029451,CC,79272673,SUSPENDIDO
42127.0,Luis Rojas,,3113016506,CC,60136753,SUSPENDIDO
72889.0,Luis Rojas,anamartinez@gmail.com,3009158999,TI,,INACTIVO
42008.0,Luis Rojas,juanperez@hotmail.com,3027009004,CC,,ACTIVO
,Maria Lopez,anamartinez@yahoo.com,3102635561,CC,31191598,ACTIVO
,Juan Perez,juanperez@hotmail.com,3109909535,CC,41786849,ACTIVO
63203.0,Carlos Gomez,marialopez@gmail.com,3119371913,CE,76920207,desconocido
47611.0,Luis Rojas,sofiatorres@gmail.com,3112938469,CC,,INACTIVO
75027.0,Ana Martinez,anamartinez@hotmail.com,abc123,TI,91429525,INACTIVO
47703.0,Carlos Gomez,carlosgomez@hotmail.com,3008864933,CC,38851805,desconocido
7125.0,Luis Rojas,anamartinez@gmail.com,abc123,CC,81839360,SUSPENDIDO
,Luis Rojas,sofiatorres@yahoo.com,3001526026,CC,73116132,ACTIVO
73565.0,Ana Martinez,sofiatorres@hotmail.com,abc123,CE,13592028,ACTIVO
36428.0,Carlos Gomez,,3007732758,CE,55061995,ACTIVO
34281.0,Juan Perez,anamartinez@hotmail.com,3101325175,TI,,INACTIVO
47494.0,Luis Rojas,juanperez@gmail.com,3108397105,CC,,INACTIVO
37912.0,Carlos Gomez,luisrojas@hotmail.com,3103627082,TI,,INACTIVO
9259.0,Juan Perez,,3005931278,TI,15520266,ACTIVO
72980.0,Luis Rojas,,3013413085,TI,21616833,ACTIVO
84271.0,Luis Rojas,carlosgomez@gmail.com,abc123,TI,26393878,INACTIVO
,Luis Rojas,carlosgomez@yahoo.com,3109045935,CC,35543285,ACTIVO
68167.0,Sofia Torres,carlosgomez@hotmail.com,abc123,TI,85880030,SUSPENDIDO
,Maria Lopez,sofiatorres@yahoo.com,3107570053,CE,95928550,ACTIVO
90328.0,Luis Rojas,sofiatorres@hotmail.com,3019783281,CE,14810044,desconocido
,Maria Lopez,anamartinez@hotmail.com,3016033144,TI,35907083,ACTIVO
70618.0,Ana Martinez,carlosgomez@hotmail.com,3003211849,TI,,INACTIVO
11347.0,Carlos Gomez,sofiatorres@yahoo.com,abc123,CC,20927718,SUSPENDIDO
97296.0,Luis Rojas,,3111724267,CE,61815798,ACTIVO
92184.0,Sofia Torres,juanperez@yahoo.com,abc123,TI,23373030,INACTIVO
73171.0,Luis Rojas,anamartinez@yahoo.com,abc123,CC,31107633,INACTIVO
65892.0,Ana Martinez,anamartinez@gmail.com,abc123,CC,46159353,ACTIVO
60482.0,Maria Lopez,,3106100847,TI,38308074,SUSPENDIDO
,Ana Martinez,carlosgomez@yahoo.com,3115568301,CC,66847949,ACTIVO
31529.0,Carlos Gomez,,3107944988,TI,34133872,ACTIVO
36787.0,Juan Perez,carlosgomez@gmail.com,abc123,CC,64979573,INACTIVO
,Carlos Gomez,carlosgomez@hotmail.com,3112343041,TI,89252236,ACTIVO
,Sofia Torres,marialopez@yahoo.com,3021878675,TI,97821038,ACTIVO
58900.0,Carlos Gomez,luisrojas@hotmail.com,3028594935,TI,,INACTIVO
60978.0,Maria Lopez,marialopez@hotmail.com,abc123,CE,15927891,SUSPENDIDO
40773.0,Ana Martinez,sofiatorres@gmail.com,3117479832,CE,76782705,ACTIVO
52096.0,Maria Lopez,,3002854041,CE,44156080,ACTIVO
53400.0,Luis Rojas,luisrojas@gmail.com,3114460616,CE,18532020,desconocido
62489.0,Carlos Gomez,,3006568367,CC,98340082,SUSPENDIDO
53382.0,Maria Lopez,,3116829380,CE,12475868,SUSPENDIDO
8519.0,Ana Martinez,carlosgomez@hotmail.com,3111816838,CE,65091259,ACTIVO
17895.0,Ana Martinez,juanperez@gmail.com,3009844734,TI,75098503,SUSPENDIDO
60950.0,Juan Perez,sofiatorres@hotmail.com,3119401105,TI,,ACTIVO
,Sofia Torres,marialopez@hotmail.com,3102407577,TI,74402762,INACTIVO
,Luis Rojas,marialopez@yahoo.com,3118463335,TI,97249467,SUSPENDIDO
59159.0,Juan Perez,marialopez@hotmail.com,3113854599,CE,,SUSPENDIDO
,Carlos Gomez,carlosgomez@gmail.com,3102443548,CC,64979815,ACTIVO
,Juan Perez,sofiatorres@hotmail.com,3106801934,CC,20633763,ACTIVO
36900.0,Ana Martinez,,3104361990,CE,29283677,INACTIVO
47656.0,Sofia Torres,juanperez@yahoo.com,abc123,CE,37738170,SUSPENDIDO
39915.0,Juan Perez,anamartinez@hotmail.com,3108763885,TI,25289205,desconocido
67509.0,Carlos Gomez,anamartinez@gmail.com,3018149052,TI,71854042,INACTIVO
78213.0,Maria Lopez,juanperez@hotmail.com,3007701549,CE,56387522,desconocido
,Maria Lopez,marialopez@yahoo.com,3001623995,TI,21724345,INACTIVO
47944.0,Sofia Torres,marialopez@yahoo.com,3117931804,CE,,INACTIVO
2850.0,Carlos Gomez,carlosgomez@hotmail.com,3004831916,CE,73209385,INACTIVO
9356.0,Carlos Gomez,juanperez@yahoo.com,3006660246,TI,97605282,SUSPENDIDO
26335.0,Luis Rojas,anamartinez@gmail.com,abc123,CC,90599827,SUSPENDIDO
13981.0,Sofia Torres,sofiatorres@gmail.com,abc123,CC,35747553,SUSPENDIDO
30766.0,Ana Martinez,anamartinez@gmail.com,3012975178,TI,18498209,desconocido
,Sofia Torres,anamartinez@yahoo.com,3107202183,CC,83870950,INACTIVO
72790.0,Maria Lopez,,3023040695,CC,22089588,ACTIVO
43267.0,Luis Rojas,sofiatorres@gmail.com,3019774607,CE,,SUSPENDIDO
,Ana Martinez,marialopez@gmail.com,3105805794,CC,89834103,INACTIVO
83828.0,Maria Lopez,juanperez@yahoo.com,3026225633,CE,,ACTIVO
9189.0,Carlos Gomez,luisrojas@hotmail.com,3106505156,CC,14464165,desconocido
85441.0,Luis Rojas,luisrojas@yahoo.com,abc123,CE,72796151,INACTIVO
98430.0,Sofia Torres,carlosgomez@hotmail.com,3003797625,TI,90888466,desconocido
38995.0,Sofia Torres,,3014956481,CE,90740532,SUSPENDIDO
17299.0,Maria Lopez,,3006982278,CC,29618668,SUSPENDIDO
30072.0,Ana Martinez,carlosgomez@yahoo.com,3003292448,TI,62142949,INACTIVO
58414.0,Carlos Gomez,,3017649752,CC,32692966,SUSPENDIDO
,Maria Lopez,marialopez@yahoo.com,3108521088,CC,62972031,INACTIVO
,Maria Lopez,marialopez@yahoo.com,3028730358,CE,46368914,INACTIVO
86741.0,Carlos Gomez,carlosgomez@hotmail.com,3115845108,CE,67754188,ACTIVO
4172.0,Juan Perez,luisrojas@yahoo.com,3013426232,CC,25199389,desconocido
7324.0,Sofia Torres,,3116367148,TI,68263022,ACTIVO
23847.0,Carlos Gomez,carlosgomez@gmail.com,abc123,CC,69486656,INACTIVO
,Carlos Gomez,sofiatorres@yahoo.com,3011734758,CE,32554191,SUSPENDIDO
44387.0,Sofia Torres,,3025854476,CC,43175654,ACTIVO
18114.0,Maria Lopez,luisrojas@yahoo.com,abc123,CE,38649034,INACTIVO
83286.0,Ana Martinez,sofiatorres@hotmail.com,3018585320,CE,48527896,INACTIVO
60764.0,Juan Perez,luisrojas@gmail.com,3012626095,TI,,SUSPENDIDO
82311.0,Ana Martinez,marialopez@hotmail.com,3023230801,CC,49659915,desconocido
,Luis Rojas,luisrojas@gmail.com,3101013145,CC,56036181,SUSPENDIDO
33310.0,Juan Perez,,3105367939,CC,12445236,ACTIVO
78799.0,Maria Lopez,,3004534451,TI,20564825,INACTIVO
58384.0,Carlos Gomez,juanperez@gmail.com,3024147134,CC,,SUSPENDIDO
27151.0,Luis Rojas,sofiatorres@yahoo.com,abc123,TI,31454381,ACTIVO
,Carlos Gomez,carlosgomez@gmail.com,3003010927,CE,32145023,INACTIVO
42125.0,Sofia Torres,luisrojas@hotmail.com,3103054747,CC,71805530,INACTIVO
95189.0,Sofia Torres,sofiatorres@hotmail.com,3101072452,TI,,INACTIVO
82760.0,Sofia Torres,sofiatorres@hotmail.com,3109436833,CC,,SUSPENDIDO
,Maria Lopez,marialopez@gmail.com,3021251526,CE,48259023,SUSPENDIDO
46218.0,Luis Rojas,juanperez@yahoo.com,3112309665,TI,,INACTIVO
73238.0,Sofia Torres,,3009768535,TI,12720519,INACTIVO
9614.0,Juan Perez,,3108658885,CC,22514036,INACTIVO
77693.0,Ana Martinez,,3021424196,TI,28276528,INACTIVO
13827.0,Ana Martinez,marialopez@gmail.com,abc123,TI,28651357,SUSPENDIDO
,Maria Lopez,luisrojas@yahoo.com,3001697888,TI,90615304,INACTIVO
52913.0,Juan Perez,juanperez@gmail.com,3116678686,CC,,INACTIVO
4995.0,Carlos Gomez,luisrojas@yahoo.com,abc123,CE,19866633,SUSPENDIDO
45132.0,Sofia Torres,,3108216010,CE,28922965,ACTIVO
91556.0,Luis Rojas,marialopez@hotmail.com,3003019395,CC,,INACTIVO
39166.0,Luis Rojas,sofiatorres@yahoo.com,3017721484,CC,22266253,ACTIVO
55855.0,Maria Lopez,sofiatorres@hotmail.com,3008485116,TI,81634012,SUSPENDIDO
3346.0,Sofia Torres,juanperez@gmail.com,3009476219,CC,,INACTIVO
49242.0,Luis Rojas,anamartinez@gmail.com,abc123,TI,12435720,ACTIVO
13698.0,Maria Lopez,,3118638530,TI,95324056,ACTIVO
9000.0,Sofia Torres,,3113865245,CC,14683109,SUSPENDIDO
5821.0,Luis Rojas,luisrojas@yahoo.com,abc123,CE,83661535,ACTIVO
48652.0,Ana Martinez,juanperez@hotmail.com,3028590413,TI,22066752,ACTIVO
4829.0,Maria Lopez,,3113691651,CC,17540894,INACTIVO
93558.0,Juan Perez,juanperez@gmail.com,3118848756,TI,,INACTIVO
,Sofia Torres,carlosgomez@yahoo.com,3014051885,CC,10140440,ACTIVO
84393.0,Juan Perez,,3107710075,TI,73316884,SUSPENDIDO
32161.0,Luis Rojas,carlosgomez@hotmail.com,3114191843,TI,,ACTIVO
46180.0,Ana Martinez,,3112754552,TI,73259153,SUSPENDIDO
25056.0,Ana Martinez,luisrojas@yahoo.com,abc123,CC,26495121,ACTIVO
62589.0,Juan Perez,juanperez@yahoo.com,3102253024,CC,75618547,SUSPENDIDO
88186.0,Luis Rojas,,3102927383,CE,74576370,SUSPENDIDO
78512.0,Juan Perez,marialopez@hotmail.com,3028373859,CC,39653582,desconocido
,Carlos Gomez,sofiatorres@yahoo.com,3002227986,CE,36569146,ACTIVO
36171.0,Luis Rojas,marialopez@yahoo.com,3004389395,TI,,ACTIVO
34306.0,Luis Rojas,,3022313063,CC,47818212,SUSPENDIDO
,Maria Lopez,anamartinez@gmail.com,3003749516,TI,30436826,INACTIVO
,Juan Perez,marialopez@yahoo.com,3022773878,CE,44204850,SUSPENDIDO
13048.0,Carlos Gomez,,3102674142,CE,19798236,SUSPENDIDO
63324.0,Maria Lopez,carlosgomez@gmail.com,3027295166,CE,71347362,ACTIVO
54102.0,Luis Rojas,juanperez@hotmail.com,3024125022,CE,,SUSPENDIDO
13562.0,Ana Martinez,luisrojas@yahoo.com,3102210200,TI,69355568,desconocido
19199.0,Luis Rojas,,3108889159,TI,34068183,ACTIVO
37307.0,Juan Perez,marialopez@gmail.com,abc123,TI,72360392,INACTIVO
58144.0,Maria Lopez,carlosgomez@hotmail.com,3104498181,TI,11611341,INACTIVO
71043.0,Luis Rojas,sofiatorres@gmail.com,3115715749,CC,,ACTIVO
,Juan Perez,juanperez@gmail.com,3019192142,CE,85135391,INACTIVO
91416.0,Carlos Gomez,,3102804054,CE,31947849,SUSPENDIDO
98372.0,Sofia Torres,sofiatorres@gmail.com,abc123,CE,72423940,INACTIVO
71453.0,Carlos Gomez,marialopez@hotmail.com,3024222294,TI,91905776,INACTIVO
11623.0,Luis Rojas,marialopez@yahoo.com,3003016832,CE,,SUSPENDIDO
,Carlos Gomez,marialopez@gmail.com,3001648734,TI,48303333,SUSPENDIDO
22026.0,Luis Rojas,marialopez@hotmail.com,3018725558,CC,19983183,SUSPENDIDO
11747.0,Carlos Gomez,,3005263563,CE,58289740,ACTIVO
97210.0,Maria Lopez,marialopez@gmail.com,3013732130,CE,,INACTIVO
10480.0,Juan Perez,luisrojas@hotmail.com,3028411321,CE,39417286,ACTIVO
,Sofia Torres,sofiatorres@yahoo.com,3013290832,CC,48272062,ACTIVO
7208.0,Ana Martinez,juanperez@hotmail.com,abc123,CC,13721947,ACTIVO
,Sofia Torres,juanperez@yahoo.com,3018571106,CE,41225291,INACTIVO
10740.0,Carlos Gomez,,3026620709,CC,44205916,SUSPENDIDO
86582.0,Sofia Torres,,3117107503,TI,24281309,SUSPENDIDO
87812.0,Juan Perez,marialopez@gmail.com,abc123,TI,60933460,INACTIVO
16492.0,Luis Rojas,,3107108477,CE,38166237,ACTIVO
36615.0,Juan Perez,luisrojas@yahoo.com,3105509793,TI,88834174,INACTIVO
62981.0,Juan Perez,juanperez@gmail.com,abc123,CC,14098301,INACTIVO
,Ana Martinez,juanperez@yahoo.com,3024455778,TI,95961006,SUSPENDIDO
,Ana Martinez,sofiatorres@hotmail.com,3114513936,TI,14156996,SUSPENDIDO
17480.0,Maria Lopez,,3114645399,CE,70590836,INACTIVO
,Ana Martinez,anamartinez@yahoo.com,3101036225,TI,66461823,INACTIVO
78886.0,Maria Lopez,marialopez@hotmail.com,abc123,TI,46221816,ACTIVO
50072.0,Sofia Torres,juanperez@gmail.com,3113509403,TI,61017311,desconocido
96374.0,Ana Martinez,,3114525363,CE,73419728,ACTIVO
71492.0,Sofia Torres,,3102365478,TI,75517233,SUSPENDIDO
11528.0,Luis Rojas,sofiatorres@gmail.com,abc123,TI,22242320,ACTIVO
36104.0,Ana Martinez,juanperez@yahoo.com,abc123,TI,71270360,ACTIVO
9576.0,Luis Rojas,juanperez@hotmail.com,abc123,CE,52856151,INACTIVO
21114.0,Luis Rojas,,3024555519,TI,64797433,ACTIVO
91790.0,Juan Perez,,3118520859,TI,37858921,ACTIVO
85348.0,Carlos Gomez,luisrojas@hotmail.com,3004280404,CC,,ACTIVO
97799.0,Sofia Torres,luisrojas@yahoo.com,abc123,CC,88074026,INACTIVO
,Juan Perez,carlosgomez@yahoo.com,3117644598,TI,76848895,SUSPENDIDO
25273.0,Maria Lopez,,3106764262,TI,60413467,INACTIVO
73845.0,Luis Rojas,marialopez@yahoo.com,abc123,CE,34036194,SUSPENDIDO
40308.0,Sofia Torres,sofiatorres@hotmail.com,abc123,CE,16230495,SUSPENDIDO
,Luis Rojas,juanperez@yahoo.com,3118161173,TI,18526484,INACTIVO
83184.0,Sofia Torres,marialopez@yahoo.com,abc123,CE,54917202,INACTIVO
96273.0,Ana Martinez,,3011335019,TI,44785803,INACTIVO
7198.0,Ana Martinez,carlosgomez@gmail.com,abc123,CC,88791539,ACTIVO
55909.0,Sofia Torres,,3006801265,CE,41660893,INACTIVO
56407.0,Maria Lopez,,3028507483,TI,63468055,INACTIVO
16999.0,Carlos Gomez,,3007894773,TI,29457950,INACTIVO
16547.0,Sofia Torres,marialopez@gmail.com,abc123,CE,33381201,SUSPENDIDO
88386.0,Carlos Gomez,sofiatorres@hotmail.com,abc123,TI,84357960,SUSPENDIDO
58410.0,Sofia Torres,carlosgomez@yahoo.com,3015781529,TI,93127399,desconocido
6504.0,Maria Lopez,carlosgomez@gmail.com,3116364862,CC,10862381,desconocido
43710.0,Maria Lopez,sofiatorres@yahoo.com,3002571086,CC,,SUSPENDIDO
1514.0,Ana Martinez,juanperez@gmail.com,abc123,TI,20299554,INACTIVO
50137.0,Luis Rojas,juanperez@yahoo.com,3017605500,CE,81107950,SUSPENDIDO
25052.0,Luis Rojas,anamartinez@gmail.com,3001401972,CE,60592599,desconocido
29942.0,Ana Martinez,anamartinez@gmail.com,abc123,CC,35511628,INACTIVO
45319.0,Maria Lopez,carlosgomez@yahoo.com,abc123,CE,39670705,ACTIVO
96167.0,Carlos Gomez,,3115448189,CE,63682966,SUSPENDIDO
68215.0,Ana Martinez,sofiatorres@yahoo.com,3015499889,CC,,SUSPENDIDO
,Sofia Torres,juanperez@yahoo.com,3108815527,CC,91729351,ACTIVO
,Luis Rojas,anamartinez@gmail.com,3101912336,CE,40999434,SUSPENDIDO
,Ana Martinez,juanperez@yahoo.com,3114441375,CE,52702242,ACTIVO
97601.0,Sofia Torres,luisrojas@hotmail.com,abc123,TI,44795147,SUSPENDIDO
30461.0,Carlos Gomez,,3013892932,CE,95303737,INACTIVO
,Luis Rojas,carlosgomez@hotmail.com,3104642197,CE,71698866,SUSPENDIDO
49363.0,Maria Lopez,juanperez@yahoo.com,abc123,CE,47749946,ACTIVO
,Carlos Gomez,sofiatorres@hotmail.com,3014807194,TI,24577582,SUSPENDIDO
42770.0,Carlos Gomez,marialopez@gmail.com,3021768241,TI,,INACTIVO
38497.0,Carlos Gomez,sofiatorres@hotmail.com,3109844257,CC,49821976,SUSPENDIDO
87816.0,Luis Rojas,carlosgomez@gmail.com,3005793372,CC,45375166,SUSPENDIDO
1018.0,Maria Lopez,anamartinez@gmail.com,3003857036,TI,,INACTIVO
54543.0,Luis Rojas,anamartinez@yahoo.com,3101151257,CC,52092343,desconocido
97695.0,Juan Perez,luisrojas@gmail.com,3014633403,CC,,INACTIVO
7261.0,Juan Perez,sofiatorres@gmail.com,3103727914,CC,35518203,desconocido
50376.0,Sofia Torres,anamartinez@gmail.com,abc123,TI,34344276,ACTIVO
51806.0,Ana Martinez,carlosgomez@gmail.com,3019036761,TI,,INACTIVO
,Luis Rojas,luisrojas@yahoo.com,3008261997,TI,15099802,INACTIVO
69952.0,Sofia Torres,sofiatorres@hotmail.com,abc123,CC,42704073,SUSPENDIDO
60241.0,Maria Lopez,anamartinez@yahoo.com,3102220918,CC,87700040,desconocido
84539.0,Luis Rojas,carlosgomez@hotmail.com,3117592882,CC,,SUSPENDIDO
57360.0,Luis Rojas,luisrojas@hotmail.com,3004456018,CC,74353568,desconocido
,Juan Perez,sofiatorres@hotmail.com,3115930445,CE,92283303,ACTIVO
3460.0,Maria Lopez,marialopez@yahoo.com,abc123,CC,94888098,INACTIVO
89683.0,Maria Lopez,,3016245748,CE,97998552,ACTIVO
73154.0,Ana Martinez,anamartinez@gmail.com,3019888850,CC,,INACTIVO
53397.0,Juan Perez,carlosgomez@gmail.com,3108945432,CE,,ACTIVO
,Ana Martinez,carlosgomez@yahoo.com,3017988733,CC,39856568,ACTIVO
17298.0,Juan Perez,,3112098431,CC,22791186,SUSPENDIDO
64082.0,Luis Rojas,juanperez@gmail.com,3102655938,TI,32557562,desconocido
4365.0,Luis Rojas,,3109141344,TI,19671744,ACTIVO
8161.0,Juan Perez,juanperez@hotmail.com,abc123,TI,18647470,SUSPENDIDO
74870.0,Ana Martinez,marialopez@yahoo.com,abc123,CE,92387435,INACTIVO
20988.0,Ana Martinez,marialopez@hotmail.com,3112618019,CE,30767180,desconocido
64919.0,Luis Rojas,marialopez@gmail.com,3028190633,TI,21388503,desconocido
9115.0,Carlos Gomez,juanperez@yahoo.com,3117280616,TI,,INACTIVO
,Luis Rojas,marialopez@yahoo.com,3026867561,TI,68846423,INACTIVO
61689.0,Carlos Gomez,marialopez@gmail.com,3106770149,CC,83110681,desconocido
13809.0,Maria Lopez,,3022610169,TI,75565202,INACTIVO
63477.0,Maria Lopez,sofiatorres@gmail.com,3002759294,CC,19307934,INACTIVO
73903.0,Ana Martinez,sofiatorres@hotmail.com,3113396919,TI,,SUSPENDIDO
,Sofia Torres,anamartinez@yahoo.com,3109687033,CE,91026252,SUSPENDIDO
86189.0,Luis Rojas,,3103170400,TI,90875638,INACTIVO
,Sofia Torres,carlosgomez@yahoo.com,3116023112,TI,70732998,ACTIVO
56267.0,Carlos Gomez,sofiatorres@hotmail.com,abc123,CC,15261815,ACTIVO
,Maria Lopez,luisrojas@yahoo.com,3112473822,CC,83644221,ACTIVO
65339.0,Sofia Torres,,3008212698,TI,74747925,INACTIVO
60419.0,Carlos Gomez,sofiatorres@gmail.com,abc123,CC,53309148,SUSPENDIDO
9208.0,Carlos Gomez,anamartinez@yahoo.com,3116078439,TI,,SUSPENDIDO
,Carlos Gomez,anamartinez@gmail.com,3021038638,CC,88205924,ACTIVO
22300.0,Juan Perez,juanperez@hotmail.com,abc123,CE,66234303,SUSPENDIDO
9706.0,Maria Lopez,sofiatorres@gmail.com,3025631067,CE,46647310,INACTIVO
54156.0,Luis Rojas,anamartinez@hotmail.com,3004912162,CE,64242655,ACTIVO
69125.0,Maria Lopez,,3019860799,CE,39083847,SUSPENDIDO
58940.0,Carlos Gomez,sofiatorres@gmail.com,3115299837,CC,59649984,ACTIVO
87447.0,Sofia Torres,marialopez@hotmail.com,abc123,CC,43813239,ACTIVO
29552.0,Luis Rojas,juanperez@yahoo.com,3109029456,CC,16541625,SUSPENDIDO
39587.0,Juan Perez,sofiatorres@hotmail.com,3017750880,CE,60141817,ACTIVO
84509.0,Carlos Gomez,luisrojas@hotmail.com,abc123,CC,77136488,ACTIVO
,Carlos Gomez,marialopez@yahoo.com,3023526660,CE,61470717,ACTIVO
48808.0,Luis Rojas,anamartinez@yahoo.com,abc123,CC,24565672,INACTIVO
22124.0,Juan Perez,,3108334033,CC,69299965,SUSPENDIDO
96473.0,Sofia Torres,juanperez@yahoo.com,3002518540,TI,,SUSPENDIDO
69808.0,Juan Perez,anamartinez@yahoo.com,abc123,CC,45706310,INACTIVO
53907.0,Maria Lopez,marialopez@hotmail.com,abc123,CE,20731343,SUSPENDIDO
14192.0,Juan Perez,luisrojas@hotmail.com,abc123,CC,13807887,ACTIVO
96407.0,Juan Perez,sofiatorres@yahoo.com,3106079855,TI,68930171,desconocido
73578.0,Carlos Gomez,sofiatorres@gmail.com,3024789526,CE,,SUSPENDIDO
,Luis Rojas,carlosgomez@hotmail.com,3101707320,CC,36532183,ACTIVO
98980.0,Luis Rojas,juanperez@gmail.com,3011524103,CC,21922591,SUSPENDIDO
42955.0,Carlos Gomez,,3015706209,CE,96531757,INACTIVO
2248.0,Luis Rojas,sofiatorres@hotmail.com,3114773333,CE,,ACTIVO
39397.0,Carlos Gomez,anamartinez@gmail.com,abc123,CE,14567651,INACTIVO
46469.0,Luis Rojas,sofiatorres@hotmail.com,3025231653,CC,,SUSPENDIDO
35349.0,Ana Martinez,anamartinez@gmail.com,3014232018,TI,,INACTIVO
29088.0,Sofia Torres,carlosgomez@hotmail.com,abc123,CE,30800981,ACTIVO
,Carlos Gomez,anamartinez@hotmail.com,3106450618,TI,30719922,SUSPENDIDO
15085.0,Ana Martinez,,3007502960,CC,92695133,INACTIVO
,Juan Perez,juanperez@hotmail.com,3101661500,CE,79558563,SUSPENDIDO
72454.0,Maria Lopez,luisrojas@hotmail.com,3014219480,CE,79441426,ACTIVO
1920.0,Carlos Gomez,anamartinez@gmail.com,3018874407,CC,,SUSPENDIDO
94704.0,Ana Martinez,,3018641092,CC,62365699,INACTIVO
45052.0,Carlos Gomez,luisrojas@yahoo.com,abc123,CC,78706420,INACTIVO
66572.0,Juan Perez,anamartinez@yahoo.com,abc123,CE,21624595,SUSPENDIDO
82464.0,Maria Lopez,marialopez@hotmail.com,3022303392,CC,13977454,SUSPENDIDO
41815.0,Sofia Torres,juanperez@gmail.com,abc123,CC,12978569,ACTIVO
38161.0,Sofia Torres,marialopez@yahoo.com,3003986267,CE,78135903,desconocido
11432.0,Maria Lopez,marialopez@yahoo.com,3115331151,CC,63660589,ACTIVO
,Maria Lopez,anamartinez@hotmail.com,3117730858,TI,23163583,SUSPENDIDO
,Maria Lopez,luisrojas@gmail.com,3001463823,CE,42116961,SUSPENDIDO
63910.0,Sofia Torres,carlosgomez@hotmail.com,abc123,CE,11760609,SUSPENDIDO
52704.0,Carlos Gomez,anamartinez@gmail.com,3005954211,CC,79725190,desconocido
33779.0,Carlos Gomez,carlosgomez@hotmail.com,abc123,CE,45544963,ACTIVO
37020.0,Ana Martinez,luisrojas@yahoo.com,abc123,CE,23748964,ACTIVO
77109.0,Sofia Torres,carlosgomez@hotmail.com,3116062769,TI,21426498,desconocido
17461.0,Carlos Gomez,marialopez@yahoo.com,abc123,CE,97961346,ACTIVO
80193.0,Sofia Torres,,3015571241,CC,89807724,INACTIVO
21149.0,Ana Martinez,,3006917130,TI,96489440,ACTIVO
2454.0,Juan Perez,marialopez@hotmail.com,abc123,TI,93548239,INACTIVO
47338.0,Juan Perez,,3028505023,CE,64813135,ACTIVO
5538.0,Juan Perez,sofiatorres@hotmail.com,3014742128,CE,,INACTIVO
,Ana Martinez,carlosgomez@gmail.com,3019967770,TI,83941669,ACTIVO
24019.0,Ana Martinez,marialopez@yahoo.com,abc123,CC,34544369,SUSPENDIDO
76872.0,Juan Perez,luisrojas@gmail.com,abc123,CC,66981111,SUSPENDIDO
1822.0,Carlos Gomez,anamartinez@gmail.com,3008884304,CE,,SUSPENDIDO
,Juan Perez,juanperez@yahoo.com,3113678139,CE,74042918,INACTIVO
44546.0,Luis Rojas,,3012365392,CC,21048690,ACTIVO
,Sofia Torres,marialopez@hotmail.com,3008660538,CE,12002784,ACTIVO
8748.0,Ana Martinez,carlosgomez@gmail.com,3025340693,TI,29807676,ACTIVO
64547.0,Maria Lopez,,3008589171,TI,53173843,INACTIVO
17163.0,Juan Perez,juanperez@gmail.com,3016524565,CE,,SUSPENDIDO
89236.0,Juan Perez,anamartinez@hotmail.com,3114884625,TI,85132114,INACTIVO
,Luis Rojas,sofiatorres@yahoo.com,3013039646,CE,80469151,ACTIVO
64333.0,Maria Lopez,anamartinez@hotmail.com,abc123,TI,89231694,INACTIVO
,Carlos Gomez,anamartinez@gmail.com,3005297294,TI,78374559,ACTIVO
60096.0,Sofia Torres,anamartinez@yahoo.com,abc123,CE,20144008,ACTIVO
,Carlos Gomez,carlosgomez@yahoo.com,3005978320,CC,84868784,INACTIVO
38344.0,Maria Lopez,luisrojas@yahoo.com,3102803825,CE,26295430,SUSPENDIDO
35008.0,Luis Rojas,anamartinez@hotmail.com,3016769635,TI,,INACTIVO
45828.0,Ana Martinez,,3006177956,CE,82405137,ACTIVO
860.0,Sofia Torres,luisrojas@gmail.com,3001771825,CE,61690804,ACTIVO
32666.0,Carlos Gomez,marialopez@gmail.com,3115296333,CE,41574709,desconocido
,Ana Martinez,sofiatorres@gmail.com,3011598441,TI,58180704,INACTIVO
27806.0,Carlos Gomez,marialopez@gmail.com,abc123,TI,38896635,SUSPENDIDO
,Luis Rojas,sofiatorres@hotmail.com,3116913761,CC,86239111,SUSPENDIDO
20863.0,Luis Rojas,sofiatorres@gmail.com,3027120748,TI,,INACTIVO
35534.0,Juan Perez,,3005076947,TI,12250874,ACTIVO
18350.0,Luis Rojas,,3118211070,TI,11198546,INACTIVO
10984.0,Juan Perez,anamartinez@gmail.com,abc123,TI,43807727,SUSPENDIDO
94661.0,Carlos Gomez,juanperez@yahoo.com,3005230729,CE,97943575,INACTIVO
83422.0,Ana Martinez,luisrojas@gmail.com,3105275362,TI,64324258,desconocido
57214.0,Carlos Gomez,,3028527528,CC,52967659,ACTIVO
408.0,Carlos Gomez,sofiatorres@hotmail.com,abc123,CC,96123269,SUSPENDIDO
,Maria Lopez,sofiatorres@gmail.com,3106357313,TI,73025226,SUSPENDIDO
79310.0,Sofia Torres,marialopez@hotmail.com,3028663164,CE,,INACTIVO
53896.0,Maria Lopez,luisrojas@yahoo.com,abc123,CC,23182164,INACTIVO
,Maria Lopez,luisrojas@yahoo.com,3114466551,CE,15914426,SUSPENDIDO
62292.0,Ana Martinez,sofiatorres@gmail.com,abc123,CC,28317723,INACTIVO
98787.0,Ana Martinez,luisrojas@hotmail.com,3117422106,CE,,ACTIVO
40682.0,Juan Perez,marialopez@yahoo.com,abc123,CC,62059602,SUSPENDIDO
,Maria Lopez,juanperez@hotmail.com,3015717300,TI,29972790,SUSPENDIDO
9709.0,Ana Martinez,juanperez@gmail.com,abc123,CC,93354854,SUSPENDIDO
67962.0,Luis Rojas,,3009326990,TI,70592472,ACTIVO
82026.0,Carlos Gomez,,3119486280,CC,42843544,ACTIVO
95766.0,Maria Lopez,carlosgomez@yahoo.com,abc123,TI,38956176,ACTIVO
13004.0,Luis Rojas,sofiatorres@gmail.com,3107531583,CE,,SUSPENDIDO
30595.0,Sofia Torres,luisrojas@hotmail.com,3119584367,CE,84597426,desconocido
68747.0,Juan Perez,juanperez@hotmail.com,3103037791,TI,64072281,SUSPENDIDO
20391.0,Ana Martinez,carlosgomez@gmail.com,3022587585,CE,15560443,INACTIVO
58442.0,Maria Lopez,marialopez@yahoo.com,3018726934,CE,,SUSPENDIDO
,Juan Perez,carlosgomez@hotmail.com,3016136198,CC,68821916,ACTIVO
50899.0,Sofia Torres,,3013754257,CE,41577964,ACTIVO
81179.0,Sofia Torres,juanperez@gmail.com,3027548618,CE,,SUSPENDIDO
383.0,Juan Perez,luisrojas@hotmail.com,3006028733,TI,,ACTIVO
70894.0,Maria Lopez,carlosgomez@gmail.com,3006113433,TI,90868065,desconocido
,Sofia Torres,anamartinez@gmail.com,3105015038,TI,41288456,SUSPENDIDO
61142.0,Maria Lopez,marialopez@yahoo.com,3024638316,CC,39059632,desconocido
65862.0,Sofia Torres,marialopez@hotmail.com,abc123,CC,54330278,SUSPENDIDO
76381.0,Maria Lopez,anamartinez@yahoo.com,3007296912,TI,60109279,INACTIVO
,Ana Martinez,juanperez@gmail.com,3117967932,CC,54691490,SUSPENDIDO
24733.0,Maria Lopez,marialopez@hotmail.com,abc123,TI,27143961,ACTIVO
28851.0,Ana Martinez,luisrojas@gmail.com,3109259139,TI,85398065,desconocido
48955.0,Luis Rojas,juanperez@hotmail.com,abc123,TI,12648081,INACTIVO
21028.0,Carlos Gomez,marialopez@yahoo.com,3011703797,TI,,ACTIVO
2343.0,Sofia Torres,carlosgomez@hotmail.com,3102230429,CC,,INACTIVO
47560.0,Juan Perez,carlosgomez@yahoo.com,3106550483,TI,,INACTIVO
70572.0,Juan Perez,anamartinez@gmail.com,3119239400,CC,,SUSPENDIDO
55185.0,Sofia Torres,,3002137579,CE,58551730,ACTIVO
74514.0,Carlos Gomez,anamartinez@gmail.com,3118605235,TI,95676529,desconocido
,Ana Martinez,sofiatorres@gmail.com,3029778724,TI,11568623,ACTIVO
76165.0,Sofia Torres,juanperez@gmail.com,3028265395,CE,43818958,ACTIVO
52998.0,Maria Lopez,luisrojas@hotmail.com,3013221322,TI,39500937,INACTIVO
50449.0,Maria Lopez,marialopez@yahoo.com,abc123,CC,56733383,ACTIVO
75607.0,Carlos Gomez,luisrojas@gmail.com,abc123,CC,46587633,INACTIVO
1010.0,Sofia Torres,,3118809854,CC,69487690,INACTIVO
3504.0,Maria Lopez,sofiatorres@gmail.com,abc123,CC,29795075,SUSPENDIDO
32723.0,Luis Rojas,,3102070489,TI,24656238,INACTIVO
23952.0,Ana Martinez,anamartinez@yahoo.com,3104829211,TI,,ACTIVO
,Luis Rojas,carlosgomez@yahoo.com,3025642263,CE,40947004,SUSPENDIDO
74081.0,Carlos Gomez,anamartinez@hotmail.com,3007669193,CE,21044209,SUSPENDIDO
2985.0,Maria Lopez,,3001323159,CE,20538757,ACTIVO
35270.0,Juan Perez,carlosgomez@hotmail.com,3007956119,CE,22374134,SUSPENDIDO
32965.0,Maria Lopez,juanperez@gmail.com,3014675265,CE,64512069,desconocido
52176.0,Ana Martinez,,3002074862,TI,49434861,ACTIVO
79161.0,Luis Rojas,marialopez@yahoo.com,3009280152,CC,,INACTIVO
68189.0,Carlos Gomez,anamartinez@hotmail.com,abc123,CC,45097581,SUSPENDIDO
27872.0,Maria Lopez,juanperez@yahoo.com,abc123,TI,42776985,ACTIVO
93538.0,Carlos Gomez,marialopez@yahoo.com,3112278939,TI,81966015,SUSPENDIDO
67482.0,Ana Martinez,sofiatorres@gmail.com,3027707713,TI,12257626,INACTIVO
,Maria Lopez,luisrojas@yahoo.com,3008910877,CC,96032669,ACTIVO
91835.0,Juan Perez,sofiatorres@gmail.com,3108511803,CE,,INACTIVO
23336.0,Sofia Torres,marialopez@gmail.com,3103686112,CE,66225378,desconocido
75350.0,Maria Lopez,,3109199755,CC,63481642,SUSPENDIDO
,Luis Rojas,sofiatorres@gmail.com,3028364502,CE,17384375,SUSPENDIDO
46477.0,Ana Martinez,,3007853374,CC,79088361,SUSPENDIDO
32576.0,Maria Lopez,,3004843055,CC,71476401,INACTIVO
79570.0,Carlos Gomez,,3028947695,CE,76764783,ACTIVO
89345.0,Carlos Gomez,anamartinez@gmail.com,3009549197,CE,20787374,desconocido
91657.0,Maria Lopez,,3018017571,TI,83920339,ACTIVO
18202.0,Carlos Gomez,,3101755893,CE,40035037,SUSPENDIDO
93344.0,Maria Lopez,sofiatorres@hotmail.com,3119999868,CE,,SUSPENDIDO
,Carlos Gomez,carlosgomez@yahoo.com,3029229924,CC,74413898,SUSPENDIDO
,Juan Perez,carlosgomez@yahoo.com,3004160415,CE,45917213,INACTIVO
92442.0,Ana Martinez,luisrojas@yahoo.com,3007738991,CE,39878583,INACTIVO
37300.0,Carlos Gomez,marialopez@hotmail.com,3014919175,CC,,SUSPENDIDO
,Juan Perez,anamartinez@hotmail.com,3026453255,TI,65466951,INACTIVO
50787.0,Juan Perez,luisrojas@yahoo.com,abc123,CE,97274363,ACTIVO
31951.0,Ana Martinez,carlosgomez@gmail.com,3105234656,CC,,ACTIVO
,Ana Martinez,carlosgomez@yahoo.com,3105653425,CE,77640981,INACTIVO
7904.0,Carlos Gomez,marialopez@gmail.com,abc123,TI,68230908,INACTIVO
27621.0,Juan Perez,,3005732640,CE,10193309,ACTIVO
,Luis Rojas,anamartinez@yahoo.com,3008885848,TI,33460225,SUSPENDIDO
33335.0,Ana Martinez,carlosgomez@hotmail.com,abc123,TI,96832789,INACTIVO
61312.0,Juan Perez,sofiatorres@hotmail.com,3004745592,CE,,ACTIVO
37996.0,Ana Martinez,juanperez@yahoo.com,abc123,CC,77261044,ACTIVO
84876.0,Maria Lopez,,3027433552,TI,96570723,SUSPENDIDO
23741.0,Sofia Torres,,3012718444,TI,34305965,ACTIVO
45479.0,Carlos Gomez,anamartinez@hotmail.com,3118806639,TI,,INACTIVO
460.0,Juan Perez,juanperez@gmail.com,3027235747,CE,,INACTIVO
3224.0,Juan Perez,,3019469694,CC,72805482,ACTIVO
,Sofia Torres,carlosgomez@hotmail.com,3106634702,CE,16784805,INACTIVO
,Sofia Torres,marialopez@yahoo.com,3004845802,CC,43163598,SUSPENDIDO
24112.0,Luis Rojas,,3101161238,CC,45831822,ACTIVO
56994.0,Sofia Torres,,3115084115,TI,70944365,SUSPENDIDO
32214.0,Ana Martinez,,3117797355,CE,29820649,ACTIVO
,Sofia Torres,carlosgomez@yahoo.com,3119148394,CC,75245474,SUSPENDIDO
1677.0,Ana Martinez,luisrojas@yahoo.com,3007221102,CE,40207398,desconocido
48394.0,Juan Perez,anamartinez@hotmail.com,3118305055,TI,,ACTIVO
83588.0,Luis Rojas,carlosgomez@hotmail.com,3002185052,CC,,ACTIVO
,Luis Rojas,sofiatorres@yahoo.com,3113675633,TI,50085294,INACTIVO
31285.0,Carlos Gomez,carlosgomez@hotmail.com,3001191751,CE,,INACTIVO
23449.0,Juan Perez,,3016057477,CE,10750448,ACTIVO
,Sofia Torres,sofiatorres@gmail.com,3102583544,CC,70545179,SUSPENDIDO
90118.0,Juan Perez,juanperez@yahoo.com,3008733208,TI,,INACTIVO
232.0,Maria Lopez,juanperez@gmail.com,abc123,CC,34002445,SUSPENDIDO
24273.0,Juan Perez,anamartinez@hotmail.com,abc123,TI,56398881,SUSPENDIDO
70839.0,Ana Martinez,carlosgomez@hotmail.com,3023563040,CE,83462854,INACTIVO
71513.0,Luis Rojas,carlosgomez@gmail.com,abc123,CC,84348761,INACTIVO
76740.0,Sofia Torres,,3112006503,TI,48484248,SUSPENDIDO
,Sofia Torres,luisrojas@yahoo.com,3105028724,CE,68109140,SUSPENDIDO
45871.0,Maria Lopez,,3006404799,CC,54309858,SUSPENDIDO
,Ana Martinez,juanperez@hotmail.com,3119911222,CE,39912477,ACTIVO
2120.0,Luis Rojas,,3018559250,TI,96022670,ACTIVO
,Ana Martinez,sofiatorres@gmail.com,3115055404,CC,37866265,ACTIVO
,Luis Rojas,juanperez@hotmail.com,3114076042,CE,85830521,INACTIVO
64915.0,Ana Martinez,carlosgomez@yahoo.com,3119590677,TI,,INACTIVO
20315.0,Maria Lopez,sofiatorres@yahoo.com,3024526530,CC,,SUSPENDIDO
74345.0,Maria Lopez,sofiatorres@yahoo.com,abc123,CE,15252210,INACTIVO
35596.0,Sofia Torres,,3012742582,CC,32384291,INACTIVO
20395.0,Luis Rojas,carlosgomez@gmail.com,3114154784,CE,,ACTIVO
13540.0,Maria Lopez,,3018404402,TI,76072265,ACTIVO
,Maria Lopez,carlosgomez@gmail.com,3006915298,CC,86856763,ACTIVO
11998.0,Carlos Gomez,luisrojas@hotmail.com,3015756361,CE,,SUSPENDIDO
54309.0,Carlos Gomez,anamartinez@gmail.com,3103009587,CC,,SUSPENDIDO
67070.0,Carlos Gomez,carlosgomez@hotmail.com,abc123,TI,78608445,INACTIVO
,Maria Lopez,anamartinez@hotmail.com,3109652686,CE,22991676,INACTIVO
49461.0,Sofia Torres,luisrojas@yahoo.com,3027554275,CC,38830160,INACTIVO
46259.0,Juan Perez,marialopez@yahoo.com,abc123,CC,81184291,ACTIVO
85905.0,Carlos Gomez,sofiatorres@yahoo.com,abc123,TI,75112186,SUSPENDIDO
,Sofia Torres,sofiatorres@hotmail.com,3019799813,CE,59218345,SUSPENDIDO
21810.0,Luis Rojas,marialopez@gmail.com,3028510516,CE,,ACTIVO
,Carlos Gomez,luisrojas@hotmail.com,3118293480,CC,23965589,INACTIVO
96702.0,Juan Perez,,3007113751,TI,58812061,INACTIVO
17702.0,Ana Martinez,sofiatorres@yahoo.com,abc123,CE,71390676,INACTIVO
43696.0,Sofia Torres,,3002081168,TI,42506360,SUSPENDIDO
95234.0,Sofia Torres,,3101805132,TI,32382658,INACTIVO
,Ana Martinez,carlosgomez@gmail.com,3115371621,CC,50680796,SUSPENDIDO
,Sofia Torres,sofiatorres@hotmail.com,3008264151,TI,91738244,ACTIVO
48435.0,Maria Lopez,anamartinez@hotmail.com,3119854847,TI,61451190,SUSPENDIDO
11282.0,Luis Rojas,carlosgomez@yahoo.com,abc123,CE,24935223,ACTIVO
,Carlos Gomez,marialopez@hotmail.com,3025136783,TI,40363888,INACTIVO
,Ana Martinez,juanperez@yahoo.com,3006688996,TI,95230628,INACTIVO
70884.0,Juan Perez,marialopez@gmail.com,3112153245,CC,,SUSPENDIDO
79502.0,Carlos Gomez,juanperez@hotmail.com,abc123,TI,31778284,SUSPENDIDO
,Sofia Torres,juanperez@hotmail.com,3119033306,TI,12830387,ACTIVO
42252.0,Carlos Gomez,marialopez@hotmail.com,abc123,CC,80384267,SUSPENDIDO
,Sofia Torres,luisrojas@hotmail.com,3008712809,CE,52192519,ACTIVO
47267.0,Juan Perez,carlosgomez@hotmail.com,3113272197,TI,,ACTIVO
2004.0,Sofia Torres,juanperez@gmail.com,abc123,TI,75737351,SUSPENDIDO
167.0,Sofia Torres,luisrojas@yahoo.com,abc123,CC,21809369,SUSPENDIDO
12407.0,Ana Martinez,,3105650315,TI,82436281,SUSPENDIDO
86470.0,Maria Lopez,sofiatorres@hotmail.com,3101613514,TI,78696340,desconocido
83483.0,Juan Perez,anamartinez@hotmail.com,3018689823,CE,,SUSPENDIDO
,Maria Lopez,marialopez@hotmail.com,3105678769,CE,76947905,INACTIVO
25578.0,Carlos Gomez,,3111739735,TI,22499866,SUSPENDIDO
25591.0,Maria Lopez,luisrojas@yahoo.com,3015837609,CC,63152470,ACTIVO
11826.0,Maria Lopez,marialopez@gmail.com,3018762524,CE,,ACTIVO
83929.0,Ana Martinez,sofiatorres@yahoo.com,3007386181,TI,,ACTIVO
71291.0,Sofia Torres,juanperez@hotmail.com,3118445265,CE,37463621,desconocido
,Ana Martinez,luisrojas@hotmail.com,3024211494,TI,12419639,ACTIVO
,Juan Perez,sofiatorres@gmail.com,3021741915,CC,95718262,INACTIVO
,Juan Perez,luisrojas@yahoo.com,3006516638,TI,98497106,INACTIVO
,Sofia Torres,marialopez@gmail.com,3115031987,CE,32016278,ACTIVO
97112.0,Sofia Torres,,3009898210,CC,66423025,ACTIVO
,Maria Lopez,anamartinez@gmail.com,3025641577,TI,76327377,SUSPENDIDO
97786.0,Sofia Torres,carlosgomez@yahoo.com,3117167165,CC,,SUSPENDIDO
98491.0,Sofia Torres,marialopez@gmail.com,3006051758,TI,,ACTIVO
,Ana Martinez,sofiatorres@gmail.com,3112355801,CE,79007038,SUSPENDIDO
,Maria Lopez,marialopez@gmail.com,3017008688,CC,40678673,SUSPENDIDO
32038.0,Ana Martinez,luisrojas@gmail.com,abc123,TI,45491538,SUSPENDIDO
58808.0,Sofia Torres,sofiatorres@gmail.com,abc123,CE,36051051,SUSPENDIDO
,Ana Martinez,anamartinez@yahoo.com,3016779941,CC,37156463,ACTIVO
,Juan Perez,carlosgomez@gmail.com,3117758150,TI,41526857,ACTIVO
56352.0,Ana Martinez,,3012202392,CC,10773612,INACTIVO
17404.0,Ana Martinez,marialopez@yahoo.com,3102838917,CC,,SUSPENDIDO
31057.0,Maria Lopez,marialopez@yahoo.com,3022860945,CE,,ACTIVO
21873.0,Carlos Gomez,juanperez@yahoo.com,abc123,CC,19697519,SUSPENDIDO
83074.0,Maria Lopez,marialopez@yahoo.com,3029685594,CE,94327684,SUSPENDIDO
10802.0,Luis Rojas,,3105788505,CC,49488920,ACTIVO
921.0,Luis Rojas,luisrojas@yahoo.com,abc123,TI,88948283,INACTIVO
,Luis Rojas,marialopez@gmail.com,3029789631,CE,56300056,ACTIVO
86389.0,Juan Perez,carlosgomez@hotmail.com,3013127804,CC,,INACTIVO
81162.0,Carlos Gomez,juanperez@hotmail.com,3114159732,CE,84767544,SUSPENDIDO
76174.0,Luis Rojas,carlosgomez@gmail.com,abc123,CE,93973649,ACTIVO
63534.0,Juan Perez,carlosgomez@hotmail.com,3109855609,TI,,SUSPENDIDO
53711.0,Juan Perez,juanperez@hotmail.com,3111100380,CC,,SUSPENDIDO
28910.0,Ana Martinez,marialopez@hotmail.com,3119481619,CE,85824067,desconocido
50448.0,Ana Martinez,,3119318109,CE,64394880,SUSPENDIDO
98214.0,Juan Perez,anamartinez@gmail.com,abc123,CC,48405563,ACTIVO
5774.0,Carlos Gomez,carlosgomez@gmail.com,3001243800,CC,61262953,desconocido
,Maria Lopez,anamartinez@yahoo.com,3003778342,CE,22772016,ACTIVO
18760.0,Maria Lopez,juanperez@gmail.com,abc123,TI,29898339,SUSPENDIDO
19652.0,Ana Martinez,anamartinez@hotmail.com,3117318091,CE,,ACTIVO
74026.0,Luis Rojas,luisrojas@gmail.com,abc123,CC,62600173,SUSPENDIDO
6659.0,Ana Martinez,marialopez@gmail.com,3008522715,CE,66616228,desconocido
,Maria Lopez,marialopez@yahoo.com,3112002172,TI,97958021,ACTIVO
,Ana Martinez,sofiatorres@yahoo.com,3107722785,CE,62530832,SUSPENDIDO
95245.0,Maria Lopez,carlosgomez@hotmail.com,3103552314,CE,,INACTIVO
61746.0,Ana Martinez,anamartinez@yahoo.com,abc123,TI,86481900,ACTIVO
87722.0,Carlos Gomez,,3112297019,CE,47362939,SUSPENDIDO
94998.0,Ana Martinez,carlosgomez@yahoo.com,3104147713,TI,27866309,desconocido
,Luis Rojas,sofiatorres@yahoo.com,3005085266,TI,58417807,INACTIVO
29269.0,Luis Rojas,juanperez@hotmail.com,abc123,TI,79940523,ACTIVO
,Ana Martinez,marialopez@yahoo.com,3008662824,CC,54321977,SUSPENDIDO
38529.0,Luis Rojas,,3114368835,TI,99403903,SUSPENDIDO
70194.0,Sofia Torres,,3005034499,CE,12612220,ACTIVO
48692.0,Juan Perez,,3021310168,TI,13295777,INACTIVO
30995.0,Maria Lopez,,3018988322,CC,45547145,ACTIVO
39854.0,Ana Martinez,anamartinez@yahoo.com,3007440091,CE,,ACTIVO
93258.0,Juan Perez,juanperez@yahoo.com,3026097487,CE,,INACTIVO
52199.0,Carlos Gomez,marialopez@gmail.com,abc123,CC,51722029,SUSPENDIDO
85423.0,Juan Perez,,3002054628,CE,33943812,SUSPENDIDO
31019.0,Juan Perez,carlosgomez@gmail.com,3113983483,CE,51756283,SUSPENDIDO
,Maria Lopez,anamartinez@gmail.com,3114729558,CE,11311530,ACTIVO
,Juan Perez,anamartinez@gmail.com,3111435974,TI,16608537,SUSPENDIDO
52789.0,Sofia Torres,carlosgomez@gmail.com,abc123,CE,58359095,SUSPENDIDO
62926.0,Maria Lopez,marialopez@gmail.com,3024343316,CE,,INACTIVO
81063.0,Sofia Torres,marialopez@gmail.com,3102701856,CE,48915260,INACTIVO
46432.0,Ana Martinez,luisrojas@hotmail.com,abc123,CE,98243295,SUSPENDIDO
70820.0,Juan Perez,,3006359820,CE,28229261,ACTIVO
51354.0,Juan Perez,marialopez@hotmail.com,3113155177,CC,59230766,ACTIVO
72564.0,Sofia Torres,carlosgomez@yahoo.com,3115323772,CE,48643939,ACTIVO
60111.0,Maria Lopez,juanperez@gmail.com,3114511260,CC,72787029,desconocido
23838.0,Ana Martinez,sofiatorres@gmail.com,3015414243,TI,24055281,desconocido
79621.0,Maria Lopez,anamartinez@yahoo.com,abc123,CE,95999953,ACTIVO
,Carlos Gomez,carlosgomez@hotmail.com,3029258167,TI,36332333,ACTIVO
9806.0,Luis Rojas,marialopez@yahoo.com,abc123,CC,96143908,INACTIVO
7553.0,Juan Perez,,3009639421,CC,22813671,SUSPENDIDO
27165.0,Carlos Gomez,sofiatorres@yahoo.com,3018476432,CC,,INACTIVO
20886.0,Maria Lopez,,3011282819,CC,79768299,ACTIVO
34074.0,Sofia Torres,,3001723848,TI,69286170,INACTIVO
36186.0,Carlos Gomez,sofiatorres@yahoo.com,3027591669,CE,17792256,desconocido
14172.0,Luis Rojas,marialopez@yahoo.com,abc123,CC,57101768,INACTIVO
14277.0,Juan Perez,,3008106568,CE,31858302,INACTIVO
,Sofia Torres,carlosgomez@yahoo.com,3012841991,TI,32871702,SUSPENDIDO
,Juan Perez,luisrojas@hotmail.com,3119641568,CC,51015022,INACTIVO
15213.0,Ana Martinez,,3021914253,CE,18434793,INACTIVO
36814.0,Carlos Gomez,luisrojas@gmail.com,3111456626,CE,86216940,SUSPENDIDO
2132.0,Sofia Torres,anamartinez@gmail.com,3022517648,CC,,ACTIVO
16518.0,Sofia Torres,juanperez@gmail.com,3003075153,CE,44253218,SUSPENDIDO
99618.0,Juan Perez,,3017163602,CC,73093305,ACTIVO
53061.0,Luis Rojas,anamartinez@gmail.com,3013366674,CE,97026830,desconocido
28.0,Luis Rojas,sofiatorres@hotmail.com,3025667228,TI,,SUSPENDIDO
77346.0,Sofia Torres,marialopez@yahoo.com,abc123,CC,18637295,ACTIVO
,Maria Lopez,anamartinez@yahoo.com,3107734931,TI,49740527,ACTIVO
,Ana Martinez,anamartinez@hotmail.com,3029778778,CC,44550362,SUSPENDIDO
14985.0,Carlos Gomez,sofiatorres@gmail.com,abc123,CC,61600910,ACTIVO
52246.0,Carlos Gomez,luisrojas@yahoo.com,3011048530,TI,,ACTIVO
32273.0,Ana Martinez,anamartinez@gmail.com,3109775248,CC,,INACTIVO
40938.0,Juan Perez,luisrojas@gmail.com,3112489258,CC,35475176,desconocido
8087.0,Carlos Gomez,anamartinez@yahoo.com,abc123,TI,73653820,ACTIVO
,Luis Rojas,marialopez@yahoo.com,3002384167,CC,92280339,SUSPENDIDO
13008.0,Maria Lopez,sofiatorres@gmail.com,3111675982,CC,70547284,ACTIVO
60965.0,Maria Lopez,sofiatorres@hotmail.com,3025412797,TI,,INACTIVO
14225.0,Carlos Gomez,sofiatorres@yahoo.com,3002310148,TI,,SUSPENDIDO
90985.0,Juan Perez,,3117622280,CE,80437790,ACTIVO
,Carlos Gomez,sofiatorres@hotmail.com,3015494859,CE,89377464,SUSPENDIDO
12356.0,Sofia Torres,sofiatorres@gmail.com,3018230206,TI,,ACTIVO
1596.0,Maria Lopez,carlosgomez@yahoo.com,3025653103,CE,,ACTIVO
7294.0,Juan Perez,juanperez@yahoo.com,3016002286,TI,,ACTIVO
74494.0,Carlos Gomez,sofiatorres@gmail.com,3109368092,TI,,INACTIVO
12249.0,Juan Perez,juanperez@yahoo.com,3008403444,CC,,ACTIVO
41343.0,Sofia Torres,,3026488762,CE,62893381,INACTIVO
92519.0,Luis Rojas,juanperez@hotmail.com,abc123,CC,13200817,SUSPENDIDO
60189.0,Carlos Gomez,,3028546161,CE,53499020,INACTIVO
25826.0,Luis Rojas,luisrojas@yahoo.com,3119728178,CE,,INACTIVO
21396.0,Luis Rojas,juanperez@hotmail.com,3011752564,CE,37391822,SUSPENDIDO
37264.0,Sofia Torres,carlosgomez@gmail.com,3026555298,CC,98885557,SUSPENDIDO
75421.0,Maria Lopez,,3021182001,CC,28565157,INACTIVO
98972.0,Luis Rojas,juanperez@yahoo.com,3018697690,CE,11721985,SUSPENDIDO
11904.0,Carlos Gomez,marialopez@hotmail.com,3104563785,TI,10506374,desconocido
46353.0,Ana Martinez,,3017907468,CE,18734995,ACTIVO
7618.0,Sofia Torres,carlosgomez@hotmail.com,3114046345,CC,,INACTIVO
48416.0,Sofia Torres,,3004588938,TI,48442833,INACTIVO
,Carlos Gomez,marialopez@gmail.com,3029686393,CE,12071582,INACTIVO
38300.0,Luis Rojas,anamartinez@gmail.com,abc123,CE,35690847,INACTIVO
67187.0,Ana Martinez,sofiatorres@gmail.com,3026634622,TI,,SUSPENDIDO
18560.0,Maria Lopez,carlosgomez@yahoo.com,3017134754,TI,17409906,desconocido
,Luis Rojas,anamartinez@yahoo.com,3003485159,TI,97834623,INACTIVO
58159.0,Sofia Torres,,3101655026,TI,24276834,ACTIVO
,Juan Perez,sofiatorres@gmail.com,3104197628,CE,46133283,INACTIVO
19039.0,Carlos Gomez,carlosgomez@gmail.com,3002899073,CC,57339458,INACTIVO
63645.0,Sofia Torres,sofiatorres@gmail.com,3008100417,CE,17728541,desconocido
964.0,Maria Lopez,carlosgomez@hotmail.com,abc123,CC,26950691,ACTIVO
11761.0,Sofia Torres,sofiatorres@gmail.com,abc123,TI,10840987,ACTIVO
91190.0,Ana Martinez,sofiatorres@gmail.com,3019567396,CE,,INACTIVO
6350.0,Sofia Torres,marialopez@gmail.com,abc123,TI,33979422,INACTIVO
,Ana Martinez,anamartinez@yahoo.com,3116629194,CE,59270856,ACTIVO
91990.0,Ana Martinez,juanperez@gmail.com,3002013225,CC,,ACTIVO
50627.0,Luis Rojas,carlosgomez@hotmail.com,3102208042,CC,37755969,desconocido
76245.0,Sofia Torres,sofiatorres@hotmail.com,3022907652,TI,,INACTIVO
76092.0,Maria Lopez,juanperez@yahoo.com,abc123,CC,34126686,ACTIVO
48796.0,Sofia Torres,anamartinez@hotmail.com,abc123,TI,58498561,INACTIVO
,Carlos Gomez,sofiatorres@hotmail.com,3118677830,CE,73999509,SUSPENDIDO
,Ana Martinez,carlosgomez@hotmail.com,3007226644,CE,16050711,SUSPENDIDO
2534.0,Carlos Gomez,juanperez@hotmail.com,3009751481,TI,,INACTIVO
16621.0,Carlos Gomez,marialopez@hotmail.com,3101354080,CC,,INACTIVO
71224.0,Luis Rojas,,3021755204,CC,19301580,INACTIVO
38195.0,Sofia Torres,carlosgomez@gmail.com,3021564190,TI,62531630,ACTIVO
,Juan Perez,anamartinez@hotmail.com,3114035007,CC,10490876,ACTIVO
99785.0,Carlos Gomez,marialopez@hotmail.com,3112288241,CC,,SUSPENDIDO
26556.0,Maria Lopez,marialopez@gmail.com,3002398192,CC,,INACTIVO
81341.0,Ana Martinez,,3025804704,CE,71523846,ACTIVO
37075.0,Maria Lopez,luisrojas@hotmail.com,3116898252,TI,,INACTIVO
,Maria Lopez,anamartinez@gmail.com,3004141889,TI,73886208,INACTIVO
,Sofia Torres,marialopez@gmail.com,3017274191,TI,89376892,INACTIVO
97903.0,Sofia Torres,luisrojas@hotmail.com,3007967011,CC,21656394,desconocido
71124.0,Juan Perez,carlosgomez@hotmail.com,3022080303,CE,,INACTIVO
3381.0,Juan Perez,anamartinez@gmail.com,abc123,TI,12138287,SUSPENDIDO
36008.0,Sofia Torres,luisrojas@yahoo.com,abc123,CE,13844216,INACTIVO
,Maria Lopez,carlosgomez@hotmail.com,3022297792,TI,63050481,ACTIVO
5854.0,Ana Martinez,marialopez@gmail.com,3105596788,TI,45397784,INACTIVO
23141.0,Luis Rojas,luisrojas@hotmail.com,3012645309,CC,87868367,desconocido
35690.0,Ana Martinez,sofiatorres@hotmail.com,3112416666,CC,,INACTIVO
,Juan Perez,carlosgomez@gmail.com,3001180105,CE,87897237,ACTIVO
18041.0,Maria Lopez,juanperez@yahoo.com,abc123,CC,85491314,INACTIVO
46877.0,Luis Rojas,,3017395645,CE,88783143,INACTIVO
36339.0,Ana Martinez,luisrojas@hotmail.com,3015547761,CE,,SUSPENDIDO
97236.0,Juan Perez,,3109694854,TI,27548148,SUSPENDIDO
27013.0,Ana Martinez,,3019601384,CE,55843535,ACTIVO
97876.0,Juan Perez,,3114988955,CC,73388878,SUSPENDIDO
87846.0,Luis Rojas,luisrojas@yahoo.com,3025174998,CC,51081621,desconocido
73011.0,Maria Lopez,luisrojas@gmail.com,3018094909,CC,39784963,desconocido
70203.0,Carlos Gomez,,3116460857,CE,50529117,SUSPENDIDO
27076.0,Carlos Gomez,juanperez@yahoo.com,abc123,CE,96221808,ACTIVO
41641.0,Sofia Torres,marialopez@yahoo.com,3107184148,CC,,INACTIVO
5726.0,Maria Lopez,sofiatorres@hotmail.com,3026115934,TI,52425266,desconocido
5123.0,Luis Rojas,anamartinez@gmail.com,3011587910,CE,,SUSPENDIDO
76428.0,Sofia Torres,,3106042842,CC,86445494,INACTIVO
12919.0,Maria Lopez,,3118862674,TI,21730802,ACTIVO
77648.0,Sofia Torres,luisrojas@gmail.com,abc123,CE,21270995,INACTIVO
,Ana Martinez,marialopez@gmail.com,3005267649,TI,57904366,INACTIVO
94264.0,Maria Lopez,juanperez@hotmail.com,3108378555,CC,74865667,SUSPENDIDO
46497.0,Sofia Torres,marialopez@yahoo.com,3012705381,CC,10286773,desconocido
81848.0,Juan Perez,juanperez@hotmail.com,abc123,TI,41993048,SUSPENDIDO
67050.0,Maria Lopez,luisrojas@gmail.com,3103067716,CE,,ACTIVO
14242.0,Ana Martinez,carlosgomez@hotmail.com,abc123,CE,48020073,ACTIVO
95129.0,Luis Rojas,anamartinez@hotmail.com,3005561168,TI,84368088,desconocido
35782.0,Carlos Gomez,,3016109613,CE,53112299,INACTIVO
88127.0,Ana Martinez,anamartinez@yahoo.com,3011811378,CC,13457528,INACTIVO
,Carlos Gomez,anamartinez@yahoo.com,3114486234,CC,84589244,SUSPENDIDO
,Juan Perez,juanperez@yahoo.com,3018593234,CC,88274581,ACTIVO
81099.0,Carlos Gomez,marialopez@yahoo.com,3113206752,CE,26096678,desconocido
97394.0,Maria Lopez,luisrojas@hotmail.com,3027606355,TI,,ACTIVO
41107.0,Luis Rojas,,3004321654,TI,78630422,SUSPENDIDO
,Sofia Torres,anamartinez@yahoo.com,3103540735,TI,63839192,SUSPENDIDO
57162.0,Luis Rojas,carlosgomez@yahoo.com,3114723596,CC,,INACTIVO
66619.0,Juan Perez,,3012477089,CE,90325651,INACTIVO
52720.0,Luis Rojas,sofiatorres@gmail.com,3004195805,CC,81227124,INACTIVO
89370.0,Maria Lopez,juanperez@gmail.com,abc123,CC,31448468,SUSPENDIDO
79737.0,Luis Rojas,sofiatorres@hotmail.com,3003157686,CC,63916930,desconocido
2294.0,Ana Martinez,,3106983377,TI,87341940,INACTIVO
57845.0,Sofia Torres,carlosgomez@yahoo.com,3016582475,CC,,SUSPENDIDO
592.0,Luis Rojas,,3021599505,CC,15973832,ACTIVO
45174.0,Luis Rojas,,3018878992,TI,62563017,SUSPENDIDO
39743.0,Luis Rojas,anamartinez@gmail.com,3002899593,CC,43345096,desconocido
77921.0,Sofia Torres,sofiatorres@gmail.com,3118468783,CE,16257455,desconocido
85180.0,Ana Martinez,,3108738384,CE,96965598,ACTIVO
84650.0,Carlos Gomez,,3118104919,TI,13978468,SUSPENDIDO
4412.0,Luis Rojas,luisrojas@hotmail.com,3116243216,CC,76582409,ACTIVO
16806.0,Luis Rojas,juanperez@yahoo.com,3011675141,CE,39937773,desconocido
80456.0,Carlos Gomez,,3026621417,CC,46325019,INACTIVO
52884.0,Sofia Torres,sofiatorres@hotmail.com,abc123,CE,86599009,SUSPENDIDO
14434.0,Luis Rojas,marialopez@hotmail.com,3001321446,CC,47905204,ACTIVO
44555.0,Maria Lopez,anamartinez@gmail.com,3115476848,TI,,ACTIVO
28974.0,Juan Perez,,3028624987,CE,48739905,ACTIVO
3010.0,Juan Perez,carlosgomez@gmail.com,3026475137,CE,,ACTIVO
20345.0,Ana Martinez,,3119362489,TI,25198462,SUSPENDIDO
99249.0,Luis Rojas,anamartinez@hotmail.com,abc123,CC,34983029,SUSPENDIDO
89395.0,Carlos Gomez,anamartinez@hotmail.com,abc123,TI,59612077,SUSPENDIDO
2107.0,Luis Rojas,,3017315180,CE,45257275,INACTIVO
73492.0,Luis Rojas,sofiatorres@gmail.com,abc123,CC,61143309,INACTIVO
,Carlos Gomez,sofiatorres@hotmail.com,3111887208,CC,64861963,SUSPENDIDO
84110.0,Sofia Torres,sofiatorres@hotmail.com,3116167930,CE,84172456,SUSPENDIDO
52000.0,Ana Martinez,marialopez@hotmail.com,abc123,CE,84066182,ACTIVO
,Maria Lopez,marialopez@hotmail.com,3015277119,CE,63434140,ACTIVO
,Juan Perez,juanperez@yahoo.com,3009977411,CE,60616265,SUSPENDIDO
,Carlos Gomez,sofiatorres@gmail.com,3012160888,TI,16585109,ACTIVO
16816.0,Ana Martinez,sofiatorres@hotmail.com,3005730869,TI,,ACTIVO
92830.0,Carlos Gomez,luisrojas@hotmail.com,3108304669,TI,57852889,desconocido
30293.0,Luis Rojas,,3103762716,CE,67113776,ACTIVO
9006.0,Carlos Gomez,,3026331664,CC,48669364,ACTIVO
71785.0,Sofia Torres,anamartinez@yahoo.com,abc123,TI,19996343,SUSPENDIDO
29692.0,Juan Perez,marialopez@gmail.com,3025258814,CE,,INACTIVO
,Juan Perez,luisrojas@hotmail.com,3116332576,CC,52737953,SUSPENDIDO
47890.0,Luis Rojas,carlosgomez@yahoo.com,abc123,CE,39031331,SUSPENDIDO
,Carlos Gomez,luisrojas@gmail.com,3111026876,TI,57962653,ACTIVO
18550.0,Carlos Gomez,juanperez@gmail.com,3109084628,CE,57728809,desconocido
61294.0,Maria Lopez,anamartinez@hotmail.com,abc123,TI,31049395,ACTIVO
8145.0,Juan Perez,luisrojas@gmail.com,abc123,CC,29775363,INACTIVO
28456.0,Sofia Torres,carlosgomez@hotmail.com,3004690818,TI,50823710,desconocido
34123.0,Luis Rojas,luisrojas@hotmail.com,3005309243,CE,19510240,desconocido
315.0,Ana Martinez,,3108833571,CE,91699228,SUSPENDIDO
46937.0,Luis Rojas,,3001382392,TI,74489114,SUSPENDIDO
,Luis Rojas,marialopez@gmail.com,3115729789,CE,22606478,ACTIVO
87802.0,Juan Perez,luisrojas@gmail.com,3119752541,TI,73341863,SUSPENDIDO
93271.0,Luis Rojas,,3115235880,CE,45486337,INACTIVO
54838.0,Ana Martinez,,3006844483,CC,55495838,ACTIVO
97438.0,Juan Perez,luisrojas@gmail.com,3118154514,CC,26018799,INACTIVO
66543.0,Carlos Gomez,anamartinez@hotmail.com,abc123,TI,93704082,SUSPENDIDO
95963.0,Maria Lopez,luisrojas@gmail.com,abc123,CC,73618014,SUSPENDIDO
819.0,Carlos Gomez,juanperez@gmail.com,3114448894,TI,,ACTIVO
,Ana Martinez,luisrojas@hotmail.com,3009495197,CC,52954767,ACTIVO
60244.0,Maria Lopez,,3101170951,CE,80781055,ACTIVO
69966.0,Carlos Gomez,marialopez@gmail.com,3109310204,CE,23373952,desconocido
,Juan Perez,anamartinez@yahoo.com,3008432381,CC,72324618,SUSPENDIDO
76218.0,Ana Martinez,sofiatorres@gmail.com,3102387512,CE,91307514,desconocido
99854.0,Ana Martinez,,3005867384,CE,13713036,INACTIVO
3285.0,Carlos Gomez,carlosgomez@yahoo.com,3029357466,CE,30263557,SUSPENDIDO
35825.0,Ana Martinez,juanperez@yahoo.com,3109338523,CE,14115697,SUSPENDIDO
11089.0,Maria Lopez,anamartinez@yahoo.com,3013520927,CC,84448866,desconocido
90222.0,Carlos Gomez,sofiatorres@yahoo.com,abc123,CE,56395117,INACTIVO
43680.0,Luis Rojas,,3018326254,CC,73629616,INACTIVO
32429.0,Sofia Torres,anamartinez@gmail.com,abc123,CC,40230375,SUSPENDIDO
55406.0,Sofia Torres,carlosgomez@yahoo.com,abc123,CE,16799300,ACTIVO
61279.0,Sofia Torres,luisrojas@gmail.com,abc123,TI,33821392,ACTIVO
77041.0,Maria Lopez,anamartinez@yahoo.com,abc123,TI,52026590,INACTIVO
70238.0,Carlos Gomez,juanperez@hotmail.com,abc123,CC,67872965,INACTIVO
4888.0,Luis Rojas,,3104529798,TI,27850481,SUSPENDIDO
,Juan Perez,juanperez@hotmail.com,3015028680,CC,73027348,INACTIVO
66767.0,Sofia Torres,carlosgomez@yahoo.com,3102358147,TI,,INACTIVO
5260.0,Carlos Gomez,luisrojas@gmail.com,abc123,CC,67587937,ACTIVO
17088.0,Sofia Torres,luisrojas@gmail.com,3025418465,TI,61747498,INACTIVO
84001.0,Carlos Gomez,sofiatorres@hotmail.com,3026368566,CC,,INACTIVO
43692.0,Maria Lopez,carlosgomez@hotmail.com,abc123,CC,43467584,ACTIVO
,Luis Rojas,sofiatorres@hotmail.com,3025202642,CC,16138329,ACTIVO
,Maria Lopez,luisrojas@yahoo.com,3023424384,CC,94133545,ACTIVO
53007.0,Sofia Torres,,3021623578,TI,22320154,INACTIVO
,Maria Lopez,marialopez@hotmail.com,3012035749,TI,48099541,SUSPENDIDO
55080.0,Maria Lopez,luisrojas@yahoo.com,3104159639,CE,78037698,desconocido
45034.0,Carlos Gomez,carlosgomez@gmail.com,3007849420,CC,59614116,desconocido
94600.0,Ana Martinez,marialopez@yahoo.com,3015911389,CC,64689902,ACTIVO
,Sofia Torres,marialopez@yahoo.com,3008464131,CC,55377746,SUSPENDIDO
19495.0,Ana Martinez,sofiatorres@yahoo.com,3012517920,CE,,INACTIVO
,Ana Martinez,anamartinez@hotmail.com,3026848631,CC,37872861,ACTIVO
93004.0,Maria Lopez,anamartinez@hotmail.com,3119850197,CE,53318435,desconocido
26146.0,Luis Rojas,luisrojas@yahoo.com,3029742856,CE,62358186,desconocido
,Sofia Torres,luisrojas@yahoo.com,3009203081,CE,27411206,SUSPENDIDO
90657.0,Luis Rojas,,3021636182,TI,45809773,INACTIVO
29747.0,Juan Perez,anamartinez@hotmail.com,3019277081,CC,,INACTIVO
85303.0,Ana Martinez,marialopez@gmail.com,3021707470,CE,,SUSPENDIDO
,Carlos Gomez,juanperez@yahoo.com,3104621053,CC,20576739,ACTIVO
41800.0,Carlos Gomez,,3113993197,TI,94551679,INACTIVO
,Ana Martinez,sofiatorres@yahoo.com,3103556093,TI,43586611,ACTIVO
88389.0,Ana Martinez,marialopez@hotmail.com,abc123,TI,18954303,ACTIVO
62271.0,Carlos Gomez,anamartinez@hotmail.com,abc123,TI,87005651,SUSPENDIDO
,Ana Martinez,luisrojas@yahoo.com,3104525433,TI,27936429,SUSPENDIDO
857.0,Luis Rojas,luisrojas@yahoo.com,3012230315,CE,,SUSPENDIDO
88268.0,Carlos Gomez,sofiatorres@yahoo.com,3114864769,TI,48934720,desconocido
87862.0,Carlos Gomez,sofiatorres@gmail.com,3102702378,CC,37905944,desconocido
17463.0,Sofia Torres,,3026287816,CC,33328702,SUSPENDIDO
,Maria Lopez,juanperez@hotmail.com,3026324278,CE,88216430,ACTIVO
34500.0,Sofia Torres,juanperez@gmail.com,abc123,CE,13939135,SUSPENDIDO
17861.0,Sofia Torres,anamartinez@yahoo.com,3023842025,TI,,SUSPENDIDO
19392.0,Maria Lopez,marialopez@gmail.com,abc123,TI,56777687,INACTIVO
,Luis Rojas,luisrojas@yahoo.com,3112212720,CE,69493745,SUSPENDIDO
18616.0,Sofia Torres,,3021806008,CC,15925327,ACTIVO
59322.0,Carlos Gomez,anamartinez@yahoo.com,abc123,TI,61427439,ACTIVO
,Ana Martinez,juanperez@yahoo.com,3004905237,CC,98013991,SUSPENDIDO
,Maria Lopez,carlosgomez@yahoo.com,3117975016,TI,99820653,ACTIVO
64978.0,Juan Perez,,3005565351,TI,84509790,SUSPENDIDO
14583.0,Ana Martinez,sofiatorres@yahoo.com,abc123,CC,10265777,ACTIVO
98620.0,Carlos Gomez,marialopez@gmail.com,abc123,CC,91132307,SUSPENDIDO
5159.0,Ana Martinez,,3013494085,CE,76001026,SUSPENDIDO
12831.0,Ana Martinez,sofiatorres@gmail.com,3029127259,TI,,INACTIVO
51040.0,Sofia Torres,,3113182177,CC,76612500,INACTIVO
93859.0,Maria Lopez,,3111684813,CC,38104273,SUSPENDIDO
86010.0,Carlos Gomez,juanperez@hotmail.com,abc123,TI,53119775,ACTIVO
,Carlos Gomez,sofiatorres@yahoo.com,3018186420,CE,65593552,ACTIVO
22028.0,Juan Perez,carlosgomez@gmail.com,3118961160,TI,,SUSPENDIDO
55242.0,Ana Martinez,carlosgomez@gmail.com,3109576425,CE,,INACTIVO
,Luis Rojas,carlosgomez@hotmail.com,3112238656,CC,49181308,INACTIVO
,Ana Martinez,sofiatorres@gmail.com,3008304355,TI,35802991,SUSPENDIDO
,Ana Martinez,carlosgomez@hotmail.com,3004571200,TI,82660942,INACTIVO
70589.0,Carlos Gomez,sofiatorres@gmail.com,3108587400,TI,,INACTIVO
8819.0,Carlos Gomez,marialopez@gmail.com,3117551850,CE,,ACTIVO
21485.0,Juan Perez,carlosgomez@hotmail.com,3118712960,CE,,INACTIVO
77564.0,Juan Perez,sofiatorres@hotmail.com,3022452576,CE,,SUSPENDIDO
64812.0,Ana Martinez,,3111147269,CC,36991824,INACTIVO
12043.0,Maria Lopez,,3003527771,TI,35845385,SUSPENDIDO
86417.0,Maria Lopez,juanperez@gmail.com,abc123,CC,21523914,ACTIVO
79037.0,Carlos Gomez,carlosgomez@yahoo.com,3011993728,CC,26880221,desconocido
51526.0,Carlos Gomez,carlosgomez@yahoo.com,3111569426,TI,35264761,SUSPENDIDO
41586.0,Luis Rojas,,3104898193,TI,80107901,INACTIVO
1673.0,Sofia Torres,sofiatorres@hotmail.com,abc123,TI,89549959,INACTIVO
,Ana Martinez,carlosgomez@hotmail.com,3027434464,CC,22379695,SUSPENDIDO
,Maria Lopez,juanperez@yahoo.com,3021962551,TI,59320135,SUSPENDIDO
405.0,Juan Perez,anamartinez@yahoo.com,3115310878,CE,,SUSPENDIDO
33899.0,Carlos Gomez,juanperez@gmail.com,abc123,TI,34111258,ACTIVO
22134.0,Ana Martinez,anamartinez@gmail.com,3101992373,CE,50952351,desconocido
74823.0,Luis Rojas,sofiatorres@hotmail.com,abc123,CE,26010144,INACTIVO
17762.0,Juan Perez,juanperez@gmail.com,3113145955,CC,,SUSPENDIDO
25526.0,Ana Martinez,anamartinez@yahoo.com,abc123,CE,33068921,SUSPENDIDO
54918.0,Maria Lopez,marialopez@yahoo.com,3116509547,CE,57967357,desconocido
90887.0,Maria Lopez,carlosgomez@hotmail.com,3114076121,CE,40782692,desconocido
,Sofia Torres,sofiatorres@yahoo.com,3116957155,CE,65406524,ACTIVO
,Sofia Torres,sofiatorres@yahoo.com,3102606287,TI,22010020,SUSPENDIDO
76766.0,Carlos Gomez,,3108418549,CE,13019989,ACTIVO
75405.0,Carlos Gomez,,3011402665,TI,61874394,ACTIVO
34959.0,Luis Rojas,marialopez@hotmail.com,abc123,CE,99030750,ACTIVO
47857.0,Luis Rojas,,3108929326,CC,94640869,SUSPENDIDO
77733.0,Ana Martinez,juanperez@gmail.com,3003662749,CE,75567579,INACTIVO
76225.0,Luis Rojas,luisrojas@gmail.com,3029880330,CE,95104163,desconocido
16655.0,Maria Lopez,carlosgomez@gmail.com,3103159800,CC,,ACTIVO
92781.0,Sofia Torres,anamartinez@yahoo.com,abc123,CC,65226725,SUSPENDIDO
1882.0,Juan Perez,marialopez@yahoo.com,3107394560,TI,,SUSPENDIDO
49845.0,Ana Martinez,,3005898454,CE,54350414,INACTIVO
,Sofia Torres,marialopez@yahoo.com,3112401348,TI,24084853,ACTIVO
,Maria Lopez,sofiatorres@hotmail.com,3112751458,TI,48173597,ACTIVO
69811.0,Luis Rojas,anamartinez@gmail.com,abc123,CE,17696339,SUSPENDIDO
35073.0,Ana Martinez,,3027179541,CE,52366803,SUSPENDIDO
66233.0,Juan Perez,sofiatorres@yahoo.com,abc123,CC,85949054,ACTIVO
22373.0,Carlos Gomez,luisrojas@yahoo.com,3103978024,TI,,ACTIVO
79718.0,Carlos Gomez,marialopez@gmail.com,3017178939,CE,,ACTIVO
,Maria Lopez,juanperez@yahoo.com,3012926267,CE,26892657,INACTIVO
32996.0,Juan Perez,sofiatorres@hotmail.com,3006706760,TI,,SUSPENDIDO
,Ana Martinez,sofiatorres@yahoo.com,3026249512,CE,20157379,INACTIVO
6852.0,Luis Rojas,,3112365199,CE,23905055,SUSPENDIDO
78623.0,Maria Lopez,luisrojas@yahoo.com,3026385923,CC,,INACTIVO
48554.0,Carlos Gomez,marialopez@gmail.com,abc123,CE,54160047,SUSPENDIDO
73295.0,Juan Perez,,3011277008,CC,90891798,ACTIVO
35203.0,Luis Rojas,,3021657667,CC,81998347,SUSPENDIDO
23672.0,Ana Martinez,sofiatorres@hotmail.com,3113144752,CC,,SUSPENDIDO
,Carlos Gomez,marialopez@hotmail.com,3029451029,CC,79435309,SUSPENDIDO
35349.0,Carlos Gomez,anamartinez@yahoo.com,3018588196,CC,60455143,INACTIVO
,Ana Martinez,marialopez@yahoo.com,3022322865,CC,49532789,ACTIVO
80183.0,Maria Lopez,luisrojas@yahoo.com,3117957558,TI,,ACTIVO
,Luis Rojas,sofiatorres@hotmail.com,3116685378,CC,54140882,ACTIVO
7814.0,Ana Martinez,marialopez@hotmail.com,abc123,TI,16508856,SUSPENDIDO
37096.0,Carlos Gomez,luisrojas@gmail.com,3025468195,CC,22545056,desconocido
,Ana Martinez,marialopez@gmail.com,3118862059,TI,31686558,ACTIVO
,Maria Lopez,juanperez@hotmail.com,3117080759,CC,14486705,INACTIVO
,Sofia Torres,sofiatorres@yahoo.com,3112321472,CC,22948483,INACTIVO
,Maria Lopez,sofiatorres@yahoo.com,3019165350,TI,98942365,SUSPENDIDO
15594.0,Luis Rojas,,3116751846,CE,49504531,ACTIVO
56810.0,Luis Rojas,sofiatorres@gmail.com,3028568806,CC,50047892,SUSPENDIDO
,Ana Martinez,anamartinez@gmail.com,3102563111,TI,57115215,ACTIVO
,Luis Rojas,carlosgomez@gmail.com,3109462590,CC,57985512,ACTIVO
19484.0,Juan Perez,anamartinez@gmail.com,3021276380,TI,76076293,INACTIVO
13625.0,Luis Rojas,juanperez@hotmail.com,3114905779,CE,23637176,desconocido
92971.0,Juan Perez,,3119618923,CE,70732664,INACTIVO
48795.0,Ana Martinez,juanperez@yahoo.com,abc123,TI,18356949,SUSPENDIDO
,Luis Rojas,sofiatorres@yahoo.com,3104116276,CC,24450566,INACTIVO
15578.0,Luis Rojas,sofiatorres@hotmail.com,3005656968,CE,,SUSPENDIDO
39182.0,Luis Rojas,luisrojas@hotmail.com,3025204035,CC,,SUSPENDIDO
20086.0,Carlos Gomez,marialopez@hotmail.com,abc123,TI,72511013,ACTIVO
91884.0,Juan Perez,sofiatorres@yahoo.com,3004483679,CE,58783228,desconocido
3664.0,Maria Lopez,anamartinez@yahoo.com,3116181783,CE,52202704,INACTIVO
1120.0,Carlos Gomez,luisrojas@gmail.com,3117570954,TI,,SUSPENDIDO
60930.0,Carlos Gomez,carlosgomez@hotmail.com,3024199898,TI,68088980,desconocido
,Luis Rojas,marialopez@hotmail.com,3023857774,CE,33098511,ACTIVO
54356.0,Juan Perez,marialopez@yahoo.com,3116251619,TI,23904986,desconocido
94942.0,Ana Martinez,,3013769313,TI,71442835,ACTIVO
76870.0,Maria Lopez,luisrojas@gmail.com,abc123,CC,18817947,INACTIVO
13505.0,Carlos Gomez,luisrojas@hotmail.com,3105282747,CC,,SUSPENDIDO
36277.0,Luis Rojas,juanperez@yahoo.com,abc123,CE,66736536,INACTIVO
64810.0,Ana Martinez,juanperez@hotmail.com,3101871201,CE,,INACTIVO
50005.0,Carlos Gomez,marialopez@gmail.com,3106407703,CE,22394950,desconocido
85321.0,Luis Rojas,marialopez@hotmail.com,abc123,CC,79398954,ACTIVO
19658.0,Juan Perez,carlosgomez@hotmail.com,3108086451,CC,29413566,desconocido
97775.0,Luis Rojas,marialopez@yahoo.com,3026569262,TI,,INACTIVO
,Juan Perez,anamartinez@gmail.com,3017347683,CE,90981591,INACTIVO
23534.0,Ana Martinez,luisrojas@yahoo.com,3108501046,CE,75221907,SUSPENDIDO
,Luis Rojas,carlosgomez@yahoo.com,3003143981,TI,52894344,SUSPENDIDO
53936.0,Carlos Gomez,marialopez@hotmail.com,abc123,CC,83763881,INACTIVO
16511.0,Maria Lopez,marialopez@yahoo.com,3009571332,TI,,ACTIVO
60853.0,Carlos Gomez,luisrojas@hotmail.com,abc123,CE,64154817,SUSPENDIDO
44315.0,Ana Martinez,carlosgomez@yahoo.com,abc123,TI,25974453,INACTIVO
25814.0,Ana Martinez,sofiatorres@hotmail.com,3021643943,CC,,ACTIVO
56465.0,Juan Perez,,3103690802,TI,54757207,INACTIVO
44348.0,Sofia Torres,juanperez@hotmail.com,3009869559,CE,13015085,SUSPENDIDO
58074.0,Luis Rojas,anamartinez@gmail.com,abc123,TI,10135908,INACTIVO
13152.0,Carlos Gomez,luisrojas@yahoo.com,3001670170,TI,81121147,desconocido
,Maria Lopez,sofiatorres@yahoo.com,3119973988,TI,84959410,SUSPENDIDO
33628.0,Ana Martinez,luisrojas@hotmail.com,3005686174,CE,,INACTIVO
18448.0,Juan Perez,sofiatorres@yahoo.com,abc123,CC,28160374,ACTIVO
48825.0,Ana Martinez,marialopez@gmail.com,abc123,CE,31346233,SUSPENDIDO
,Ana Martinez,sofiatorres@gmail.com,3102716297,CC,70125084,INACTIVO
28275.0,Carlos Gomez,,3023650483,TI,14115054,SUSPENDIDO
81175.0,Maria Lopez,juanperez@yahoo.com,3109378148,TI,33345073,SUSPENDIDO
49235.0,Ana Martinez,luisrojas@gmail.com,3029714878,TI,,SUSPENDIDO
75825.0,Juan Perez,luisrojas@hotmail.com,3113247611,TI,,ACTIVO
,Carlos Gomez,marialopez@hotmail.com,3027685482,CE,36497023,ACTIVO
,Ana Martinez,anamartinez@yahoo.com,3021151708,TI,96541513,ACTIVO
72394.0,Ana Martinez,sofiatorres@yahoo.com,3019951173,CE,,SUSPENDIDO
73357.0,Luis Rojas,juanperez@yahoo.com,abc123,CE,64968079,ACTIVO
,Carlos Gomez,carlosgomez@yahoo.com,3117348031,CE,40283549,SUSPENDIDO
90172.0,Juan Perez,carlosgomez@yahoo.com,3117561883,CC,26760860,INACTIVO
17672.0,Maria Lopez,,3119463457,CC,30607638,SUSPENDIDO
91397.0,Maria Lopez,juanperez@hotmail.com,abc123,CE,37453330,SUSPENDIDO
85672.0,Maria Lopez,anamartinez@hotmail.com,3105938412,TI,,SUSPENDIDO
,Carlos Gomez,marialopez@yahoo.com,3022371650,CE,90269153,ACTIVO
17205.0,Juan Perez,anamartinez@gmail.com,3027636947,CC,97655617,desconocido
72666.0,Luis Rojas,sofiatorres@yahoo.com,3012560723,TI,,SUSPENDIDO
27302.0,Sofia Torres,sofiatorres@hotmail.com,abc123,CE,38394791,INACTIVO
39431.0,Juan Perez,luisrojas@gmail.com,3023877748,TI,,ACTIVO
,Maria Lopez,juanperez@yahoo.com,3027190787,TI,96381573,ACTIVO
49540.0,Maria Lopez,,3016501219,TI,15927150,INACTIVO
84855.0,Maria Lopez,anamartinez@hotmail.com,3116327754,CC,84870738,desconocido
2646.0,Maria Lopez,luisrojas@hotmail.com,3021391983,TI,37531164,desconocido
,Juan Perez,anamartinez@gmail.com,3026569276,CE,80825073,SUSPENDIDO
12087.0,Juan Perez,sofiatorres@hotmail.com,abc123,CC,79665339,SUSPENDIDO
,Carlos Gomez,juanperez@gmail.com,3022317430,CC,73734614,ACTIVO
,Sofia Torres,juanperez@yahoo.com,3115924370,CE,64871465,ACTIVO
7075.0,Sofia Torres,sofiatorres@gmail.com,3116684972,CE,32903407,INACTIVO
48414.0,Juan Perez,carlosgomez@gmail.com,3118510872,TI,,INACTIVO
,Carlos Gomez,anamartinez@gmail.com,3022757867,CE,85477415,INACTIVO
80732.0,Ana Martinez,marialopez@yahoo.com,3022956526,CC,49599010,ACTIVO
,Ana Martinez,juanperez@yahoo.com,3002045058,CC,72930658,SUSPENDIDO
28151.0,Luis Rojas,,3024406932,CE,56371189,INACTIVO
59198.0,Maria Lopez,,3028846282,CC,17945247,ACTIVO
,Juan Perez,marialopez@gmail.com,3009956289,CC,93982772,ACTIVO
227.0,Ana Martinez,,3107417598,CC,76562261,ACTIVO
40931.0,Maria Lopez,,3105674628,CC,10359251,INACTIVO
18308.0,Juan Perez,carlosgomez@gmail.com,3022634938,CC,61038331,SUSPENDIDO
43979.0,Luis Rojas,carlosgomez@gmail.com,3112573804,CC,44082796,INACTIVO
32858.0,Juan Perez,anamartinez@hotmail.com,3107445066,CC,,ACTIVO
94338.0,Carlos Gomez,luisrojas@hotmail.com,3021179265,TI,,INACTIVO
2441.0,Juan Perez,juanperez@hotmail.com,3018370227,CC,69097780,ACTIVO
41984.0,Ana Martinez,,3002260690,CE,33059427,ACTIVO
74337.0,Juan Perez,sofiatorres@gmail.com,abc123,CE,65873853,ACTIVO
52987.0,Luis Rojas,luisrojas@gmail.com,3024766106,CC,,ACTIVO
92898.0,Ana Martinez,,3003552202,CE,99403077,INACTIVO
61008.0,Carlos Gomez,sofiatorres@gmail.com,3004519497,CC,,INACTIVO
,Carlos Gomez,juanperez@yahoo.com,3021490198,TI,92402889,ACTIVO
90341.0,Luis Rojas,anamartinez@gmail.com,abc123,CC,69043822,INACTIVO
3894.0,Carlos Gomez,carlosgomez@gmail.com,abc123,CC,75146183,SUSPENDIDO
32482.0,Ana Martinez,,3022933536,TI,65580221,SUSPENDIDO
75503.0,Maria Lopez,juanperez@gmail.com,3016432448,CC,43166354,SUSPENDIDO
1033.0,Juan Perez,marialopez@yahoo.com,3008299391,CE,,SUSPENDIDO
2076.0,Ana Martinez,carlosgomez@yahoo.com,3025137978,CC,,ACTIVO
7742.0,Carlos Gomez,sofiatorres@gmail.com,abc123,TI,86842959,INACTIVO
67721.0,Sofia Torres,carlosgomez@gmail.com,3104126439,CC,,ACTIVO
20457.0,Juan Perez,sofiatorres@hotmail.com,3028287923,CE,79286413,INACTIVO
,Maria Lopez,juanperez@hotmail.com,3103833429,CE,78368715,SUSPENDIDO
45519.0,Luis Rojas,anamartinez@gmail.com,3107879424,CC,47055034,ACTIVO
,Luis Rojas,sofiatorres@hotmail.com,3009106364,CE,82991575,ACTIVO
27410.0,Carlos Gomez,,3006100621,CC,74250085,INACTIVO
,Ana Martinez,anamartinez@yahoo.com,3024167401,CE,51125133,SUSPENDIDO
94310.0,Carlos Gomez,juanperez@yahoo.com,3106645132,CC,28197634,SUSPENDIDO
64155.0,Ana Martinez,juanperez@hotmail.com,abc123,CC,14997341,ACTIVO
26927.0,Juan Perez,marialopez@hotmail.com,abc123,CE,41344211,SUSPENDIDO
,Ana Martinez,luisrojas@yahoo.com,3106010391,CC,78730765,ACTIVO
91345.0,Carlos Gomez,anamartinez@hotmail.com,3022767557,CE,,ACTIVO
7075.0,Sofia Torres,luisrojas@gmail.com,3102775582,CE,14304283,SUSPENDIDO
46933.0,Maria Lopez,marialopez@hotmail.com,3118408293,CC,,ACTIVO
40004.0,Sofia Torres,luisrojas@yahoo.com,abc123,CC,14176047,INACTIVO
93495.0,Juan Perez,anamartinez@hotmail.com,3104032496,CC,,ACTIVO
22896.0,Maria Lopez,,3016650668,CC,13313298,INACTIVO
59177.0,Carlos Gomez,,3019321202,CC,38647162,INACTIVO
74716.0,Carlos Gomez,anamartinez@yahoo.com,3111659253,CC,,INACTIVO
73867.0,Luis Rojas,,3005039913,CE,74586991,INACTIVO
,Carlos Gomez,marialopez@yahoo.com,3009321023,CE,89751661,SUSPENDIDO
71155.0,Maria Lopez,marialopez@hotmail.com,3005512766,CE,72226092,SUSPENDIDO
15586.0,Carlos Gomez,carlosgomez@hotmail.com,3013862461,CC,84553397,desconocido
41330.0,Maria Lopez,marialopez@gmail.com,3007942265,TI,,ACTIVO
19644.0,Carlos Gomez,,3019645847,TI,53967417,INACTIVO
,Carlos Gomez,sofiatorres@gmail.com,3016455766,CE,62299689,ACTIVO
73722.0,Sofia Torres,luisrojas@gmail.com,abc123,TI,65420368,SUSPENDIDO
82164.0,Carlos Gomez,,3101170442,TI,34116273,INACTIVO
25224.0,Carlos Gomez,,3012990055,TI,54087089,ACTIVO
27821.0,Luis Rojas,,3114662088,CC,46278998,SUSPENDIDO
72907.0,Maria Lopez,luisrojas@gmail.com,3112334567,CC,,INACTIVO
75891.0,Luis Rojas,sofiatorres@yahoo.com,abc123,CE,82824514,ACTIVO
88271.0,Sofia Torres,,3022854331,TI,63143332,INACTIVO
49327.0,Carlos Gomez,anamartinez@gmail.com,3106770405,CC,80066256,desconocido
48025.0,Carlos Gomez,luisrojas@yahoo.com,3104016926,TI,20294409,INACTIVO
73810.0,Juan Perez,sofiatorres@hotmail.com,3023533690,CE,,SUSPENDIDO
21152.0,Ana Martinez,juanperez@gmail.com,3117492571,CE,70130423,ACTIVO
44152.0,Maria Lopez,,3016275507,CE,25769165,INACTIVO
85134.0,Ana Martinez,anamartinez@hotmail.com,abc123,CE,63800239,ACTIVO
,Juan Perez,luisrojas@yahoo.com,3024672968,TI,79841316,INACTIVO
36234.0,Ana Martinez,marialopez@gmail.com,3102093758,TI,,INACTIVO
94731.0,Carlos Gomez,marialopez@gmail.com,abc123,CE,92267989,INACTIVO
,Juan Perez,carlosgomez@gmail.com,3009797980,CE,34440618,ACTIVO
44868.0,Juan Perez,,3003333547,TI,29787649,SUSPENDIDO
59424.0,Ana Martinez,carlosgomez@gmail.com,3108014051,CC,,INACTIVO
18584.0,Maria Lopez,anamartinez@yahoo.com,3012012594,CC,,SUSPENDIDO
97113.0,Ana Martinez,,3019076704,TI,58529033,ACTIVO
93232.0,Carlos Gomez,carlosgomez@hotmail.com,abc123,TI,10142250,SUSPENDIDO
49466.0,Sofia Torres,,3029725175,TI,46523913,INACTIVO
,Carlos Gomez,juanperez@gmail.com,3105218499,CE,43683691,ACTIVO
95056.0,Carlos Gomez,,3018725289,CC,28854401,INACTIVO
,Carlos Gomez,juanperez@yahoo.com,3025400964,TI,13882845,ACTIVO
27593.0,Ana Martinez,,3101082237,CC,47209532,INACTIVO
90019.0,Carlos Gomez,carlosgomez@gmail.com,3026330944,CE,,INACTIVO
96479.0,Maria Lopez,carlosgomez@gmail.com,abc123,TI,20371327,ACTIVO
7790.0,Luis Rojas,juanperez@yahoo.com,3029650751,CC,24966607,SUSPENDIDO
9407.0,Juan Perez,juanperez@yahoo.com,abc123,CE,19360602,ACTIVO
,Luis Rojas,carlosgomez@yahoo.com,3023322912,CC,92211843,INACTIVO
33921.0,Carlos Gomez,juanperez@gmail.com,3114227465,CC,,INACTIVO
32815.0,Carlos Gomez,anamartinez@gmail.com,abc123,CE,45431318,ACTIVO
,Luis Rojas,juanperez@gmail.com,3114453894,TI,72788646,INACTIVO
,Carlos Gomez,anamartinez@gmail.com,3003254236,CC,11299805,SUSPENDIDO
77743.0,Luis Rojas,,3108448808,CC,98633680,ACTIVO
67453.0,Sofia Torres,marialopez@gmail.com,abc123,CE,38807350,ACTIVO
39636.0,Sofia Torres,juanperez@gmail.com,3106185635,CC,58894696,desconocido
2472.0,Maria Lopez,juanperez@yahoo.com,3104587066,CE,60659498,INACTIVO
34745.0,Maria Lopez,,3103855414,TI,42969019,ACTIVO
,Carlos Gomez,marialopez@yahoo.com,3018969325,CE,19914276,INACTIVO
57971.0,Sofia Torres,,3005779357,CC,93194265,INACTIVO
76526.0,Ana Martinez,sofiatorres@yahoo.com,3027775639,CC,,SUSPENDIDO
,Sofia Torres,luisrojas@yahoo.com,3117015517,TI,42531711,INACTIVO
12776.0,Ana Martinez,sofiatorres@gmail.com,3001530146,CE,,SUSPENDIDO
,Maria Lopez,luisrojas@hotmail.com,3105687272,CE,67182590,SUSPENDIDO
5935.0,Maria Lopez,,3106314112,CC,93529620,INACTIVO
,Carlos Gomez,anamartinez@gmail.com,3015511147,CC,86184191,SUSPENDIDO
42116.0,Luis Rojas,anamartinez@hotmail.com,3001227618,TI,,SUSPENDIDO
,Sofia Torres,luisrojas@gmail.com,3115905899,CC,31726881,INACTIVO
33869.0,Sofia Torres,sofiatorres@yahoo.com,abc123,CC,74661970,INACTIVO
84755.0,Sofia Torres,sofiatorres@yahoo.com,abc123,CC,24544104,INACTIVO
56859.0,Ana Martinez,,3026478961,CC,43339065,ACTIVO
60788.0,Carlos Gomez,,3022781571,CE,54392719,ACTIVO
2103.0,Sofia Torres,luisrojas@yahoo.com,3018870124,TI,54877485,desconocido
35411.0,Juan Perez,sofiatorres@yahoo.com,3016844837,TI,54051175,desconocido
16591.0,Sofia Torres,juanperez@hotmail.com,abc123,CC,92920490,ACTIVO
43507.0,Sofia Torres,luisrojas@gmail.com,abc123,CE,68865331,ACTIVO
17000.0,Ana Martinez,juanperez@gmail.com,3001521863,CE,93973555,INACTIVO
5553.0,Carlos Gomez,,3116862815,CE,66352254,INACTIVO
30330.0,Luis Rojas,juanperez@gmail.com,3001432619,CE,,ACTIVO
55272.0,Carlos Gomez,marialopez@gmail.com,abc123,TI,13592467,SUSPENDIDO
76246.0,Ana Martinez,luisrojas@gmail.com,3011837535,CE,,INACTIVO
18600.0,Carlos Gomez,luisrojas@hotmail.com,abc123,TI,11464929,INACTIVO
80431.0,Carlos Gomez,marialopez@hotmail.com,abc123,TI,78336591,ACTIVO
11495.0,Juan Perez,,3107708555,CE,22741233,SUSPENDIDO
,Carlos Gomez,luisrojas@gmail.com,3005074766,CC,94423120,SUSPENDIDO
86775.0,Ana Martinez,luisrojas@hotmail.com,abc123,CC,46050487,SUSPENDIDO
78009.0,Maria Lopez,,3007413567,CC,31698182,ACTIVO
,Juan Perez,sofiatorres@yahoo.com,3107919036,TI,78587519,ACTIVO
80974.0,Luis Rojas,juanperez@gmail.com,3106837809,TI,,SUSPENDIDO
20230.0,Sofia Torres,luisrojas@yahoo.com,3111626989,CC,,ACTIVO
57415.0,Carlos Gomez,,3105041672,CE,29195892,INACTIVO
84421.0,Luis Rojas,sofiatorres@yahoo.com,abc123,TI,91274675,ACTIVO
6034.0,Maria Lopez,carlosgomez@hotmail.com,3006173555,CE,,SUSPENDIDO
48408.0,Maria Lopez,anamartinez@gmail.com,3015652205,CE,18960171,SUSPENDIDO
75837.0,Carlos Gomez,marialopez@yahoo.com,abc123,CE,22538877,ACTIVO
,Carlos Gomez,juanperez@gmail.com,3101495314,TI,34643782,INACTIVO
88419.0,Luis Rojas,anamartinez@hotmail.com,3114542501,TI,,SUSPENDIDO
88465.0,Sofia Torres,anamartinez@yahoo.com,3105087375,CC,10706119,SUSPENDIDO
47635.0,Maria Lopez,,3006887086,TI,17537075,SUSPENDIDO
12851.0,Juan Perez,juanperez@hotmail.com,abc123,CE,65498941,INACTIVO
60123.0,Ana Martinez,marialopez@hotmail.com,abc123,CC,72177576,INACTIVO
88414.0,Maria Lopez,luisrojas@hotmail.com,3022271072,CE,86526843,INACTIVO
79747.0,Ana Martinez,juanperez@gmail.com,3017629964,CE,59094694,desconocido
23653.0,Ana Martinez,marialopez@gmail.com,3022258217,CE,,INACTIVO
,Luis Rojas,sofiatorres@yahoo.com,3101810346,CE,98862615,ACTIVO
11151.0,Carlos Gomez,marialopez@hotmail.com,abc123,CE,43346203,ACTIVO
87391.0,Sofia Torres,,3104541611,CE,19906856,ACTIVO
78161.0,Ana Martinez,marialopez@gmail.com,3119296880,CC,58614666,SUSPENDIDO
68538.0,Luis Rojas,marialopez@hotmail.com,3009022792,TI,,INACTIVO
21168.0,Ana Martinez,luisrojas@hotmail.com,3104185861,CE,65046101,desconocido
96132.0,Luis Rojas,juanperez@hotmail.com,abc123,TI,41954807,ACTIVO
92746.0,Juan Perez,,3017728257,TI,96217137,ACTIVO
,Ana Martinez,luisrojas@gmail.com,3119013534,CE,52273375,INACTIVO
54005.0,Carlos Gomez,carlosgomez@hotmail.com,3104992743,CE,,SUSPENDIDO
98811.0,Maria Lopez,anamartinez@gmail.com,abc123,CC,10290198,SUSPENDIDO
31195.0,Carlos Gomez,juanperez@hotmail.com,3018281067,TI,,ACTIVO
51861.0,Ana Martinez,sofiatorres@hotmail.com,3016151422,TI,45337062,INACTIVO
,Ana Martinez,luisrojas@yahoo.com,3017231496,CE,55259623,INACTIVO
39785.0,Juan Perez,carlosgomez@yahoo.com,abc123,CE,41772634,INACTIVO
37458.0,Carlos Gomez,carlosgomez@gmail.com,abc123,CC,73400398,SUSPENDIDO
48028.0,Juan Perez,,3007891261,CE,75527264,INACTIVO
42920.0,Maria Lopez,sofiatorres@yahoo.com,3007945457,TI,85421710,SUSPENDIDO
,Luis Rojas,sofiatorres@gmail.com,3029806978,TI,23297611,ACTIVO
35140.0,Sofia Torres,anamartinez@hotmail.com,abc123,CE,71258878,INACTIVO
54426.0,Sofia Torres,juanperez@yahoo.com,abc123,CC,40202106,SUSPENDIDO
,Juan Perez,carlosgomez@gmail.com,3109560072,CC,13856266,ACTIVO
19141.0,Sofia Torres,carlosgomez@yahoo.com,abc123,CE,89999637,ACTIVO
31500.0,Sofia Torres,,3114116804,TI,70694772,SUSPENDIDO
72830.0,Maria Lopez,anamartinez@yahoo.com,3006150819,CE,,INACTIVO
,Ana Martinez,anamartinez@gmail.com,3001820323,TI,75540289,INACTIVO
48442.0,Sofia Torres,marialopez@hotmail.com,3118666839,TI,,ACTIVO
75104.0,Sofia Torres,anamartinez@hotmail.com,3024266702,TI,81203311,INACTIVO
93820.0,Carlos Gomez,luisrojas@gmail.com,3008328074,CC,45800152,INACTIVO
9239.0,Sofia Torres,,3022389252,CE,78179409,SUSPENDIDO
89965.0,Carlos Gomez,sofiatorres@hotmail.com,abc123,TI,35754360,INACTIVO
30699.0,Juan Perez,sofiatorres@hotmail.com,3103777128,CC,,ACTIVO
,Juan Perez,sofiatorres@gmail.com,3016713026,TI,37280797,SUSPENDIDO
73612.0,Maria Lopez,,3119287222,TI,18358047,SUSPENDIDO
1975.0,Maria Lopez,,3008083802,TI,40961194,SUSPENDIDO
90747.0,Juan Perez,carlosgomez@yahoo.com,abc123,CC,64076635,INACTIVO
,Ana Martinez,marialopez@yahoo.com,3001170390,TI,46520285,INACTIVO
,Juan Perez,anamartinez@gmail.com,3021471298,TI,81829212,ACTIVO
91075.0,Carlos Gomez,anamartinez@hotmail.com,3015002523,CE,,INACTIVO
54937.0,Sofia Torres,marialopez@gmail.com,3105623862,CE,85735847,desconocido
,Sofia Torres,juanperez@hotmail.com,3026177036,TI,86967141,ACTIVO
,Juan Perez,juanperez@hotmail.com,3107457552,CC,89714854,INACTIVO
,Ana Martinez,juanperez@gmail.com,3103305069,TI,65527855,SUSPENDIDO
82913.0,Juan Perez,anamartinez@hotmail.com,abc123,CE,62000756,SUSPENDIDO
77211.0,Carlos Gomez,sofiatorres@yahoo.com,abc123,CC,17087796,SUSPENDIDO
30848.0,Maria Lopez,,3004720311,CE,19721133,ACTIVO
73253.0,Carlos Gomez,luisrojas@hotmail.com,abc123,CE,57074304,INACTIVO
86834.0,Maria Lopez,sofiatorres@yahoo.com,3117940300,CC,86085950,desconocido
72617.0,Ana Martinez,marialopez@yahoo.com,3111634732,TI,57749566,ACTIVO
32043.0,Sofia Torres,carlosgomez@yahoo.com,abc123,TI,53877559,ACTIVO
91012.0,Maria Lopez,,3115788676,CE,46320853,INACTIVO
41626.0,Sofia Torres,juanperez@hotmail.com,abc123,CE,46725694,ACTIVO
83982.0,Luis Rojas,anamartinez@yahoo.com,abc123,TI,68850559,INACTIVO
16312.0,Carlos Gomez,juanperez@hotmail.com,3105117168,CC,27079857,INACTIVO
29669.0,Maria Lopez,,3012792550,TI,65188363,ACTIVO
80207.0,Ana Martinez,marialopez@hotmail.com,abc123,TI,95805341,ACTIVO
67996.0,Luis Rojas,,3026735400,TI,26073273,INACTIVO
44647.0,Luis Rojas,juanperez@yahoo.com,abc123,TI,33805202,INACTIVO
,Juan Perez,marialopez@hotmail.com,3118204857,CE,81651785,INACTIVO
23181.0,Sofia Torres,luisrojas@gmail.com,3112585863,CE,,SUSPENDIDO
,Luis Rojas,marialopez@yahoo.com,3028910469,TI,48054219,ACTIVO
17372.0,Luis Rojas,,3021454543,TI,42826377,SUSPENDIDO
67681.0,Sofia Torres,,3025800186,CC,26542817,INACTIVO
52669.0,Luis Rojas,,3009213230,TI,40176740,ACTIVO
71089.0,Maria Lopez,carlosgomez@hotmail.com,abc123,CC,21441963,INACTIVO
12645.0,Sofia Torres,luisrojas@yahoo.com,abc123,TI,11002505,SUSPENDIDO
19377.0,Juan Perez,juanperez@hotmail.com,abc123,TI,14125019,INACTIVO
84216.0,Maria Lopez,,3019577152,CE,45472909,SUSPENDIDO
88775.0,Maria Lopez,anamartinez@yahoo.com,3014161837,CC,91425564,desconocido
14324.0,Ana Martinez,marialopez@gmail.com,3114228105,CE,,ACTIVO
80249.0,Sofia Torres,juanperez@gmail.com,abc123,TI,47426024,SUSPENDIDO
46329.0,Carlos Gomez,luisrojas@gmail.com,3014364212,CC,79535362,desconocido
28234.0,Ana Martinez,anamartinez@gmail.com,3012486303,CC,23554515,ACTIVO
,Luis Rojas,luisrojas@gmail.com,3101524882,CC,28089634,ACTIVO
98742.0,Juan Perez,marialopez@gmail.com,3009249880,TI,,ACTIVO
58187.0,Sofia Torres,marialopez@yahoo.com,3005567443,CE,21493697,desconocido
,Ana Martinez,sofiatorres@gmail.com,3102425122,TI,45203545,ACTIVO
26071.0,Maria Lopez,carlosgomez@hotmail.com,abc123,TI,38924404,INACTIVO
,Ana Martinez,anamartinez@gmail.com,3023938723,TI,80110241,ACTIVO
80933.0,Carlos Gomez,juanperez@gmail.com,3111759758,TI,68949421,SUSPENDIDO
95459.0,Juan Perez,anamartinez@gmail.com,3116099348,TI,48282411,desconocido
,Carlos Gomez,luisrojas@hotmail.com,3113811127,CE,50305770,INACTIVO
35402.0,Maria Lopez,marialopez@gmail.com,3104953366,TI,,INACTIVO
55979.0,Luis Rojas,carlosgomez@yahoo.com,3104602884,CE,,INACTIVO
28399.0,Sofia Torres,juanperez@gmail.com,3112652055,CE,,ACTIVO
98766.0,Ana Martinez,,3003567046,TI,78144665,SUSPENDIDO
3580.0,Carlos Gomez,luisrojas@yahoo.com,3006191485,CE,73869947,desconocido
45215.0,Luis Rojas,sofiatorres@hotmail.com,3016888651,CC,,INACTIVO
80780.0,Sofia Torres,,3101102300,TI,29478049,ACTIVO
,Ana Martinez,juanperez@hotmail.com,3105230153,CE,78238415,INACTIVO
,Maria Lopez,sofiatorres@hotmail.com,3113170792,CC,59988251,INACTIVO
,Maria Lopez,luisrojas@hotmail.com,3104772771,CE,80651269,ACTIVO
47888.0,Juan Perez,carlosgomez@hotmail.com,3005258101,CE,36498598,ACTIVO
91515.0,Juan Perez,anamartinez@hotmail.com,3026242110,TI,,ACTIVO
9930.0,Juan Perez,,3108092630,TI,55467686,SUSPENDIDO
92144.0,Maria Lopez,anamartinez@hotmail.com,abc123,CE,35533834,ACTIVO
27661.0,Maria Lopez,carlosgomez@hotmail.com,3003051031,CE,90174108,desconocido
,Maria Lopez,carlosgomez@hotmail.com,3021211735,CC,98219665,ACTIVO
70251.0,Carlos Gomez,carlosgomez@gmail.com,3111733057,TI,72125506,desconocido
96865.0,Carlos Gomez,marialopez@hotmail.com,abc123,CE,84245251,INACTIVO
57856.0,Maria Lopez,sofiatorres@hotmail.com,abc123,CE,65322411,INACTIVO
54600.0,Luis Rojas,sofiatorres@hotmail.com,3017507049,TI,84545089,SUSPENDIDO
73629.0,Juan Perez,sofiatorres@yahoo.com,abc123,CC,68095432,SUSPENDIDO
63053.0,Carlos Gomez,marialopez@hotmail.com,abc123,CE,63253379,INACTIVO
67457.0,Maria Lopez,,3117087749,CC,47507114,ACTIVO
97114.0,Sofia Torres,luisrojas@yahoo.com,3117786510,CE,16628142,INACTIVO
3763.0,Sofia Torres,juanperez@gmail.com,3019180282,CC,,SUSPENDIDO
30374.0,Carlos Gomez,anamartinez@hotmail.com,3105784552,CE,,SUSPENDIDO
,Maria Lopez,luisrojas@gmail.com,3015158901,CC,69177060,SUSPENDIDO
35207.0,Sofia Torres,marialopez@gmail.com,3106916201,TI,96351335,INACTIVO
58759.0,Maria Lopez,carlosgomez@hotmail.com,3028459410,TI,35151633,desconocido
,Juan Perez,luisrojas@hotmail.com,3019291109,CE,75737729,SUSPENDIDO
67766.0,Sofia Torres,,3023809669,CC,48200888,ACTIVO
6059.0,Luis Rojas,sofiatorres@yahoo.com,abc123,TI,23102755,ACTIVO
19528.0,Maria Lopez,carlosgomez@gmail.com,3002493890,CE,38392162,desconocido
15929.0,Juan Perez,carlosgomez@hotmail.com,3025402963,TI,91632173,INACTIVO
5984.0,Luis Rojas,marialopez@gmail.com,abc123,CE,89973027,ACTIVO
20395.0,Luis Rojas,luisrojas@yahoo.com,3019103569,CE,76128116,desconocido
5066.0,Juan Perez,,3017053836,CC,36618599,SUSPENDIDO
15633.0,Maria Lopez,juanperez@gmail.com,abc123,CC,82043391,SUSPENDIDO
,Luis Rojas,marialopez@yahoo.com,3116691219,CC,81046272,INACTIVO
,Carlos Gomez,luisrojas@hotmail.com,3018538366,TI,11372471,INACTIVO
81450.0,Ana Martinez,carlosgomez@hotmail.com,abc123,CE,60728104,INACTIVO
33779.0,Maria Lopez,luisrojas@yahoo.com,3113149785,CC,16685193,desconocido
97220.0,Sofia Torres,,3113008562,CC,70874162,INACTIVO
39258.0,Ana Martinez,carlosgomez@yahoo.com,3008369579,CE,,INACTIVO
89101.0,Sofia Torres,sofiatorres@gmail.com,3019414166,TI,,ACTIVO
,Luis Rojas,sofiatorres@gmail.com,3114540809,TI,80628708,INACTIVO
59193.0,Carlos Gomez,carlosgomez@gmail.com,3011589728,TI,,INACTIVO
,Luis Rojas,luisrojas@gmail.com,3027679744,CC,91719946,SUSPENDIDO
14836.0,Ana Martinez,juanperez@yahoo.com,3106837729,CC,,INACTIVO
12804.0,Carlos Gomez,carlosgomez@yahoo.com,3013901627,CC,,INACTIVO
35162.0,Maria Lopez,sofiatorres@gmail.com,3016096712,CE,98760965,desconocido
47154.0,Maria Lopez,anamartinez@gmail.com,3107017913,TI,,SUSPENDIDO
25136.0,Sofia Torres,luisrojas@hotmail.com,abc123,CE,20261982,ACTIVO
52528.0,Juan Perez,sofiatorres@gmail.com,3002244483,CE,,SUSPENDIDO
,Sofia Torres,juanperez@gmail.com,3017622471,TI,29086818,ACTIVO
18546.0,Maria Lopez,,3116494184,CE,87100739,INACTIVO
8507.0,Juan Perez,anamartinez@hotmail.com,3011900081,TI,54982739,desconocido
13865.0,Sofia Torres,juanperez@hotmail.com,3029277863,CC,99592531,desconocido
79605.0,Carlos Gomez,,3017344851,CE,73945684,INACTIVO
18722.0,Maria Lopez,,3005474450,CE,36900680,INACTIVO
88665.0,Sofia Torres,juanperez@hotmail.com,abc123,TI,26007571,ACTIVO
34.0,Ana Martinez,anamartinez@hotmail.com,3008600568,TI,74496857,INACTIVO
49524.0,Sofia Torres,marialopez@gmail.com,abc123,CE,67884852,INACTIVO
60656.0,Juan Perez,carlosgomez@yahoo.com,abc123,CC,83907459,ACTIVO
97032.0,Maria Lopez,,3102674624,CC,55067915,SUSPENDIDO
62160.0,Ana Martinez,luisrojas@gmail.com,abc123,CE,29633755,ACTIVO
33187.0,Juan Perez,juanperez@hotmail.com,3111762223,TI,75485235,ACTIVO
225.0,Sofia Torres,,3029329858,CE,49683380,SUSPENDIDO
,Sofia Torres,luisrojas@yahoo.com,3009315588,CE,89047137,SUSPENDIDO
,Carlos Gomez,carlosgomez@gmail.com,3028252507,CC,54275632,ACTIVO
66211.0,Luis Rojas,carlosgomez@yahoo.com,abc123,TI,24348543,INACTIVO
19730.0,Ana Martinez,carlosgomez@gmail.com,3023608754,CC,54603285,ACTIVO
59027.0,Carlos Gomez,carlosgomez@hotmail.com,abc123,TI,48195249,INACTIVO
21072.0,Juan Perez,,3112083651,CE,37582600,SUSPENDIDO
,Carlos Gomez,luisrojas@yahoo.com,3013497083,CE,31692465,INACTIVO
41129.0,Ana Martinez,,3101348479,TI,29062243,ACTIVO
,Juan Perez,marialopez@yahoo.com,3112322096,CC,49339492,SUSPENDIDO
33812.0,Carlos Gomez,,3019964207,TI,32763178,INACTIVO
6970.0,Luis Rojas,marialopez@hotmail.com,3028774946,CE,,ACTIVO
81950.0,Sofia Torres,anamartinez@gmail.com,abc123,TI,13693105,ACTIVO
84306.0,Sofia Torres,,3117437319,CE,17784790,ACTIVO
44387.0,Carlos Gomez,juanperez@hotmail.com,3109000339,CE,,SUSPENDIDO
45076.0,Juan Perez,,3009643705,CC,64988619,INACTIVO
59832.0,Ana Martinez,anamartinez@hotmail.com,3112215226,CC,,SUSPENDIDO
28401.0,Carlos Gomez,sofiatorres@yahoo.com,3016354750,TI,87578423,desconocido
60355.0,Sofia Torres,juanperez@yahoo.com,3113259014,CE,,ACTIVO
,Maria Lopez,juanperez@yahoo.com,3025822665,TI,38650978,INACTIVO
17202.0,Maria Lopez,,3116151952,CC,90713112,INACTIVO
92326.0,Juan Perez,carlosgomez@hotmail.com,3011469273,CC,,ACTIVO
,Luis Rojas,marialopez@yahoo.com,3006987037,CE,60320591,INACTIVO
83017.0,Luis Rojas,anamartinez@hotmail.com,abc123,TI,98874813,ACTIVO
,Juan Perez,anamartinez@gmail.com,3001642952,CC,17098596,ACTIVO
30049.0,Carlos Gomez,,3109270906,CC,55545611,ACTIVO
17228.0,Luis Rojas,carlosgomez@hotmail.com,3026019784,CE,11805495,INACTIVO
6597.0,Ana Martinez,,3103790299,CC,47070357,SUSPENDIDO
67822.0,Maria Lopez,luisrojas@gmail.com,3007560749,TI,82008357,ACTIVO
86994.0,Sofia Torres,marialopez@gmail.com,3012847799,CE,,ACTIVO
25600.0,Juan Perez,,3108792801,CE,46603315,ACTIVO
85140.0,Maria Lopez,sofiatorres@hotmail.com,abc123,CE,15213660,SUSPENDIDO
1234.0,Maria Lopez,,3006660486,CC,89818161,SUSPENDIDO
94474.0,Luis Rojas,juanperez@gmail.com,abc123,TI,93876142,SUSPENDIDO
29045.0,Maria Lopez,marialopez@gmail.com,3003332058,CE,,ACTIVO
52504.0,Ana Martinez,marialopez@yahoo.com,abc123,CC,26688471,INACTIVO
8425.0,Sofia Torres,sofiatorres@yahoo.com,abc123,CE,63281353,INACTIVO
,Ana Martinez,sofiatorres@gmail.com,3015755367,CC,12609930,ACTIVO
24729.0,Maria Lopez,luisrojas@hotmail.com,abc123,TI,31978024,ACTIVO
23698.0,Ana Martinez,,3102034293,TI,11787156,INACTIVO
,Maria Lopez,marialopez@hotmail.com,3019606394,CC,43934459,ACTIVO
83003.0,Carlos Gomez,marialopez@yahoo.com,3029788351,TI,,SUSPENDIDO
,Maria Lopez,sofiatorres@yahoo.com,3008577321,TI,98913291,ACTIVO
86839.0,Juan Perez,luisrojas@gmail.com,3004726232,TI,,ACTIVO
63728.0,Maria Lopez,marialopez@yahoo.com,3108294122,TI,17362778,desconocido
44359.0,Ana Martinez,luisrojas@yahoo.com,3009953512,TI,,SUSPENDIDO
,Carlos Gomez,carlosgomez@hotmail.com,3022762272,TI,45973592,INACTIVO
86262.0,Ana Martinez,,3004889245,CE,39259688,ACTIVO
,Carlos Gomez,carlosgomez@hotmail.com,3012562464,CC,89324177,ACTIVO
95481.0,Maria Lopez,sofiatorres@gmail.com,3018334896,CC,,INACTIVO
35991.0,Carlos Gomez,sofiatorres@hotmail.com,abc123,TI,13842477,SUSPENDIDO
90744.0,Maria Lopez,juanperez@gmail.com,abc123,TI,22061743,INACTIVO
91255.0,Ana Martinez,marialopez@hotmail.com,abc123,CE,70406803,INACTIVO
14430.0,Carlos Gomez,anamartinez@gmail.com,abc123,CE,59265391,ACTIVO
43016.0,Ana Martinez,,3016739605,TI,17811154,ACTIVO
67751.0,Ana Martinez,luisrojas@gmail.com,3029621380,CC,44600999,INACTIVO
8862.0,Juan Perez,carlosgomez@hotmail.com,abc123,CC,60218234,SUSPENDIDO
,Maria Lopez,sofiatorres@gmail.com,3004592890,CC,96706866,ACTIVO
41039.0,Maria Lopez,,3108855258,TI,30831919,SUSPENDIDO
38499.0,Sofia Torres,,3016589013,CC,75780462,SUSPENDIDO
,Carlos Gomez,juanperez@gmail.com,3022122070,CC,72268391,INACTIVO
87202.0,Juan Perez,sofiatorres@gmail.com,3117908391,CC,,INACTIVO
11475.0,Juan Perez,marialopez@yahoo.com,3001519093,TI,21213110,desconocido
,Juan Perez,sofiatorres@yahoo.com,3109770805,CC,67313324,INACTIVO
77198.0,Maria Lopez,carlosgomez@hotmail.com,3106903376,CE,,SUSPENDIDO
97399.0,Maria Lopez,carlosgomez@hotmail.com,abc123,TI,47168525,INACTIVO
22215.0,Maria Lopez,luisrojas@hotmail.com,3003009739,CC,35246369,ACTIVO
23707.0,Juan Perez,,3115120552,TI,39137879,ACTIVO
,Ana Martinez,marialopez@gmail.com,3018306431,TI,52869907,INACTIVO
96630.0,Juan Perez,sofiatorres@yahoo.com,abc123,CC,30717964,SUSPENDIDO
,Sofia Torres,marialopez@gmail.com,3005805246,CE,57906181,ACTIVO
3431.0,Luis Rojas,,3108966105,CE,44911565,ACTIVO
54752.0,Carlos Gomez,carlosgomez@hotmail.com,abc123,CC,45144053,SUSPENDIDO
,Luis Rojas,anamartinez@hotmail.com,3027812730,CE,28797917,ACTIVO
6307.0,Luis Rojas,juanperez@yahoo.com,abc123,CE,17495063,INACTIVO
,Luis Rojas,marialopez@gmail.com,3009202974,CC,60735840,SUSPENDIDO
27316.0,Maria Lopez,anamartinez@hotmail.com,3115831642,TI,,ACTIVO
47541.0,Maria Lopez,,3022510590,TI,50391019,SUSPENDIDO
,Maria Lopez,sofiatorres@gmail.com,3101282402,TI,68791042,ACTIVO
56009.0,Juan Perez,carlosgomez@yahoo.com,3015216915,CC,,ACTIVO
,Juan Perez,sofiatorres@gmail.com,3108693682,CE,39983802,ACTIVO
78303.0,Maria Lopez,marialopez@hotmail.com,abc123,CE,39542672,ACTIVO
22129.0,Carlos Gomez,juanperez@hotmail.com,3117885109,CE,,INACTIVO
9153.0,Luis Rojas,anamartinez@yahoo.com,abc123,CE,88241664,ACTIVO
,Maria Lopez,anamartinez@yahoo.com,3007663840,TI,92011241,ACTIVO
27271.0,Ana Martinez,anamartinez@yahoo.com,3015393135,CC,16472442,ACTIVO
32752.0,Carlos Gomez,carlosgomez@yahoo.com,3001202886,CE,,SUSPENDIDO
54136.0,Luis Rojas,anamartinez@yahoo.com,3102985417,TI,17495874,INACTIVO
55563.0,Maria Lopez,,3108095232,CC,78453301,INACTIVO
91493.0,Ana Martinez,marialopez@hotmail.com,abc123,CE,78298256,ACTIVO
,Carlos Gomez,luisrojas@gmail.com,3117039597,CE,51970804,INACTIVO
92165.0,Maria Lopez,anamartinez@yahoo.com,3112518642,TI,14496476,SUSPENDIDO
4540.0,Luis Rojas,luisrojas@gmail.com,3002515635,TI,,INACTIVO
47885.0,Ana Martinez,marialopez@hotmail.com,3024451631,CC,,SUSPENDIDO
19996.0,Carlos Gomez,,3013147367,TI,59881295,SUSPENDIDO
5063.0,Carlos Gomez,juanperez@hotmail.com,abc123,TI,48635934,INACTIVO
,Ana Martinez,marialopez@hotmail.com,3104208535,CC,25439631,INACTIVO
,Luis Rojas,marialopez@gmail.com,3026089680,CC,23651386,ACTIVO
99146.0,Maria Lopez,juanperez@yahoo.com,3119320629,CC,56702226,ACTIVO
,Ana Martinez,sofiatorres@hotmail.com,3104283628,CC,70139756,INACTIVO
30794.0,Luis Rojas,,3104949781,CE,68135936,ACTIVO
292.0,Carlos Gomez,carlosgomez@yahoo.com,3025069306,CE,49980087,ACTIVO
74458.0,Sofia Torres,anamartinez@gmail.com,abc123,CE,10349866,SUSPENDIDO
75824.0,Luis Rojas,,3005689303,CC,25376306,SUSPENDIDO
14540.0,Ana Martinez,,3017884179,CE,27326431,INACTIVO
,Luis Rojas,anamartinez@hotmail.com,3107198035,CC,35411510,ACTIVO
70913.0,Juan Perez,carlosgomez@gmail.com,3001963943,CE,,INACTIVO
57188.0,Carlos Gomez,,3009744784,TI,70798973,ACTIVO
,Sofia Torres,luisrojas@hotmail.com,3019094444,TI,91598606,SUSPENDIDO
68205.0,Ana Martinez,juanperez@gmail.com,3013089052,TI,17569250,desconocido
47256.0,Luis Rojas,,3106217844,CC,74864054,ACTIVO
77657.0,Ana Martinez,,3024186557,CC,95400820,ACTIVO
35354.0,Maria Lopez,juanperez@hotmail.com,3018584180,TI,,ACTIVO
46579.0,Luis Rojas,sofiatorres@yahoo.com,3109345517,TI,,ACTIVO
3143.0,Sofia Torres,juanperez@yahoo.com,abc123,CE,70890694,SUSPENDIDO
,Sofia Torres,marialopez@yahoo.com,3015853078,CE,84776290,ACTIVO
72364.0,Carlos Gomez,,3024636635,TI,19360625,ACTIVO
66253.0,Carlos Gomez,juanperez@gmail.com,abc123,CC,53941453,ACTIVO
37910.0,Ana Martinez,marialopez@hotmail.com,3004325204,TI,24718711,INACTIVO
48561.0,Maria Lopez,carlosgomez@gmail.com,3006154859,TI,27138054,ACTIVO
66107.0,Sofia Torres,carlosgomez@hotmail.com,3102789054,TI,,ACTIVO
29405.0,Maria Lopez,,3012828093,CE,84172869,INACTIVO
,Maria Lopez,anamartinez@yahoo.com,3013327025,CC,33428579,SUSPENDIDO
31942.0,Luis Rojas,marialopez@hotmail.com,abc123,TI,59268086,ACTIVO
35168.0,Luis Rojas,luisrojas@hotmail.com,3113464571,TI,,INACTIVO
99541.0,Maria Lopez,marialopez@yahoo.com,abc123,TI,43635672,SUSPENDIDO
,Sofia Torres,luisrojas@gmail.com,3001115349,CE,83033739,SUSPENDIDO
29719.0,Maria Lopez,anamartinez@hotmail.com,3017305621,CC,22440499,SUSPENDIDO
34762.0,Juan Perez,luisrojas@yahoo.com,3019637777,TI,,ACTIVO
24093.0,Luis Rojas,marialopez@hotmail.com,3101624610,CE,,INACTIVO
95467.0,Ana Martinez,,3029674990,CE,92861499,ACTIVO
25306.0,Sofia Torres,carlosgomez@hotmail.com,3002570219,TI,47007714,desconocido
76852.0,Juan Perez,marialopez@yahoo.com,abc123,CC,57494688,SUSPENDIDO
,Maria Lopez,juanperez@yahoo.com,3004445292,CE,17178657,SUSPENDIDO
20379.0,Carlos Gomez,sofiatorres@yahoo.com,abc123,CE,85826069,SUSPENDIDO
,Luis Rojas,anamartinez@yahoo.com,3001392355,TI,75271792,ACTIVO
,Sofia Torres,carlosgomez@yahoo.com,3111043386,CC,30266621,INACTIVO
32010.0,Maria Lopez,,3013240649,CC,61787635,INACTIVO
59742.0,Carlos Gomez,luisrojas@gmail.com,3001329981,CE,63414578,SUSPENDIDO
79360.0,Ana Martinez,luisrojas@gmail.com,abc123,CC,33981245,SUSPENDIDO
1737.0,Carlos Gomez,marialopez@yahoo.com,3011574515,TI,,INACTIVO
45371.0,Maria Lopez,luisrojas@hotmail.com,3015356758,CC,30820025,desconocido
78231.0,Luis Rojas,marialopez@gmail.com,abc123,TI,40056449,SUSPENDIDO
91183.0,Luis Rojas,anamartinez@hotmail.com,3011717679,CE,,SUSPENDIDO
,Ana Martinez,carlosgomez@gmail.com,3118674397,TI,83706781,SUSPENDIDO
96078.0,Ana Martinez,marialopez@gmail.com,3008812176,CC,,SUSPENDIDO
41282.0,Juan Perez,carlosgomez@yahoo.com,abc123,CE,85727086,SUSPENDIDO
80546.0,Carlos Gomez,sofiatorres@yahoo.com,abc123,CE,54354956,INACTIVO
32163.0,Luis Rojas,,3101703752,CC,97184131,INACTIVO
,Maria Lopez,luisrojas@hotmail.com,3119852479,CC,82318573,SUSPENDIDO
20417.0,Luis Rojas,carlosgomez@yahoo.com,3022742428,TI,,INACTIVO
,Carlos Gomez,carlosgomez@yahoo.com,3008923868,CC,70812161,ACTIVO
59829.0,Luis Rojas,juanperez@yahoo.com,3003660796,CE,47922244,ACTIVO
51605.0,Luis Rojas,sofiatorres@gmail.com,3007344546,CE,40398057,desconocido
,Ana Martinez,marialopez@gmail.com,3013767460,TI,85697565,INACTIVO
94613.0,Sofia Torres,,3022169566,TI,22840297,SUSPENDIDO
20451.0,Juan Perez,,3104206086,CE,42734840,ACTIVO
,Luis Rojas,marialopez@hotmail.com,3011268067,CC,28772600,ACTIVO
,Juan Perez,anamartinez@gmail.com,3007794193,CC,80583135,SUSPENDIDO
99214.0,Carlos Gomez,marialopez@gmail.com,abc123,CC,40391191,ACTIVO
86172.0,Juan Perez,,3024541527,CC,72449249,ACTIVO
34118.0,Sofia Torres,anamartinez@gmail.com,3112114263,CC,,SUSPENDIDO
49995.0,Luis Rojas,marialopez@hotmail.com,abc123,TI,16281004,SUSPENDIDO
53005.0,Luis Rojas,juanperez@yahoo.com,3002007098,CE,,ACTIVO
67397.0,Sofia Torres,,3117208588,CC,46587155,ACTIVO
36233.0,Ana Martinez,,3017566869,CE,65956558,ACTIVO
,Carlos Gomez,sofiatorres@gmail.com,3113815314,CC,19525826,ACTIVO
94770.0,Carlos Gomez,luisrojas@gmail.com,3115967754,CE,,ACTIVO
52410.0,Sofia Torres,carlosgomez@gmail.com,3007420067,CC,64856402,SUSPENDIDO
,Maria Lopez,sofiatorres@gmail.com,3022473456,TI,31304276,ACTIVO
23878.0,Carlos Gomez,,3024846368,CE,36588791,SUSPENDIDO
20847.0,Ana Martinez,anamartinez@yahoo.com,abc123,CC,56624697,ACTIVO
50307.0,Maria Lopez,marialopez@gmail.com,3014031941,TI,,INACTIVO
77795.0,Juan Perez,sofiatorres@hotmail.com,3023225415,CE,38610807,INACTIVO
6905.0,Maria Lopez,juanperez@yahoo.com,abc123,TI,56674018,SUSPENDIDO
23858.0,Ana Martinez,luisrojas@hotmail.com,3013186844,TI,,ACTIVO
,Carlos Gomez,marialopez@yahoo.com,3026993546,CC,78563461,SUSPENDIDO
92030.0,Maria Lopez,,3028597525,CE,83314014,ACTIVO
45142.0,Juan Perez,carlosgomez@yahoo.com,3014295640,CC,11008601,INACTIVO
6612.0,Maria Lopez,sofiatorres@hotmail.com,abc123,CC,68640969,INACTIVO
92312.0,Maria Lopez,anamartinez@hotmail.com,3019940018,TI,69067903,INACTIVO
80960.0,Carlos Gomez,juanperez@hotmail.com,abc123,CC,84319627,ACTIVO
42539.0,Carlos Gomez,anamartinez@yahoo.com,abc123,TI,44989888,INACTIVO
89188.0,Luis Rojas,,3114405115,CE,93458510,INACTIVO
82287.0,Maria Lopez,marialopez@yahoo.com,3014801589,CC,,ACTIVO
2581.0,Maria Lopez,marialopez@gmail.com,3018502067,TI,,SUSPENDIDO
10691.0,Juan Perez,luisrojas@gmail.com,3112465456,TI,,SUSPENDIDO
,Ana Martinez,carlosgomez@hotmail.com,3003351797,CE,23462224,SUSPENDIDO
94227.0,Juan Perez,,3012935365,CC,26274284,ACTIVO
,Sofia Torres,juanperez@hotmail.com,3118283660,CC,36152856,ACTIVO
97970.0,Luis Rojas,,3103091263,CC,58035614,INACTIVO
82055.0,Ana Martinez,,3118699539,CC,74608611,ACTIVO
59893.0,Ana Martinez,sofiatorres@hotmail.com,abc123,TI,88575333,ACTIVO
12201.0,Sofia Torres,luisrojas@gmail.com,3116277048,CC,,ACTIVO
34151.0,Maria Lopez,juanperez@hotmail.com,3114815781,TI,84555452,SUSPENDIDO
,Luis Rojas,anamartinez@gmail.com,3003329176,CE,74526754,SUSPENDIDO
,Sofia Torres,anamartinez@gmail.com,3108903983,CE,66843721,SUSPENDIDO
,Luis Rojas,juanperez@gmail.com,3104270579,TI,65906535,SUSPENDIDO
44868.0,Carlos Gomez,luisrojas@yahoo.com,3014321265,CC,94614239,SUSPENDIDO
3939.0,Ana Martinez,anamartinez@gmail.com,3014106704,TI,20938608,desconocido
17795.0,Maria Lopez,marialopez@hotmail.com,abc123,TI,33577365,ACTIVO
56420.0,Carlos Gomez,carlosgomez@gmail.com,3025332634,CC,,ACTIVO
22085.0,Ana Martinez,marialopez@yahoo.com,3024714504,CC,,ACTIVO
506.0,Sofia Torres,juanperez@gmail.com,3004888232,TI,23578646,INACTIVO
83724.0,Juan Perez,juanperez@gmail.com,3006669743,CE,,INACTIVO
46334.0,Maria Lopez,anamartinez@gmail.com,3104850262,CC,,INACTIVO
63487.0,Sofia Torres,anamartinez@hotmail.com,3107499190,CC,,ACTIVO
19545.0,Luis Rojas,carlosgomez@gmail.com,3111443709,CC,93712893,desconocido
68608.0,Luis Rojas,marialopez@gmail.com,abc123,CE,68067379,INACTIVO
97907.0,Ana Martinez,marialopez@yahoo.com,3112264698,CC,19512857,desconocido
90014.0,Luis Rojas,,3115975811,TI,26329469,INACTIVO
12904.0,Carlos Gomez,juanperez@yahoo.com,abc123,CE,61796228,INACTIVO
,Sofia Torres,sofiatorres@yahoo.com,3101266807,CC,86538533,INACTIVO
92563.0,Maria Lopez,,3113632168,CE,64739648,SUSPENDIDO
75050.0,Ana Martinez,juanperez@hotmail.com,3013881267,CC,,INACTIVO
44488.0,Luis Rojas,,3118021980,TI,27211147,SUSPENDIDO
52718.0,Carlos Gomez,carlosgomez@gmail.com,abc123,CE,84854319,ACTIVO
99957.0,Ana Martinez,,3014808951,CE,43901015,SUSPENDIDO
,Sofia Torres,luisrojas@hotmail.com,3001755729,CC,15434724,SUSPENDIDO
52445.0,Luis Rojas,anamartinez@gmail.com,3018083899,TI,,ACTIVO
9885.0,Ana Martinez,luisrojas@yahoo.com,3102266177,TI,64463463,SUSPENDIDO
25710.0,Luis Rojas,marialopez@hotmail.com,3017845049,TI,77388669,desconocido
,Maria Lopez,marialopez@yahoo.com,3107934163,TI,31010735,INACTIVO
18815.0,Ana Martinez,marialopez@gmail.com,abc123,TI,48498842,INACTIVO
,Sofia Torres,juanperez@gmail.com,3008762833,TI,66793018,ACTIVO
65271.0,Carlos Gomez,,3006786698,CC,61788394,ACTIVO
53671.0,Sofia Torres,carlosgomez@gmail.com,3024742284,CE,,ACTIVO
66214.0,Maria Lopez,juanperez@yahoo.com,abc123,TI,95609465,INACTIVO
,Ana Martinez,luisrojas@gmail.com,3026390404,TI,97866255,ACTIVO
,Carlos Gomez,sofiatorres@gmail.com,3027094411,CE,63796414,INACTIVO
90009.0,Luis Rojas,marialopez@gmail.com,3103260042,TI,,SUSPENDIDO
59914.0,Juan Perez,luisrojas@hotmail.com,3008736589,TI,95386165,SUSPENDIDO
50464.0,Juan Perez,luisrojas@gmail.com,3013850924,CC,,INACTIVO
31203.0,Luis Rojas,juanperez@hotmail.com,3029007906,CC,,ACTIVO
62012.0,Maria Lopez,luisrojas@hotmail.com,3022311563,CE,24202281,INACTIVO
1654.0,Sofia Torres,luisrojas@gmail.com,3016502475,CE,67079802,desconocido
12783.0,Luis Rojas,juanperez@yahoo.com,abc123,CC,99738378,SUSPENDIDO
30693.0,Juan Perez,sofiatorres@hotmail.com,abc123,CC,15122645,SUSPENDIDO
87710.0,Juan Perez,anamartinez@gmail.com,3101743033,TI,,SUSPENDIDO
2478.0,Luis Rojas,anamartinez@gmail.com,3008027672,CE,,INACTIVO
3121.0,Maria Lopez,juanperez@gmail.com,3003788346,CE,,INACTIVO
43941.0,Sofia Torres,juanperez@yahoo.com,3029664154,CE,,INACTIVO
88042.0,Carlos Gomez,,3118731246,TI,32843235,ACTIVO
30862.0,Carlos Gomez,,3008180715,CE,81508748,SUSPENDIDO
,Juan Perez,carlosgomez@hotmail.com,3026829869,TI,94910642,ACTIVO
81862.0,Luis Rojas,marialopez@hotmail.com,abc123,TI,29433787,SUSPENDIDO
26027.0,Sofia Torres,carlosgomez@gmail.com,3111006167,TI,,ACTIVO
,Sofia Torres,carlosgomez@gmail.com,3106927678,TI,55124971,INACTIVO
,Maria Lopez,carlosgomez@gmail.com,3018344968,TI,83395960,SUSPENDIDO
,Ana Martinez,sofiatorres@gmail.com,3024877590,CE,40751400,ACTIVO
14606.0,Maria Lopez,marialopez@hotmail.com,abc123,CC,26652658,SUSPENDIDO
1881.0,Sofia Torres,sofiatorres@gmail.com,3017103803,TI,,INACTIVO
50187.0,Ana Martinez,marialopez@hotmail.com,abc123,TI,10502224,INACTIVO
48678.0,Juan Perez,anamartinez@hotmail.com,abc123,CE,52571123,SUSPENDIDO
29879.0,Sofia Torres,luisrojas@gmail.com,abc123,TI,91034973,INACTIVO
,Luis Rojas,juanperez@yahoo.com,3104480063,TI,42638105,INACTIVO
57239.0,Maria Lopez,,3104140415,CC,97940869,ACTIVO
83934.0,Ana Martinez,,3003191365,CE,38852619,ACTIVO
,Maria Lopez,marialopez@yahoo.com,3116577035,CE,57778998,INACTIVO
,Luis Rojas,anamartinez@gmail.com,3014408015,TI,69694385,ACTIVO
8843.0,Juan Perez,marialopez@yahoo.com,abc123,TI,71905489,ACTIVO
56761.0,Carlos Gomez,luisrojas@gmail.com,3007894798,CC,,SUSPENDIDO
,Carlos Gomez,carlosgomez@gmail.com,3016631307,TI,35582015,ACTIVO
,Juan Perez,marialopez@gmail.com,3101035081,TI,74786574,ACTIVO
,Maria Lopez,luisrojas@hotmail.com,3021394605,CC,13951371,INACTIVO
,Luis Rojas,marialopez@hotmail.com,3017694196,CC,80378137,INACTIVO
19796.0,Sofia Torres,,3026022728,CC,39631321,ACTIVO
77187.0,Maria Lopez,sofiatorres@gmail.com,3027241703,CC,,ACTIVO
95586.0,Maria Lopez,anamartinez@gmail.com,3029798803,CC,,INACTIVO
69512.0,Carlos Gomez,juanperez@gmail.com,3105784773,TI,49526984,desconocido
65765.0,Juan Perez,sofiatorres@hotmail.com,3002805556,CE,92574132,ACTIVO
31232.0,Maria Lopez,sofiatorres@hotmail.com,3013100983,CC,16645287,ACTIVO
,Maria Lopez,anamartinez@yahoo.com,3017197032,CC,89102314,INACTIVO
62557.0,Juan Perez,,3104321381,CE,67095039,INACTIVO
39210.0,Maria Lopez,,3102928533,CC,57339717,SUSPENDIDO
67590.0,Maria Lopez,sofiatorres@yahoo.com,3107794899,TI,,ACTIVO
65639.0,Ana Martinez,sofiatorres@hotmail.com,3022347662,CE,10362818,desconocido
16398.0,Luis Rojas,luisrojas@hotmail.com,3014085530,CC,89085628,SUSPENDIDO
49748.0,Sofia Torres,sofiatorres@hotmail.com,3106044648,CC,66482317,INACTIVO
286.0,Maria Lopez,,3117909250,CE,64662408,ACTIVO
87798.0,Luis Rojas,carlosgomez@yahoo.com,abc123,CC,61374587,SUSPENDIDO
,Sofia Torres,carlosgomez@yahoo.com,3108217868,CC,56077222,ACTIVO
24700.0,Sofia Torres,,3119744361,TI,86220186,SUSPENDIDO
39079.0,Sofia Torres,carlosgomez@yahoo.com,abc123,CC,88790636,ACTIVO
24051.0,Juan Perez,anamartinez@hotmail.com,abc123,TI,52612897,INACTIVO
99984.0,Carlos Gomez,,3111508009,CE,36293471,SUSPENDIDO
,Ana Martinez,sofiatorres@yahoo.com,3022010177,CE,94060303,INACTIVO
41815.0,Sofia Torres,luisrojas@hotmail.com,3104629589,CC,82085248,desconocido
39072.0,Sofia Torres,anamartinez@gmail.com,3117780095,CE,71460304,desconocido
90682.0,Luis Rojas,luisrojas@yahoo.com,3101250929,CE,,ACTIVO
21949.0,Ana Martinez,luisrojas@hotmail.com,3009078845,CC,41091735,INACTIVO
,Ana Martinez,carlosgomez@gmail.com,3106290614,CE,53344281,ACTIVO
15145.0,Maria Lopez,luisrojas@gmail.com,3111641650,CC,90515289,desconocido
17365.0,Ana Martinez,juanperez@gmail.com,3113632571,TI,,SUSPENDIDO
47829.0,Maria Lopez,carlosgomez@yahoo.com,3015689407,CC,48574587,desconocido
93035.0,Luis Rojas,,3008426281,TI,93077929,SUSPENDIDO
71135.0,Juan Perez,marialopez@yahoo.com,abc123,TI,98748202,SUSPENDIDO
51858.0,Ana Martinez,,3011334202,CE,57895692,INACTIVO
3407.0,Sofia Torres,sofiatorres@hotmail.com,3111356435,CC,58764036,desconocido
16036.0,Ana Martinez,carlosgomez@gmail.com,abc123,CE,82147271,ACTIVO
44210.0,Sofia Torres,carlosgomez@yahoo.com,3029881437,CC,85107339,desconocido
69802.0,Sofia Torres,sofiatorres@hotmail.com,3008839461,CE,55645124,SUSPENDIDO
8414.0,Carlos Gomez,marialopez@gmail.com,abc123,TI,60249652,ACTIVO
2372.0,Ana Martinez,marialopez@hotmail.com,3003139518,CE,67754581,desconocido
30027.0,Juan Perez,marialopez@gmail.com,abc123,TI,50774812,ACTIVO
,Carlos Gomez,marialopez@hotmail.com,3028114228,CC,10579857,SUSPENDIDO
17839.0,Ana Martinez,juanperez@hotmail.com,3002859122,TI,,ACTIVO
21510.0,Ana Martinez,luisrojas@gmail.com,3023183175,CC,62760647,ACTIVO
59283.0,Juan Perez,,3004303293,TI,57579076,SUSPENDIDO
70801.0,Carlos Gomez,,3006423059,CE,65948485,INACTIVO
84850.0,Sofia Torres,juanperez@yahoo.com,3111671661,TI,,SUSPENDIDO
6342.0,Maria Lopez,sofiatorres@yahoo.com,3004261818,CE,89342250,desconocido
21553.0,Maria Lopez,marialopez@yahoo.com,abc123,CC,78152095,SUSPENDIDO
21544.0,Maria Lopez,juanperez@yahoo.com,abc123,CC,91220791,INACTIVO
97787.0,Carlos Gomez,carlosgomez@gmail.com,3027679793,TI,60500831,SUSPENDIDO
99536.0,Juan Perez,luisrojas@yahoo.com,3028938643,CC,,INACTIVO
56812.0,Juan Perez,juanperez@gmail.com,3103397757,CE,65946876,desconocido
25823.0,Ana Martinez,carlosgomez@gmail.com,3019711533,CC,64545223,ACTIVO
34100.0,Maria Lopez,luisrojas@gmail.com,abc123,CE,26842288,ACTIVO
39426.0,Luis Rojas,luisrojas@yahoo.com,abc123,CE,43011832,SUSPENDIDO
,Maria Lopez,carlosgomez@hotmail.com,3009150342,CE,27721398,SUSPENDIDO
,Juan Perez,anamartinez@gmail.com,3022086755,CE,55867614,INACTIVO
80362.0,Ana Martinez,luisrojas@gmail.com,3101075111,CE,54727230,desconocido
71205.0,Maria Lopez,marialopez@gmail.com,3024483388,TI,99072911,desconocido
67532.0,Maria Lopez,sofiatorres@hotmail.com,abc123,CE,16648100,SUSPENDIDO
71268.0,Sofia Torres,,3117608963,TI,51343181,SUSPENDIDO
,Carlos Gomez,juanperez@gmail.com,3005012257,CE,25640449,ACTIVO
48914.0,Ana Martinez,juanperez@gmail.com,abc123,CE,94436299,SUSPENDIDO
34105.0,Luis Rojas,carlosgomez@yahoo.com,abc123,TI,18462750,ACTIVO
60190.0,Maria Lopez,juanperez@yahoo.com,3017656605,CE,97964789,SUSPENDIDO
64444.0,Luis Rojas,juanperez@yahoo.com,3018917040,CE,,ACTIVO
,Sofia Torres,carlosgomez@hotmail.com,3016920113,TI,23619652,SUSPENDIDO
,Ana Martinez,luisrojas@yahoo.com,3114445039,CE,84769131,ACTIVO
85410.0,Luis Rojas,,3115732433,CE,34642135,INACTIVO
24671.0,Sofia Torres,juanperez@gmail.com,3027492208,TI,,SUSPENDIDO
,Carlos Gomez,carlosgomez@hotmail.com,3106074695,CE,71912089,SUSPENDIDO
98617.0,Maria Lopez,anamartinez@gmail.com,3004056608,TI,,INACTIVO
,Ana Martinez,sofiatorres@yahoo.com,3014070257,CE,32889235,INACTIVO
,Luis Rojas,juanperez@yahoo.com,3026130186,CE,67401007,INACTIVO
53174.0,Ana Martinez,anamartinez@yahoo.com,3017097247,CC,77247393,INACTIVO
,Ana Martinez,marialopez@gmail.com,3018978273,TI,33648660,SUSPENDIDO
47836.0,Carlos Gomez,carlosgomez@hotmail.com,3108077525,CE,,ACTIVO
54604.0,Sofia Torres,sofiatorres@gmail.com,abc123,CC,31300624,INACTIVO
,Juan Perez,juanperez@yahoo.com,3002350523,CE,78065402,INACTIVO
11062.0,Luis Rojas,,3106895362,TI,30367071,SUSPENDIDO
11891.0,Luis Rojas,carlosgomez@gmail.com,abc123,CC,34640649,ACTIVO
24755.0,Maria Lopez,marialopez@yahoo.com,3018783215,TI,21069539,desconocido
3093.0,Maria Lopez,,3101128798,TI,70253327,SUSPENDIDO
,Juan Perez,luisrojas@hotmail.com,3002769181,CC,31799468,SUSPENDIDO
95947.0,Sofia Torres,sofiatorres@yahoo.com,abc123,CE,95760471,ACTIVO
97937.0,Juan Perez,,3007923089,TI,30787026,INACTIVO
91281.0,Luis Rojas,sofiatorres@yahoo.com,3112547116,TI,,INACTIVO
,Luis Rojas,luisrojas@hotmail.com,3111408441,CE,85344223,INACTIVO
75077.0,Sofia Torres,juanperez@hotmail.com,abc123,CE,71736748,INACTIVO
,Sofia Torres,juanperez@yahoo.com,3018985064,TI,30544346,SUSPENDIDO
75985.0,Carlos Gomez,carlosgomez@hotmail.com,3011019661,TI,59463941,ACTIVO
83966.0,Carlos Gomez,carlosgomez@yahoo.com,abc123,CE,42767635,ACTIVO
73430.0,Juan Perez,anamartinez@yahoo.com,3005035553,CE,39490187,ACTIVO
,Maria Lopez,marialopez@gmail.com,3028683334,CE,95416640,ACTIVO
22359.0,Maria Lopez,carlosgomez@yahoo.com,3016671874,TI,59350473,INACTIVO
42244.0,Luis Rojas,,3104259341,CE,74035247,SUSPENDIDO
98780.0,Sofia Torres,carlosgomez@yahoo.com,abc123,TI,10693146,INACTIVO
,Maria Lopez,anamartinez@hotmail.com,3105427340,CE,16904779,SUSPENDIDO
71362.0,Sofia Torres,anamartinez@hotmail.com,3026802316,CE,27824942,INACTIVO
28061.0,Carlos Gomez,juanperez@yahoo.com,3016691443,CE,,INACTIVO
9936.0,Juan Perez,anamartinez@gmail.com,3111725481,CE,13983517,desconocido
14256.0,Sofia Torres,,3101936288,CC,72062452,INACTIVO
85250.0,Juan Perez,juanperez@gmail.com,3016766824,CC,48261941,desconocido
76735.0,Sofia Torres,marialopez@hotmail.com,3024514990,CE,,ACTIVO
67939.0,Juan Perez,marialopez@yahoo.com,3003795913,CC,,INACTIVO
8190.0,Carlos Gomez,,3025708781,CE,28607309,ACTIVO
80497.0,Luis Rojas,marialopez@yahoo.com,3105117203,TI,75086181,SUSPENDIDO
34142.0,Maria Lopez,carlosgomez@gmail.com,3116639076,CE,,INACTIVO
19244.0,Luis Rojas,sofiatorres@yahoo.com,3118972410,TI,,SUSPENDIDO
56015.0,Luis Rojas,sofiatorres@hotmail.com,abc123,CC,34566218,INACTIVO
49804.0,Carlos Gomez,carlosgomez@gmail.com,3022287302,CC,,SUSPENDIDO
41874.0,Luis Rojas,sofiatorres@gmail.com,3023682703,CC,49369967,SUSPENDIDO
60844.0,Luis Rojas,,3005115108,CC,98738815,ACTIVO
18286.0,Maria Lopez,,3029861184,CE,95269738,ACTIVO
,Juan Perez,anamartinez@yahoo.com,3002326396,CC,39333558,SUSPENDIDO
69989.0,Juan Perez,juanperez@hotmail.com,3019681969,CC,16898475,desconocido
,Maria Lopez,luisrojas@gmail.com,3104895608,CC,30865727,INACTIVO
68008.0,Ana Martinez,luisrojas@hotmail.com,3024180277,CE,,INACTIVO
25316.0,Carlos Gomez,sofiatorres@gmail.com,3002852925,CC,,ACTIVO
59245.0,Juan Perez,carlosgomez@yahoo.com,abc123,CE,76516962,SUSPENDIDO
27795.0,Sofia Torres,sofiatorres@gmail.com,3026384315,CE,50072170,ACTIVO
96386.0,Luis Rojas,luisrojas@hotmail.com,abc123,CC,76246146,ACTIVO
,Maria Lopez,anamartinez@hotmail.com,3114445343,CC,47870073,INACTIVO
88487.0,Ana Martinez,juanperez@yahoo.com,abc123,TI,15561853,ACTIVO
,Juan Perez,anamartinez@hotmail.com,3013171887,CC,79766234,SUSPENDIDO
16268.0,Maria Lopez,,3013093824,CE,72795688,INACTIVO
11138.0,Maria Lopez,sofiatorres@yahoo.com,3117208324,CE,,INACTIVO
97422.0,Luis Rojas,juanperez@hotmail.com,abc123,TI,20590065,INACTIVO
69831.0,Sofia Torres,luisrojas@gmail.com,abc123,CC,75440361,INACTIVO
67079.0,Carlos Gomez,anamartinez@yahoo.com,3013424766,TI,33655117,INACTIVO
86564.0,Ana Martinez,juanperez@gmail.com,3105651522,CC,,ACTIVO
49114.0,Sofia Torres,,3018675542,CC,52521087,ACTIVO
79977.0,Ana Martinez,marialopez@yahoo.com,3001495936,TI,36853236,desconocido
,Luis Rojas,sofiatorres@hotmail.com,3028675308,CC,63712019,SUSPENDIDO
36880.0,Ana Martinez,carlosgomez@hotmail.com,abc123,TI,13723793,ACTIVO
67838.0,Luis Rojas,carlosgomez@hotmail.com,abc123,TI,76067353,INACTIVO
84975.0,Ana Martinez,luisrojas@gmail.com,3002733630,CC,62268552,INACTIVO
68567.0,Juan Perez,marialopez@gmail.com,3118156582,CC,78194631,desconocido
55288.0,Sofia Torres,marialopez@hotmail.com,abc123,CE,59461818,SUSPENDIDO
14119.0,Maria Lopez,luisrojas@gmail.com,3117458339,CE,,ACTIVO
18764.0,Juan Perez,anamartinez@hotmail.com,3001945623,CE,,ACTIVO
,Ana Martinez,juanperez@yahoo.com,3013352629,TI,74646609,ACTIVO
,Juan Perez,luisrojas@yahoo.com,3024045304,CE,18082195,SUSPENDIDO
65022.0,Ana Martinez,carlosgomez@gmail.com,abc123,CC,95217337,ACTIVO
,Ana Martinez,marialopez@yahoo.com,3107725521,CE,28909856,ACTIVO
43519.0,Luis Rojas,sofiatorres@yahoo.com,abc123,CE,87681691,ACTIVO
70062.0,Luis Rojas,anamartinez@hotmail.com,3111068148,CC,,ACTIVO
74275.0,Carlos Gomez,juanperez@hotmail.com,abc123,CE,79328541,INACTIVO
42947.0,Luis Rojas,,3113771245,TI,44755848,SUSPENDIDO
11278.0,Maria Lopez,,3015456355,TI,30442667,SUSPENDIDO
10804.0,Carlos Gomez,,3102088518,CC,38906549,INACTIVO
22503.0,Carlos Gomez,luisrojas@hotmail.com,3002356763,TI,93232172,desconocido
90240.0,Juan Perez,,3109527760,TI,44879117,SUSPENDIDO
18724.0,Maria Lopez,luisrojas@yahoo.com,3005290597,CE,86716757,ACTIVO
4647.0,Carlos Gomez,,3021838694,TI,38988885,SUSPENDIDO
82707.0,Maria Lopez,marialopez@hotmail.com,3113768986,CE,,INACTIVO
9335.0,Luis Rojas,luisrojas@gmail.com,3105379731,CE,,ACTIVO
1892.0,Sofia Torres,marialopez@hotmail.com,abc123,CE,90934310,ACTIVO
46538.0,Ana Martinez,carlosgomez@gmail.com,3109491730,CE,,ACTIVO
78007.0,Maria Lopez,carlosgomez@hotmail.com,abc123,CC,85187453,ACTIVO
,Maria Lopez,anamartinez@gmail.com,3106051003,CE,91629912,SUSPENDIDO
51958.0,Juan Perez,carlosgomez@hotmail.com,3117292278,TI,86835250,desconocido
15453.0,Luis Rojas,marialopez@hotmail.com,abc123,CE,30831300,ACTIVO
,Luis Rojas,sofiatorres@yahoo.com,3026741260,TI,86655708,SUSPENDIDO
,Luis Rojas,marialopez@hotmail.com,3109678012,CE,80810197,SUSPENDIDO
,Juan Perez,sofiatorres@hotmail.com,3112839352,TI,46488512,ACTIVO
37618.0,Sofia Torres,marialopez@hotmail.com,abc123,CE,50084937,SUSPENDIDO
,Sofia Torres,anamartinez@yahoo.com,3023746829,CE,91744618,ACTIVO
55233.0,Carlos Gomez,marialopez@gmail.com,3118457317,TI,,ACTIVO
57536.0,Ana Martinez,,3116453362,CE,14380978,SUSPENDIDO
37746.0,Juan Perez,,3106892876,CC,20087122,SUSPENDIDO
44658.0,Maria Lopez,carlosgomez@hotmail.com,3028109934,CC,,SUSPENDIDO
23663.0,Carlos Gomez,,3017530290,TI,18123649,SUSPENDIDO
10830.0,Sofia Torres,anamartinez@yahoo.com,abc123,TI,39046700,INACTIVO
22164.0,Luis Rojas,,3105397702,CC,70904544,SUSPENDIDO
,Luis Rojas,sofiatorres@yahoo.com,3021102637,CC,38229472,SUSPENDIDO
82881.0,Maria Lopez,,3017436841,TI,73465913,ACTIVO
63313.0,Sofia Torres,carlosgomez@yahoo.com,abc123,CC,61437783,ACTIVO
21453.0,Sofia Torres,,3017509698,TI,39457938,ACTIVO
53839.0,Ana Martinez,juanperez@hotmail.com,abc123,CE,65886212,SUSPENDIDO
24643.0,Carlos Gomez,,3026722836,CE,67677097,SUSPENDIDO
59636.0,Carlos Gomez,,3012685527,CE,43857424,SUSPENDIDO
43940.0,Carlos Gomez,sofiatorres@hotmail.com,3104203022,CC,,ACTIVO
19859.0,Ana Martinez,carlosgomez@yahoo.com,3027490014,CE,49515867,desconocido
36609.0,Juan Perez,anamartinez@yahoo.com,abc123,CE,62214694,INACTIVO
73335.0,Juan Perez,,3012863147,CE,71407886,INACTIVO
51098.0,Maria Lopez,,3027482950,CC,64359854,INACTIVO
88819.0,Luis Rojas,,3025851623,TI,79384128,INACTIVO
88754.0,Maria Lopez,marialopez@gmail.com,abc123,CC,73008387,SUSPENDIDO
17081.0,Maria Lopez,marialopez@yahoo.com,3015961467,CC,,ACTIVO
,Maria Lopez,luisrojas@hotmail.com,3013150045,TI,21039274,ACTIVO
,Sofia Torres,marialopez@hotmail.com,3101959397,CC,35050275,SUSPENDIDO
22311.0,Ana Martinez,carlosgomez@yahoo.com,abc123,TI,18525359,INACTIVO
55493.0,Carlos Gomez,anamartinez@hotmail.com,3119657623,TI,81694736,INACTIVO
19015.0,Maria Lopez,carlosgomez@gmail.com,3025969872,CE,27109685,desconocido
10351.0,Juan Perez,,3015187842,TI,58281039,INACTIVO
74351.0,Carlos Gomez,,3003950590,CE,95329691,INACTIVO
6602.0,Maria Lopez,,3028220672,CE,59991455,SUSPENDIDO
56342.0,Ana Martinez,carlosgomez@hotmail.com,3111114223,CE,32425821,desconocido
45396.0,Maria Lopez,juanperez@hotmail.com,abc123,CC,36945125,INACTIVO
90782.0,Carlos Gomez,sofiatorres@yahoo.com,3116533174,CC,,ACTIVO
82230.0,Carlos Gomez,carlosgomez@hotmail.com,3014626473,CC,,SUSPENDIDO
58121.0,Maria Lopez,luisrojas@yahoo.com,3012139926,CC,,SUSPENDIDO
,Sofia Torres,sofiatorres@hotmail.com,3022985463,CC,25922197,SUSPENDIDO
58985.0,Carlos Gomez,marialopez@yahoo.com,3003463359,TI,91613647,desconocido
,Sofia Torres,carlosgomez@gmail.com,3023713681,TI,77335789,ACTIVO
,Ana Martinez,luisrojas@yahoo.com,3009532291,CE,99550973,ACTIVO
45998.0,Sofia Torres,juanperez@yahoo.com,abc123,CC,27972566,INACTIVO
97720.0,Sofia Torres,,3109333184,CC,80389689,SUSPENDIDO
44473.0,Juan Perez,,3006757442,TI,22508404,SUSPENDIDO
81890.0,Maria Lopez,luisrojas@hotmail.com,3103190405,TI,54293056,desconocido
75845.0,Luis Rojas,juanperez@gmail.com,3028076487,CE,,ACTIVO
10423.0,Ana Martinez,,3024686666,CC,57555092,ACTIVO
62949.0,Sofia Torres,sofiatorres@yahoo.com,3105816812,CE,,ACTIVO
54554.0,Luis Rojas,,3115394678,TI,85335265,ACTIVO
,Luis Rojas,anamartinez@gmail.com,3027941175,TI,48862894,INACTIVO
92144.0,Sofia Torres,sofiatorres@gmail.com,3114652444,TI,15627260,INACTIVO
55177.0,Sofia Torres,luisrojas@hotmail.com,abc123,CC,59201196,ACTIVO
,Ana Martinez,anamartinez@yahoo.com,3115641006,CE,93566514,ACTIVO
48368.0,Sofia Torres,sofiatorres@gmail.com,3027007471,TI,73823876,desconocido
,Carlos Gomez,marialopez@yahoo.com,3011701443,CC,51101593,INACTIVO
93001.0,Maria Lopez,,3109962017,TI,67380499,SUSPENDIDO
81827.0,Luis Rojas,carlosgomez@gmail.com,abc123,CC,86632652,ACTIVO
87797.0,Maria Lopez,sofiatorres@yahoo.com,3017010391,TI,91324626,desconocido
23206.0,Maria Lopez,anamartinez@hotmail.com,3115309538,CC,,SUSPENDIDO
4401.0,Sofia Torres,anamartinez@hotmail.com,abc123,CE,87188525,ACTIVO
10734.0,Ana Martinez,juanperez@hotmail.com,3022857978,CE,,INACTIVO
40334.0,Juan Perez,,3012208659,CC,52226319,INACTIVO
3753.0,Maria Lopez,marialopez@hotmail.com,abc123,CC,52415402,ACTIVO
80603.0,Sofia Torres,,3029399994,CE,11173687,ACTIVO
37215.0,Carlos Gomez,luisrojas@hotmail.com,3004614070,TI,,INACTIVO
76846.0,Carlos Gomez,carlosgomez@gmail.com,3101219786,CC,,ACTIVO
,Ana Martinez,carlosgomez@hotmail.com,3007295124,TI,79270087,INACTIVO
,Maria Lopez,sofiatorres@yahoo.com,3004398270,CC,59573106,SUSPENDIDO
78710.0,Juan Perez,sofiatorres@gmail.com,3109619418,TI,47165085,INACTIVO
,Maria Lopez,luisrojas@yahoo.com,3014099844,CE,36432500,ACTIVO
9795.0,Maria Lopez,carlosgomez@yahoo.com,3106390371,TI,84009820,desconocido
83102.0,Luis Rojas,,3117740386,TI,57406167,ACTIVO
50797.0,Maria Lopez,sofiatorres@hotmail.com,3013532134,CC,41987238,SUSPENDIDO
84010.0,Sofia Torres,marialopez@gmail.com,3117483370,CE,,INACTIVO
67330.0,Ana Martinez,anamartinez@hotmail.com,3028411758,CC,84077935,INACTIVO
,Luis Rojas,luisrojas@yahoo.com,3019631429,TI,58101164,ACTIVO
40700.0,Sofia Torres,,3103337621,TI,75768195,SUSPENDIDO
,Carlos Gomez,luisrojas@yahoo.com,3004108418,TI,70189402,INACTIVO
27581.0,Carlos Gomez,sofiatorres@yahoo.com,abc123,CE,75651362,INACTIVO
,Sofia Torres,anamartinez@hotmail.com,3004012489,CE,41567649,ACTIVO
93254.0,Juan Perez,,3113935789,CE,68319595,INACTIVO
174.0,Carlos Gomez,anamartinez@yahoo.com,abc123,CC,88008611,INACTIVO
47811.0,Luis Rojas,juanperez@yahoo.com,3025384869,TI,,INACTIVO
90519.0,Luis Rojas,,3014594996,CC,86697402,INACTIVO
49799.0,Carlos Gomez,carlosgomez@yahoo.com,abc123,CE,78042333,SUSPENDIDO
,Ana Martinez,juanperez@hotmail.com,3103846388,TI,41575424,ACTIVO
7687.0,Luis Rojas,,3109334346,CC,84240013,INACTIVO
86813.0,Sofia Torres,,3016416397,CE,27586317,ACTIVO
42534.0,Carlos Gomez,,3011332063,CE,23993823,ACTIVO
61258.0,Carlos Gomez,,3016442331,CE,59646122,ACTIVO
15448.0,Juan Perez,anamartinez@hotmail.com,3022926677,CC,63127570,desconocido
75313.0,Ana Martinez,luisrojas@yahoo.com,3017243637,CE,58481095,desconocido
,Maria Lopez,marialopez@gmail.com,3021857498,TI,14863248,INACTIVO
78102.0,Ana Martinez,,3103489265,CE,96025597,INACTIVO
83094.0,Juan Perez,carlosgomez@gmail.com,abc123,TI,17991661,ACTIVO
28570.0,Luis Rojas,carlosgomez@yahoo.com,3003335365,CE,99006745,ACTIVO
97125.0,Carlos Gomez,luisrojas@hotmail.com,3105801544,CC,,INACTIVO
,Carlos Gomez,luisrojas@yahoo.com,3103637926,CE,16273729,INACTIVO
13806.0,Juan Perez,juanperez@yahoo.com,3012299047,CE,57275653,desconocido
41151.0,Carlos Gomez,,3026500560,CE,84469080,SUSPENDIDO
11952.0,Maria Lopez,carlosgomez@gmail.com,3027930355,CE,,INACTIVO
,Sofia Torres,carlosgomez@yahoo.com,3026539180,CC,53046497,ACTIVO
97921.0,Maria Lopez,sofiatorres@gmail.com,3119723996,TI,,ACTIVO
37404.0,Luis Rojas,juanperez@yahoo.com,3106650438,CE,89647951,desconocido
74534.0,Carlos Gomez,carlosgomez@yahoo.com,3005538105,TI,,SUSPENDIDO
69250.0,Sofia Torres,marialopez@gmail.com,3016144893,CE,63557124,desconocido
91431.0,Juan Perez,marialopez@gmail.com,abc123,CC,41082607,ACTIVO
,Juan Perez,sofiatorres@hotmail.com,3008023349,TI,70086872,ACTIVO
46133.0,Maria Lopez,carlosgomez@hotmail.com,abc123,CC,98139014,INACTIVO
2258.0,Sofia Torres,luisrojas@gmail.com,3003862520,CC,,INACTIVO
12332.0,Carlos Gomez,marialopez@hotmail.com,3106606671,CE,,INACTIVO
4249.0,Sofia Torres,luisrojas@hotmail.com,abc123,CE,31932403,SUSPENDIDO
30431.0,Juan Perez,sofiatorres@gmail.com,3014732041,TI,60044306,SUSPENDIDO
,Sofia Torres,juanperez@hotmail.com,3026521146,CC,43530362,INACTIVO
3146.0,Ana Martinez,marialopez@yahoo.com,3112628434,CE,,INACTIVO
,Maria Lopez,anamartinez@gmail.com,3118230863,CC,61179540,ACTIVO
16421.0,Juan Perez,sofiatorres@hotmail.com,abc123,CE,75648938,ACTIVO
48697.0,Carlos Gomez,,3109448328,TI,86983111,SUSPENDIDO
89907.0,Carlos Gomez,,3019575920,CE,87148036,SUSPENDIDO
12051.0,Luis Rojas,,3014179452,CC,48308608,INACTIVO
24021.0,Luis Rojas,carlosgomez@hotmail.com,3008420349,CC,,ACTIVO
,Juan Perez,juanperez@gmail.com,3024308311,CC,69634416,SUSPENDIDO
59051.0,Juan Perez,anamartinez@hotmail.com,abc123,CC,49377058,ACTIVO
,Carlos Gomez,anamartinez@hotmail.com,3018141693,CC,66360317,SUSPENDIDO
,Maria Lopez,marialopez@hotmail.com,3102652648,CE,18643780,ACTIVO
40552.0,Ana Martinez,sofiatorres@hotmail.com,abc123,CC,11613720,ACTIVO
76882.0,Luis Rojas,luisrojas@gmail.com,abc123,CE,63399090,ACTIVO
34380.0,Maria Lopez,luisrojas@gmail.com,3001971323,CE,83464812,desconocido
64527.0,Maria Lopez,anamartinez@yahoo.com,3014950175,CE,15303341,desconocido
19466.0,Carlos Gomez,luisrojas@hotmail.com,3116864268,CE,,INACTIVO
1681.0,Ana Martinez,carlosgomez@gmail.com,abc123,TI,13267101,INACTIVO
13641.0,Carlos Gomez,sofiatorres@gmail.com,abc123,TI,17303703,INACTIVO
,Luis Rojas,carlosgomez@gmail.com,3004138496,CC,15043731,ACTIVO
,Maria Lopez,carlosgomez@gmail.com,3018633781,TI,34792556,INACTIVO
92511.0,Juan Perez,marialopez@gmail.com,3109370275,TI,42739084,INACTIVO
57043.0,Carlos Gomez,luisrojas@hotmail.com,3017544481,TI,,ACTIVO
,Ana Martinez,anamartinez@gmail.com,3003830427,CE,89931662,ACTIVO
43343.0,Maria Lopez,luisrojas@gmail.com,3112795246,CC,,SUSPENDIDO
99915.0,Sofia Torres,marialopez@hotmail.com,3111015713,CC,27852385,INACTIVO
11412.0,Carlos Gomez,,3026940361,CC,83264055,SUSPENDIDO
,Sofia Torres,carlosgomez@gmail.com,3014364297,TI,77568438,ACTIVO
12491.0,Carlos Gomez,luisrojas@hotmail.com,3021938931,CC,,INACTIVO
27692.0,Maria Lopez,anamartinez@gmail.com,abc123,TI,77456186,INACTIVO
66209.0,Sofia Torres,,3105013499,CC,25881789,INACTIVO
38898.0,Sofia Torres,,3107263958,CC,41273205,SUSPENDIDO
40116.0,Juan Perez,marialopez@gmail.com,abc123,CC,15018711,SUSPENDIDO
16782.0,Maria Lopez,anamartinez@gmail.com,3029651712,TI,,ACTIVO
73764.0,Sofia Torres,,3027032267,TI,77818420,SUSPENDIDO
,Sofia Torres,carlosgomez@yahoo.com,3014647819,CE,70894568,INACTIVO
32492.0,Maria Lopez,anamartinez@yahoo.com,3014675005,CC,,INACTIVO
,Maria Lopez,sofiatorres@yahoo.com,3117876857,CE,45301804,SUSPENDIDO
90275.0,Sofia Torres,,3026644601,TI,51267079,ACTIVO
64545.0,Juan Perez,,3013226330,CE,22802742,INACTIVO
3559.0,Carlos Gomez,marialopez@yahoo.com,abc123,CC,99764875,SUSPENDIDO
79638.0,Maria Lopez,marialopez@gmail.com,3112760330,TI,,ACTIVO
1286.0,Maria Lopez,anamartinez@yahoo.com,3102313406,CE,,SUSPENDIDO
92646.0,Juan Perez,,3011115222,CE,71704609,SUSPENDIDO
21737.0,Sofia Torres,,3103106207,CC,10504764,INACTIVO
47103.0,Ana Martinez,,3017890634,CC,53974495,SUSPENDIDO
9215.0,Luis Rojas,carlosgomez@gmail.com,3028762158,CC,86987127,desconocido
68519.0,Carlos Gomez,juanperez@hotmail.com,3013553826,TI,88182777,desconocido
86017.0,Ana Martinez,carlosgomez@hotmail.com,3017293366,CC,73270826,desconocido
74031.0,Carlos Gomez,sofiatorres@gmail.com,3016574376,TI,90418702,desconocido
9726.0,Sofia Torres,,3113635777,CE,79671138,SUSPENDIDO
91294.0,Carlos Gomez,,3011500597,CE,84465846,SUSPENDIDO
84255.0,Juan Perez,,3001351565,CC,14139004,INACTIVO
57887.0,Carlos Gomez,carlosgomez@hotmail.com,3016971528,CE,70142248,desconocido
56520.0,Maria Lopez,carlosgomez@hotmail.com,3015214040,CC,99610410,INACTIVO
29906.0,Ana Martinez,anamartinez@gmail.com,abc123,CC,86158952,ACTIVO
61583.0,Sofia Torres,,3007810019,TI,13096483,ACTIVO
36090.0,Juan Perez,carlosgomez@gmail.com,3023947595,TI,,INACTIVO
75665.0,Maria Lopez,marialopez@hotmail.com,3106953534,CE,96602444,SUSPENDIDO
19109.0,Ana Martinez,sofiatorres@yahoo.com,3109390770,CE,54783643,desconocido
,Juan Perez,marialopez@hotmail.com,3029565089,CE,15012238,SUSPENDIDO
27732.0,Sofia Torres,luisrojas@gmail.com,abc123,CC,33926963,INACTIVO
68004.0,Sofia Torres,marialopez@gmail.com,3119429340,CE,,INACTIVO
38789.0,Juan Perez,sofiatorres@gmail.com,3022529128,CE,,SUSPENDIDO
,Sofia Torres,carlosgomez@gmail.com,3109110777,CE,11204882,SUSPENDIDO
78847.0,Maria Lopez,sofiatorres@gmail.com,3114027737,TI,72877087,INACTIVO
78976.0,Ana Martinez,,3022754678,CE,22364710,INACTIVO
,Luis Rojas,juanperez@gmail.com,3007053750,CE,12874439,SUSPENDIDO
42969.0,Juan Perez,marialopez@gmail.com,3112285589,CE,,ACTIVO
63163.0,Luis Rojas,sofiatorres@hotmail.com,abc123,TI,79527641,INACTIVO
47.0,Juan Perez,anamartinez@hotmail.com,abc123,TI,76117435,SUSPENDIDO
50808.0,Juan Perez,juanperez@hotmail.com,3029231243,CE,,ACTIVO
43769.0,Juan Perez,sofiatorres@yahoo.com,3001077186,TI,,SUSPENDIDO
22111.0,Sofia Torres,sofiatorres@gmail.com,3104824352,TI,46857506,ACTIVO
97033.0,Luis Rojas,,3014827531,TI,16298802,SUSPENDIDO
8454.0,Maria Lopez,anamartinez@yahoo.com,abc123,CC,93225582,INACTIVO
28629.0,Maria Lopez,juanperez@hotmail.com,3008520552,CC,,ACTIVO
58398.0,Carlos Gomez,,3118972783,CE,46697369,INACTIVO
78593.0,Ana Martinez,luisrojas@yahoo.com,abc123,TI,23239815,SUSPENDIDO
827.0,Juan Perez,marialopez@hotmail.com,abc123,CC,53683626,INACTIVO
28683.0,Maria Lopez,luisrojas@hotmail.com,3005665923,CC,,INACTIVO
52577.0,Sofia Torres,juanperez@yahoo.com,3026031734,CE,90173678,SUSPENDIDO
11486.0,Ana Martinez,anamartinez@hotmail.com,3117122429,TI,,ACTIVO
14659.0,Ana Martinez,sofiatorres@hotmail.com,abc123,TI,69539965,ACTIVO
61339.0,Maria Lopez,carlosgomez@yahoo.com,3027957152,CC,72749592,INACTIVO
82908.0,Maria Lopez,marialopez@yahoo.com,abc123,CE,75637714,SUSPENDIDO
65106.0,Juan Perez,,3004596474,CC,30971294,SUSPENDIDO
52588.0,Luis Rojas,anamartinez@yahoo.com,3027535052,CC,,ACTIVO
,Maria Lopez,luisrojas@hotmail.com,3023767703,CC,65394689,SUSPENDIDO
30900.0,Ana Martinez,carlosgomez@yahoo.com,3007265290,TI,15798735,SUSPENDIDO
,Ana Martinez,sofiatorres@hotmail.com,3116867490,CE,23851236,ACTIVO
46526.0,Ana Martinez,,3023500274,CC,76724741,INACTIVO
6542.0,Ana Martinez,juanperez@gmail.com,3117451642,CE,99938938,ACTIVO
,Maria Lopez,sofiatorres@hotmail.com,3002043642,CC,29708022,SUSPENDIDO
16009.0,Ana Martinez,luisrojas@yahoo.com,3113116405,CC,,INACTIVO
51803.0,Carlos Gomez,sofiatorres@yahoo.com,abc123,CC,12338301,SUSPENDIDO
74355.0,Juan Perez,marialopez@gmail.com,3114995841,CC,98040372,INACTIVO
3159.0,Sofia Torres,juanperez@yahoo.com,3119820490,CC,35542743,desconocido
8974.0,Juan Perez,,3019454197,TI,90197853,ACTIVO
91044.0,Luis Rojas,marialopez@gmail.com,3001865373,CE,35219229,SUSPENDIDO
,Sofia Torres,carlosgomez@gmail.com,3007081698,CC,87081223,ACTIVO
,Maria Lopez,luisrojas@gmail.com,3019254400,TI,61216145,INACTIVO
7584.0,Luis Rojas,marialopez@gmail.com,3022150735,TI,74213556,INACTIVO
54942.0,Sofia Torres,sofiatorres@hotmail.com,3106983890,CE,,INACTIVO
64360.0,Juan Perez,carlosgomez@yahoo.com,3026855925,CE,,ACTIVO
14471.0,Juan Perez,,3118778380,CE,73439437,SUSPENDIDO
48719.0,Luis Rojas,,3113197633,TI,75996951,INACTIVO
70467.0,Juan Perez,carlosgomez@gmail.com,abc123,TI,58303923,INACTIVO
,Juan Perez,carlosgomez@yahoo.com,3101673975,TI,61748060,ACTIVO
93900.0,Juan Perez,,3107384774,TI,38269864,SUSPENDIDO
45182.0,Luis Rojas,luisrojas@yahoo.com,3011065260,TI,,ACTIVO
1754.0,Juan Perez,luisrojas@hotmail.com,3029112070,CC,94874461,INACTIVO
,Luis Rojas,anamartinez@gmail.com,3026224593,CC,15727318,INACTIVO
23373.0,Carlos Gomez,,3118674926,TI,23401079,INACTIVO
,Maria Lopez,juanperez@hotmail.com,3012730523,CE,62063735,ACTIVO
23339.0,Maria Lopez,luisrojas@yahoo.com,3104710149,CC,,SUSPENDIDO
63003.0,Maria Lopez,juanperez@yahoo.com,3115909836,TI,78227184,desconocido
,Carlos Gomez,juanperez@hotmail.com,3007048923,CC,90749664,SUSPENDIDO
82924.0,Carlos Gomez,,3017673910,CE,38131496,INACTIVO
23882.0,Juan Perez,marialopez@yahoo.com,3107180699,CE,55536299,desconocido
99327.0,Carlos Gomez,marialopez@gmail.com,3021592655,TI,,ACTIVO
,Juan Perez,marialopez@gmail.com,3025661883,CC,73002568,INACTIVO
22772.0,Juan Perez,anamartinez@gmail.com,3104000850,CE,75596109,desconocido
,Sofia Torres,carlosgomez@gmail.com,3025308143,CC,95702135,INACTIVO
5561.0,Carlos Gomez,luisrojas@yahoo.com,3111728406,CE,15126055,desconocido
62956.0,Ana Martinez,marialopez@hotmail.com,3114196544,CC,,SUSPENDIDO
8339.0,Juan Perez,sofiatorres@gmail.com,abc123,CC,33700971,INACTIVO
23686.0,Ana Martinez,anamartinez@hotmail.com,abc123,CE,34752688,INACTIVO
4270.0,Luis Rojas,marialopez@gmail.com,abc123,TI,27064984,SUSPENDIDO
11525.0,Juan Perez,,3002250477,CE,10043226,ACTIVO
,Ana Martinez,anamartinez@hotmail.com,3005821033,CC,46850028,INACTIVO
45795.0,Juan Perez,luisrojas@gmail.com,abc123,CC,19582833,SUSPENDIDO
57076.0,Ana Martinez,luisrojas@yahoo.com,3114500970,TI,,SUSPENDIDO
41864.0,Sofia Torres,,3108269970,CC,92020762,INACTIVO
56060.0,Maria Lopez,anamartinez@yahoo.com,3021867876,CE,,ACTIVO
35763.0,Maria Lopez,juanperez@yahoo.com,3025678610,CC,,INACTIVO
89425.0,Juan Perez,,3017362680,TI,17132532,SUSPENDIDO
84547.0,Juan Perez,luisrojas@hotmail.com,abc123,TI,99496571,SUSPENDIDO
,Sofia Torres,sofiatorres@yahoo.com,3013661379,CC,14223422,ACTIVO
96354.0,Juan Perez,marialopez@yahoo.com,abc123,CE,46338017,SUSPENDIDO
37098.0,Luis Rojas,sofiatorres@yahoo.com,3118565380,TI,14919180,desconocido
90015.0,Maria Lopez,sofiatorres@hotmail.com,abc123,CC,91404646,INACTIVO
54274.0,Sofia Torres,marialopez@gmail.com,3006622630,TI,,INACTIVO
43707.0,Luis Rojas,anamartinez@hotmail.com,3025340027,CC,,INACTIVO
50679.0,Sofia Torres,anamartinez@gmail.com,3105739381,CC,,INACTIVO
85168.0,Sofia Torres,marialopez@hotmail.com,3004141793,CC,,SUSPENDIDO
22433.0,Ana Martinez,sofiatorres@gmail.com,abc123,TI,31757221,ACTIVO
53648.0,Sofia Torres,,3023305089,TI,86877444,SUSPENDIDO
67909.0,Maria Lopez,carlosgomez@gmail.com,3115557852,CE,78051894,ACTIVO
,Ana Martinez,marialopez@yahoo.com,3016017489,CC,12042865,SUSPENDIDO
,Juan Perez,marialopez@gmail.com,3115442790,CC,31796855,INACTIVO
55721.0,Sofia Torres,luisrojas@yahoo.com,abc123,TI,35775182,ACTIVO
70519.0,Ana Martinez,anamartinez@yahoo.com,3112843244,CC,47467621,desconocido
57527.0,Maria Lopez,anamartinez@yahoo.com,3027115027,TI,86233279,ACTIVO
55642.0,Sofia Torres,juanperez@yahoo.com,3115524941,CE,35745095,desconocido
,Carlos Gomez,juanperez@yahoo.com,3024580839,CC,55879790,SUSPENDIDO
,Sofia Torres,juanperez@gmail.com,3008043174,TI,49131728,INACTIVO
58095.0,Sofia Torres,,3026568470,CE,19739958,SUSPENDIDO
70154.0,Ana Martinez,marialopez@yahoo.com,3116018199,TI,64792656,desconocido
,Juan Perez,luisrojas@yahoo.com,3019157280,TI,51874429,INACTIVO
75077.0,Ana Martinez,carlosgomez@hotmail.com,3115189450,CC,70642823,ACTIVO
,Maria Lopez,sofiatorres@gmail.com,3022939572,CE,67230973,INACTIVO
48965.0,Ana Martinez,,3021895774,CC,59678099,INACTIVO
50221.0,Maria Lopez,,3027281322,TI,91101050,INACTIVO
20648.0,Sofia Torres,anamartinez@yahoo.com,3007120207,CE,,INACTIVO
36168.0,Sofia Torres,,3107653432,CE,40134376,ACTIVO
43214.0,Luis Rojas,anamartinez@yahoo.com,3102674095,CC,,INACTIVO
3805.0,Sofia Torres,luisrojas@gmail.com,abc123,TI,71025569,SUSPENDIDO
89453.0,Sofia Torres,,3007066728,CE,57634797,INACTIVO
54037.0,Sofia Torres,luisrojas@hotmail.com,abc123,TI,34059639,ACTIVO
,Sofia Torres,anamartinez@yahoo.com,3029507458,CC,12061983,INACTIVO
69847.0,Luis Rojas,carlosgomez@gmail.com,3017882192,TI,,SUSPENDIDO
72042.0,Sofia Torres,marialopez@hotmail.com,3021601933,CC,,SUSPENDIDO
13518.0,Juan Perez,luisrojas@yahoo.com,3019307953,CE,41902114,desconocido
22241.0,Sofia Torres,carlosgomez@hotmail.com,3106016700,CE,,ACTIVO
6032.0,Carlos Gomez,,3102921462,CE,39245362,ACTIVO
59312.0,Luis Rojas,,3104279012,TI,50014815,INACTIVO
55554.0,Maria Lopez,sofiatorres@gmail.com,abc123,TI,27599420,ACTIVO
5323.0,Ana Martinez,,3016577425,CC,72284758,INACTIVO
57653.0,Juan Perez,marialopez@gmail.com,3112632284,CC,27594725,desconocido
4549.0,Maria Lopez,,3114580462,TI,11078724,SUSPENDIDO
89452.0,Juan Perez,,3021013428,CE,88543345,INACTIVO
99143.0,Sofia Torres,anamartinez@yahoo.com,3002858825,TI,97943641,ACTIVO
62664.0,Sofia Torres,anamartinez@hotmail.com,3004965542,CE,,SUSPENDIDO
64099.0,Ana Martinez,marialopez@yahoo.com,3029742078,CE,,SUSPENDIDO
71792.0,Maria Lopez,anamartinez@yahoo.com,3111251437,CC,,INACTIVO
14598.0,Luis Rojas,,3019112593,CC,18825251,SUSPENDIDO
,Carlos Gomez,anamartinez@gmail.com,3115116312,CE,71749558,ACTIVO
17702.0,Carlos Gomez,,3025367923,TI,18412350,SUSPENDIDO
,Sofia Torres,marialopez@yahoo.com,3011250168,CC,51690769,INACTIVO
46789.0,Ana Martinez,anamartinez@hotmail.com,3011720548,TI,,SUSPENDIDO
26113.0,Maria Lopez,sofiatorres@yahoo.com,abc123,TI,66236578,ACTIVO
77427.0,Juan Perez,,3015749886,CE,52527171,SUSPENDIDO
39207.0,Sofia Torres,luisrojas@yahoo.com,abc123,TI,24846409,INACTIVO
19427.0,Carlos Gomez,juanperez@hotmail.com,abc123,TI,86316955,SUSPENDIDO
56624.0,Luis Rojas,,3003588528,TI,85409213,SUSPENDIDO
,Maria Lopez,juanperez@hotmail.com,3119111434,CC,53996753,ACTIVO
28909.0,Sofia Torres,juanperez@hotmail.com,3019958342,CE,90019655,SUSPENDIDO
,Carlos Gomez,marialopez@gmail.com,3117637582,TI,83204310,SUSPENDIDO
88853.0,Maria Lopez,,3001867822,CE,71712420,INACTIVO
87874.0,Luis Rojas,marialopez@hotmail.com,3021956999,CE,38392507,INACTIVO
10580.0,Maria Lopez,anamartinez@gmail.com,abc123,TI,33403486,ACTIVO
6430.0,Maria Lopez,,3026995781,CE,39756525,SUSPENDIDO
89012.0,Carlos Gomez,marialopez@yahoo.com,3101323694,CC,,INACTIVO
48764.0,Sofia Torres,luisrojas@gmail.com,abc123,TI,54303104,INACTIVO
,Luis Rojas,carlosgomez@hotmail.com,3102374615,TI,33369944,INACTIVO
48240.0,Maria Lopez,sofiatorres@yahoo.com,abc123,TI,84499334,SUSPENDIDO
,Sofia Torres,juanperez@hotmail.com,3115924376,CC,33187316,SUSPENDIDO
,Sofia Torres,carlosgomez@hotmail.com,3025541145,CE,16236490,SUSPENDIDO
17265.0,Sofia Torres,luisrojas@hotmail.com,3009603420,CC,,INACTIVO
,Sofia Torres,carlosgomez@yahoo.com,3106393683,CE,88513589,SUSPENDIDO
35952.0,Ana Martinez,sofiatorres@hotmail.com,3008479863,TI,34601125,ACTIVO
,Juan Perez,luisrojas@hotmail.com,3112023621,CE,39760493,SUSPENDIDO
93546.0,Maria Lopez,marialopez@hotmail.com,3026809517,TI,,ACTIVO
5576.0,Maria Lopez,,3025985117,CC,44556760,SUSPENDIDO
68125.0,Juan Perez,carlosgomez@yahoo.com,3103483740,CC,,SUSPENDIDO
,Luis Rojas,anamartinez@yahoo.com,3001103873,CE,41587088,INACTIVO
,Maria Lopez,anamartinez@yahoo.com,3018200481,CE,97563053,SUSPENDIDO
36294.0,Sofia Torres,juanperez@hotmail.com,3029443021,CC,59859577,desconocido
,Carlos Gomez,marialopez@hotmail.com,3108257892,CC,77624057,ACTIVO
53556.0,Sofia Torres,juanperez@hotmail.com,3001183934,CC,,SUSPENDIDO
75665.0,Luis Rojas,juanperez@gmail.com,3103665591,CC,32958934,ACTIVO
,Maria Lopez,anamartinez@hotmail.com,3101276633,TI,55581050,SUSPENDIDO
37387.0,Sofia Torres,,3118174777,CC,70137346,SUSPENDIDO
,Sofia Torres,marialopez@hotmail.com,3008706243,CE,92811151,INACTIVO
,Ana Martinez,anamartinez@yahoo.com,3105916181,TI,91118730,INACTIVO
9176.0,Sofia Torres,,3018289772,TI,14641384,SUSPENDIDO
11261.0,Ana Martinez,juanperez@gmail.com,3016474409,CC,,ACTIVO
33475.0,Juan Perez,,3012579415,TI,72869311,INACTIVO
52459.0,Sofia Torres,,3011338643,CE,13793065,ACTIVO
,Sofia Torres,carlosgomez@yahoo.com,3021474995,CE,60662615,INACTIVO
90629.0,Maria Lopez,,3009264850,CE,43321886,SUSPENDIDO
7232.0,Luis Rojas,carlosgomez@gmail.com,3006794216,TI,,INACTIVO
24932.0,Ana Martinez,sofiatorres@gmail.com,3106557285,CE,21994658,INACTIVO
55145.0,Sofia Torres,anamartinez@yahoo.com,3013103380,CE,,ACTIVO
89265.0,Sofia Torres,juanperez@gmail.com,abc123,CC,47408541,ACTIVO
,Ana Martinez,luisrojas@yahoo.com,3109198175,CC,57323803,INACTIVO
14632.0,Sofia Torres,luisrojas@yahoo.com,3004789700,TI,55612350,SUSPENDIDO
88188.0,Juan Perez,marialopez@gmail.com,3008278776,CC,15262469,INACTIVO
38598.0,Luis Rojas,anamartinez@yahoo.com,3106453328,CE,,SUSPENDIDO
55200.0,Luis Rojas,,3017617273,CE,46974755,INACTIVO
59235.0,Luis Rojas,juanperez@yahoo.com,abc123,CC,67469972,SUSPENDIDO
,Juan Perez,carlosgomez@yahoo.com,3005085537,CE,11684712,INACTIVO
14785.0,Luis Rojas,luisrojas@yahoo.com,3009065675,CC,,SUSPENDIDO
73980.0,Luis Rojas,carlosgomez@yahoo.com,abc123,CE,67653992,ACTIVO
29638.0,Carlos Gomez,anamartinez@yahoo.com,3002735440,TI,28925710,desconocido
11997.0,Sofia Torres,anamartinez@yahoo.com,3103455768,CE,24480004,desconocido
6136.0,Maria Lopez,juanperez@yahoo.com,3025402955,TI,,SUSPENDIDO
67076.0,Juan Perez,carlosgomez@gmail.com,3009924385,CE,,SUSPENDIDO
22062.0,Luis Rojas,juanperez@yahoo.com,abc123,CC,70165197,SUSPENDIDO
53885.0,Carlos Gomez,,3027694442,CC,75557152,INACTIVO
91379.0,Maria Lopez,,3111763947,CC,89835739,SUSPENDIDO
,Carlos Gomez,anamartinez@gmail.com,3105664774,TI,46597346,ACTIVO
92019.0,Carlos Gomez,carlosgomez@gmail.com,3027657992,TI,78307171,desconocido
56645.0,Maria Lopez,carlosgomez@hotmail.com,abc123,CC,11748728,INACTIVO
64231.0,Sofia Torres,sofiatorres@yahoo.com,abc123,TI,50007334,INACTIVO
8311.0,Luis Rojas,,3117048762,CE,97446269,INACTIVO
11728.0,Sofia Torres,,3002818942,TI,39254980,INACTIVO
92966.0,Ana Martinez,carlosgomez@gmail.com,abc123,CE,70776144,INACTIVO
49061.0,Juan Perez,carlosgomez@hotmail.com,3101140476,CC,,SUSPENDIDO
,Carlos Gomez,carlosgomez@gmail.com,3103321611,TI,81629381,INACTIVO
33113.0,Maria Lopez,anamartinez@gmail.com,3008996121,CE,,INACTIVO
12949.0,Juan Perez,marialopez@yahoo.com,3018334094,CC,72420147,desconocido
65921.0,Carlos Gomez,,3103725731,CE,21779701,SUSPENDIDO
,Ana Martinez,juanperez@yahoo.com,3117289999,CC,70075414,ACTIVO
20328.0,Luis Rojas,juanperez@hotmail.com,abc123,TI,41059592,INACTIVO
55511.0,Ana Martinez,juanperez@yahoo.com,abc123,TI,86199218,INACTIVO
,Ana Martinez,juanperez@yahoo.com,3025035222,TI,72768414,ACTIVO
24336.0,Carlos Gomez,marialopez@gmail.com,3007487756,CC,,ACTIVO
22545.0,Ana Martinez,anamartinez@yahoo.com,abc123,TI,52770694,SUSPENDIDO
15671.0,Maria Lopez,,3011421303,CE,92557990,ACTIVO
42007.0,Maria Lopez,,3112749416,CC,61714995,SUSPENDIDO
2145.0,Maria Lopez,carlosgomez@hotmail.com,3002660503,CE,42494937,desconocido
21922.0,Luis Rojas,anamartinez@gmail.com,abc123,CC,22108934,ACTIVO
33321.0,Luis Rojas,,3111505907,CE,58945718,INACTIVO
90716.0,Juan Perez,luisrojas@gmail.com,3012652283,CC,,ACTIVO
884.0,Sofia Torres,sofiatorres@hotmail.com,3119641778,TI,,SUSPENDIDO
,Luis Rojas,marialopez@hotmail.com,3001010832,CE,93816243,SUSPENDIDO
77186.0,Luis Rojas,luisrojas@yahoo.com,3114072480,TI,,ACTIVO
59678.0,Luis Rojas,anamartinez@gmail.com,3011664945,CE,,SUSPENDIDO
28830.0,Juan Perez,,3001370293,TI,77108022,INACTIVO
71287.0,Ana Martinez,anamartinez@gmail.com,3106178156,CC,81805721,INACTIVO
46941.0,Juan Perez,,3011596615,CC,68360131,SUSPENDIDO
31468.0,Ana Martinez,sofiatorres@hotmail.com,3007706799,TI,93857452,desconocido
69972.0,Luis Rojas,,3028787978,CC,93436014,ACTIVO
,Carlos Gomez,sofiatorres@yahoo.com,3018423400,CC,50420108,SUSPENDIDO
,Juan Perez,luisrojas@hotmail.com,3111335916,TI,89218313,INACTIVO
87963.0,Maria Lopez,marialopez@hotmail.com,3106219187,CC,,INACTIVO
3114.0,Juan Perez,carlosgomez@hotmail.com,3001481721,CE,,INACTIVO
,Maria Lopez,carlosgomez@gmail.com,3007318788,CE,88818856,ACTIVO
44359.0,Carlos Gomez,juanperez@gmail.com,3007449994,CC,40128877,desconocido
46217.0,Ana Martinez,anamartinez@hotmail.com,abc123,TI,91808259,SUSPENDIDO
24676.0,Juan Perez,carlosgomez@gmail.com,abc123,CC,44867876,INACTIVO
31315.0,Ana Martinez,sofiatorres@gmail.com,3027934673,TI,,ACTIVO
76630.0,Sofia Torres,marialopez@gmail.com,3101907503,TI,59540849,desconocido
99310.0,Maria Lopez,anamartinez@yahoo.com,abc123,CC,33723088,SUSPENDIDO
9178.0,Ana Martinez,juanperez@hotmail.com,3027755298,CE,91660572,SUSPENDIDO
82115.0,Juan Perez,,3013341614,TI,46680119,SUSPENDIDO
98589.0,Luis Rojas,,3022612228,CC,95518200,INACTIVO
27022.0,Carlos Gomez,sofiatorres@hotmail.com,3111711129,TI,53424966,INACTIVO
76085.0,Carlos Gomez,carlosgomez@yahoo.com,3102728763,CC,78680880,desconocido
,Juan Perez,carlosgomez@yahoo.com,3119845947,TI,22642287,ACTIVO
40368.0,Juan Perez,carlosgomez@yahoo.com,3109082593,CE,76073563,desconocido
64650.0,Sofia Torres,,3011334457,TI,92665197,INACTIVO
18329.0,Luis Rojas,juanperez@yahoo.com,abc123,CE,13424817,INACTIVO
,Juan Perez,carlosgomez@gmail.com,3002450871,TI,22482819,ACTIVO
2910.0,Ana Martinez,,3117867562,CE,36760642,ACTIVO
78034.0,Juan Perez,,3025381989,CE,54282320,INACTIVO
17476.0,Luis Rojas,anamartinez@hotmail.com,abc123,TI,35396689,ACTIVO
96180.0,Sofia Torres,,3118390874,CC,94131103,ACTIVO
26137.0,Carlos Gomez,carlosgomez@hotmail.com,abc123,TI,37235088,INACTIVO
35829.0,Ana Martinez,carlosgomez@hotmail.com,3009432353,CC,,ACTIVO
92138.0,Sofia Torres,,3001064117,TI,89242402,INACTIVO
15492.0,Luis Rojas,juanperez@gmail.com,abc123,TI,59917474,INACTIVO
36503.0,Luis Rojas,juanperez@gmail.com,3021351496,TI,46485393,ACTIVO
88668.0,Carlos Gomez,sofiatorres@gmail.com,3023605128,TI,,ACTIVO
71085.0,Ana Martinez,anamartinez@hotmail.com,3025563932,CE,53656367,desconocido
2251.0,Maria Lopez,carlosgomez@hotmail.com,3024364262,CC,39604751,INACTIVO
9980.0,Sofia Torres,anamartinez@yahoo.com,abc123,CE,25791688,ACTIVO
9649.0,Carlos Gomez,carlosgomez@yahoo.com,3118007244,CE,11956798,ACTIVO
62074.0,Carlos Gomez,sofiatorres@hotmail.com,3007856712,CC,96267704,INACTIVO
42081.0,Ana Martinez,sofiatorres@yahoo.com,abc123,TI,90340889,SUSPENDIDO
27566.0,Carlos Gomez,sofiatorres@hotmail.com,abc123,CC,27233641,INACTIVO
18311.0,Carlos Gomez,marialopez@yahoo.com,3104804639,CE,,INACTIVO
37731.0,Juan Perez,,3101239342,TI,51380028,ACTIVO
45128.0,Luis Rojas,luisrojas@gmail.com,abc123,CC,78616317,SUSPENDIDO
59181.0,Sofia Torres,luisrojas@gmail.com,3114984549,CC,,INACTIVO
